url,domain,source_type,used_for,facts_citing,segments
https://en.wikipedia.org/wiki/List_of_members_of_the_18th_Lok_Sabha,en.wikipedia.org,encyclopedia,entity facts | office-holder | relationship,1087,parliament-lok-sabha-members
https://en.wikipedia.org/wiki/List_of_districts_in_India,en.wikipedia.org,encyclopedia,entity facts,788,local-lgd
https://en.wikipedia.org/wiki/Third_Modi_ministry,en.wikipedia.org,encyclopedia,office-holder | relationship,512,council-of-ministers
https://en.wikipedia.org/wiki/List_of_current_members_of_the_Rajya_Sabha,en.wikipedia.org,encyclopedia,entity facts | office-holder | relationship,491,parliament-rajya-sabha
https://en.wikipedia.org/wiki/Uttar_Pradesh_Legislative_Assembly,en.wikipedia.org,encyclopedia,office-holder | entity facts | relationship,407,mlas-up-uk | states-up-uk-hp
https://en.wikipedia.org/wiki/2026_West_Bengal_Legislative_Assembly_election,en.wikipedia.org,encyclopedia,entity facts | office-holder,298,mlas-wb-as-sk | states-wb-as-sk
https://en.wikipedia.org/wiki/18th_West_Bengal_Assembly,en.wikipedia.org,encyclopedia,entity facts | office-holder,295,mlas-wb-as-sk
https://en.wikipedia.org/wiki/15th_Maharashtra_Assembly,en.wikipedia.org,encyclopedia,office-holder,288,mlas-mh-gj-ga
https://en.wikipedia.org/wiki/Bihar_Legislative_Assembly,en.wikipedia.org,encyclopedia,office-holder | entity facts,246,mlas-br-jh-od | states-br-jh-od
https://en.wikipedia.org/wiki/2025_Bihar_Legislative_Assembly_election,en.wikipedia.org,encyclopedia,office-holder | entity facts | relationship,245,mlas-br-jh-od | states-br-jh-od
https://en.wikipedia.org/wiki/2026_Tamil_Nadu_Legislative_Assembly_election,en.wikipedia.org,encyclopedia,entity facts | office-holder | relationship,238,mlas-tn-kl-py | states-tn-kl-py
https://en.wikipedia.org/wiki/Madhya_Pradesh_Legislative_Assembly,en.wikipedia.org,encyclopedia,office-holder | entity facts | relationship,238,mlas-mp-cg-rj | states-mp-cg-rj-r2 | states-mp-cg-rj
https://en.wikipedia.org/wiki/2026-2031_Tamil_Nadu_Legislative_Assembly_By-Polls,en.wikipedia.org,encyclopedia,entity facts | office-holder,235,mlas-tn-kl-py
https://en.wikipedia.org/wiki/List_of_municipal_corporations_in_India,en.wikipedia.org,encyclopedia,entity facts | relationship,229,local-lgd | states-ar-mn-ml | states-ka-ap-tg | states-mh-gj-ga | states-mp-cg-rj-r2 | states-pb-hr-ch-r2 | states-pb-hr-ch | states-up-uk-hp | states-wb-as-sk
https://en.wikipedia.org/wiki/16th_Karnataka_Assembly,en.wikipedia.org,encyclopedia,office-holder,224,mlas-ka-ap-tg
https://lgdirectory.gov.in/,lgdirectory.gov.in,official,entity facts | relationship,217,local-lgd
https://en.wikipedia.org/wiki/Rajasthan_Legislative_Assembly,en.wikipedia.org,encyclopedia,office-holder | entity facts | relationship,208,mlas-mp-cg-rj | states-mp-cg-rj-r2 | states-mp-cg-rj
https://en.wikipedia.org/wiki/15th_Gujarat_Assembly,en.wikipedia.org,encyclopedia,office-holder,182,mlas-mh-gj-ga
https://en.wikipedia.org/wiki/Andhra_Pradesh_Legislative_Assembly,en.wikipedia.org,encyclopedia,office-holder | entity facts | relationship,182,mlas-ka-ap-tg | states-ka-ap-tg
https://en.wikipedia.org/wiki/Mohan_Yadav_ministry,en.wikipedia.org,encyclopedia,entity facts | relationship | office-holder,155,state-depts-mp-cg-rj | states-mp-cg-rj-r2
https://arunachalpradesh.gov.in/government-department.php,arunachalpradesh.gov.in,official,entity facts | official website | relationship,153,state-depts-ar-mn-ml
https://en.wikipedia.org/wiki/Odisha_Legislative_Assembly,en.wikipedia.org,encyclopedia,office-holder | entity facts,150,mlas-br-jh-od | states-br-jh-od
https://en.wikipedia.org/wiki/2024_Odisha_Legislative_Assembly_election,en.wikipedia.org,encyclopedia,office-holder | entity facts | relationship,149,mlas-br-jh-od | states-br-jh-od
https://en.wikipedia.org/wiki/2026_Kerala_Legislative_Assembly_election,en.wikipedia.org,encyclopedia,entity facts | office-holder | relationship,144,mlas-tn-kl-py | states-tn-kl-py
https://meghalaya.gov.in/departments,meghalaya.gov.in,official,entity facts | official website | relationship,144,state-depts-ar-mn-ml
https://en.wikipedia.org/wiki/Kerala_Legislative_Assembly,en.wikipedia.org,encyclopedia,entity facts | office-holder,141,mlas-tn-kl-py
https://en.wikipedia.org/wiki/C._Joseph_Vijay_ministry,en.wikipedia.org,encyclopedia,entity facts | office-holder | relationship,138,states-tn-kl-py
https://en.wikipedia.org/wiki/High_courts_of_India,en.wikipedia.org,encyclopedia,entity facts | relationship,136,judiciary-high-courts
https://ddd.gov.in/ias/,ddd.gov.in,official,official website | office-holder | relationship,134,state-depts-an-ld-dh
https://en.wikipedia.org/wiki/2026_Assam_Legislative_Assembly_election,en.wikipedia.org,encyclopedia,entity facts | office-holder,130,mlas-wb-as-sk | states-wb-as-sk
https://en.wikipedia.org/wiki/16th_Assam_Assembly,en.wikipedia.org,encyclopedia,entity facts | office-holder,127,mlas-wb-as-sk
https://cabsec.gov.in/writereaddata/councilofministers/english/1_Upload_4232.pdf,cabsec.gov.in,official,entity facts | office-holder | relationship,126,ministries-b3 | ministries-c | ministries-d | ministries-e | ministries-f
https://en.wikipedia.org/wiki/Telangana_Legislative_Assembly,en.wikipedia.org,encyclopedia,office-holder | entity facts | relationship,126,mlas-ka-ap-tg | states-ka-ap-tg
https://en.wikipedia.org/wiki/Second_Sarma_ministry,en.wikipedia.org,encyclopedia,entity facts | relationship | office-holder,121,state-depts-wb-as-sk | states-wb-as-sk
https://en.wikipedia.org/wiki/16th_Punjab_Assembly,en.wikipedia.org,encyclopedia,entity facts | office-holder,118,mlas-pb-hr-hp-dl
https://lakshadweep.gov.in/lakshadweep-administration/,lakshadweep.gov.in,official,office-holder | relationship,117,state-depts-an-ld-dh | states-an-ld-dh
https://andamannicobar.gov.in/contact,andamannicobar.gov.in,official,office-holder | relationship,109,state-depts-an-ld-dh
https://kerala.gov.in/appdepartmentdetail/NTI1MzI1LjI0,kerala.gov.in,official,entity facts | official website | relationship,109,state-depts-tn-kl-py
https://kerala.gov.in/subdetail/MTIzOTc2NzU2LjY0/MTk5NjIzNTkuMTI=,kerala.gov.in,official,entity facts | office-holder | relationship,107,state-depts-tn-kl-py
"https://indianrailways.gov.in/railwayboard/view_section.jsp?lang=0&id=0,1,304,365",indianrailways.gov.in,official,entity facts | office-holder | relationship,104,ministries-c
https://en.wikipedia.org/wiki/Bhajan_Lal_Sharma_ministry,en.wikipedia.org,encyclopedia,entity facts | relationship,102,state-depts-mp-cg-rj
https://en.wikipedia.org/wiki/List_of_members_of_the_Uttar_Pradesh_Legislative_Council,en.wikipedia.org,encyclopedia,office-holder,100,mlas-up-uk
https://en.wikipedia.org/wiki/Chhattisgarh_Legislative_Assembly,en.wikipedia.org,encyclopedia,office-holder | entity facts | relationship,98,mlas-mp-cg-rj | states-mp-cg-rj-r2 | states-mp-cg-rj
https://en.wikipedia.org/wiki/Shivakumar_ministry,en.wikipedia.org,encyclopedia,entity facts | office-holder | relationship,96,states-ka-ap-tg
https://py.gov.in/department,py.gov.in,official,entity facts | official website,96,state-depts-tn-kl-py
https://en.wikipedia.org/wiki/15th_Haryana_Assembly,en.wikipedia.org,encyclopedia,entity facts | office-holder,91,mlas-pb-hr-hp-dl
https://en.wikipedia.org/wiki/1st_Jammu_and_Kashmir_Assembly_(union_territory),en.wikipedia.org,encyclopedia,entity facts | office-holder,91,mlas-jk-ar-mn-ml
https://py.gov.in/secretaries,py.gov.in,official,entity facts | office-holder,89,state-depts-tn-kl-py
https://en.wikipedia.org/wiki/Chief_Minister_of_Kerala,en.wikipedia.org,encyclopedia,entity facts | office-holder | relationship,88,states-tn-kl-py
https://en.wikipedia.org/wiki/Jharkhand_Legislative_Assembly,en.wikipedia.org,encyclopedia,office-holder | entity facts,84,mlas-br-jh-od | states-br-jh-od
https://en.wikipedia.org/wiki/Vishnu_Deo_Sai_ministry,en.wikipedia.org,encyclopedia,entity facts | relationship,84,state-depts-mp-cg-rj
https://en.wikipedia.org/wiki/2024_Jharkhand_Legislative_Assembly_election,en.wikipedia.org,encyclopedia,office-holder | entity facts | relationship,83,mlas-br-jh-od | states-br-jh-od
https://en.wikipedia.org/wiki/Rekha_Gupta_ministry,en.wikipedia.org,encyclopedia,entity facts | relationship | office-holder,80,state-depts-dl-jk-la | states-dl-jk-la
https://web.archive.org/web/20241217214047/https://jk.gov.in/jammukashmir/department/,web.archive.org,other,entity facts | relationship,80,state-depts-dl-jk-la
https://en.wikipedia.org/wiki/Bihar_Legislative_Council,en.wikipedia.org,encyclopedia,office-holder | entity facts,79,mlas-br-jh-od | states-br-jh-od
https://en.wikipedia.org/wiki/Karnataka_Legislative_Council,en.wikipedia.org,encyclopedia,office-holder | entity facts,79,mlas-ka-ap-tg | states-ka-ap-tg
https://en.wikipedia.org/wiki/List_of_members_of_the_Maharashtra_Legislative_Council,en.wikipedia.org,encyclopedia,office-holder,78,mlas-mh-gj-ga
https://en.wikipedia.org/wiki/Fourth_N._Chandrababu_Naidu_ministry,en.wikipedia.org,encyclopedia,entity facts | office-holder | relationship,75,states-ka-ap-tg
https://en.wikipedia.org/wiki/List_of_sitting_judges_of_the_high_courts_of_India,en.wikipedia.org,encyclopedia,entity facts | office-holder | relationship,75,judiciary-high-courts
https://en.wikipedia.org/wiki/Uttarakhand_Legislative_Assembly,en.wikipedia.org,encyclopedia,office-holder | entity facts | relationship,75,mlas-up-uk | states-up-uk-hp
https://www.sci.gov.in/chief-justice-judges/,sci.gov.in,official,entity facts | office-holder | relationship,72,judiciary-supreme-court
https://en.wikipedia.org/wiki/8th_Delhi_Assembly,en.wikipedia.org,encyclopedia,entity facts | office-holder,71,mlas-pb-hr-hp-dl
https://en.wikipedia.org/wiki/Choudhary_ministry,en.wikipedia.org,encyclopedia,entity facts | office-holder | relationship,70,states-br-jh-od
https://en.wikipedia.org/wiki/14th_Himachal_Pradesh_Assembly,en.wikipedia.org,encyclopedia,entity facts | office-holder,69,mlas-pb-hr-hp-dl
https://en.wikipedia.org/wiki/Nagaland_Legislative_Assembly,en.wikipedia.org,encyclopedia,entity facts | office-holder | relationship,68,mlas-mz-nl-tr | states-mz-nl-tr
https://www.jharkhand.gov.in/,jharkhand.gov.in,official,official website | entity facts,65,state-depts-br-jh-od
https://en.wikipedia.org/wiki/2023_Tripura_Legislative_Assembly_election,en.wikipedia.org,encyclopedia,entity facts | office-holder,62,mlas-mz-nl-tr | states-mz-nl-tr
https://en.wikipedia.org/wiki/Andhra_Pradesh_Legislative_Council,en.wikipedia.org,encyclopedia,office-holder | entity facts,62,mlas-ka-ap-tg | states-ka-ap-tg
https://ladakh.gov.in/departments/,ladakh.gov.in,official,entity facts | relationship,62,state-depts-dl-jk-la
https://en.wikipedia.org/wiki/11th_Arunachal_Pradesh_Assembly,en.wikipedia.org,encyclopedia,entity facts | office-holder,61,mlas-jk-ar-mn-ml
https://en.wikipedia.org/wiki/11th_Meghalaya_Assembly,en.wikipedia.org,encyclopedia,entity facts | office-holder,61,mlas-jk-ar-mn-ml
https://en.wikipedia.org/wiki/12th_Manipur_Assembly,en.wikipedia.org,encyclopedia,entity facts | office-holder,61,mlas-jk-ar-mn-ml
https://en.wikipedia.org/wiki/13th_Tripura_Assembly,en.wikipedia.org,encyclopedia,entity facts | office-holder,61,mlas-mz-nl-tr
https://en.wikipedia.org/wiki/List_of_by-elections_to_the_Tripura_Legislative_Assembly,en.wikipedia.org,encyclopedia,entity facts | office-holder,61,mlas-mz-nl-tr
https://en.wikipedia.org/wiki/Second_Yogi_Adityanath_ministry,en.wikipedia.org,encyclopedia,entity facts | office-holder | correction,61,states-up-uk-hp | audit-2026-09-25.json
https://sansad.in/ls/committee/other-parliamentary-standing-committees,sansad.in,official,entity facts | official website | office-holder,54,parliament-committees
https://en.wikipedia.org/wiki/Sharma_ministry,en.wikipedia.org,encyclopedia,entity facts | office-holder | relationship,49,states-mp-cg-rj-r2
https://punjab.gov.in/government/whos-who/admin-secretaries/,punjab.gov.in,official,office-holder,49,state-depts-pb-hr-ch
https://en.wikipedia.org/wiki/Revanth_Reddy_ministry,en.wikipedia.org,encyclopedia,entity facts | office-holder | relationship,48,states-ka-ap-tg
https://himachal.nic.in,himachal.nic.in,official,office-holder | official website,48,state-depts-up-uk-hp | states-up-uk-hp
https://en.wikipedia.org/wiki/Mann_ministry,en.wikipedia.org,encyclopedia,entity facts | office-holder | relationship,47,states-pb-hr-ch-r2 | states-pb-hr-ch
https://arunachalpradesh.gov.in/whos-who.php,arunachalpradesh.gov.in,official,office-holder,46,state-depts-ar-mn-ml
https://en.wikipedia.org/wiki/Mizoram_Legislative_Assembly,en.wikipedia.org,encyclopedia,entity facts | office-holder | relationship,46,mlas-mz-nl-tr | states-mz-nl-tr
https://meghalaya.gov.in/ias,meghalaya.gov.in,official,office-holder,45,state-depts-ar-mn-ml
https://en.wikipedia.org/wiki/Telangana_Legislative_Council,en.wikipedia.org,encyclopedia,office-holder | entity facts,44,mlas-ka-ap-tg | states-ka-ap-tg
https://en.wikipedia.org/wiki/Suvendu_Adhikari_ministry,en.wikipedia.org,encyclopedia,entity facts | office-holder | relationship,43,states-wb-as-sk
https://en.wikipedia.org/wiki/Third_Fadnavis_ministry,en.wikipedia.org,encyclopedia,entity facts | office-holder,42,states-mh-gj-ga
https://tripura.gov.in/senior-officers-administration,tripura.gov.in,official,office-holder,42,state-depts-mz-nl-tr
https://chandigarh.gov.in/other-departments,chandigarh.gov.in,official,entity facts | official website,41,state-depts-pb-hr-ch
https://www.telangana.gov.in/departments/,telangana.gov.in,official,entity facts,41,state-depts-ka-ap-tg
https://en.wikipedia.org/wiki/8th_Goa_Assembly,en.wikipedia.org,encyclopedia,office-holder,40,mlas-mh-gj-ga
https://ddd.gov.in/secretariat/,ddd.gov.in,official,office-holder,38,state-depts-an-ld-dh
https://en.wikipedia.org/wiki/Puducherry_Legislative_Assembly,en.wikipedia.org,encyclopedia,entity facts | office-holder | relationship,38,mlas-tn-kl-py | states-tn-kl-py
https://en.wikipedia.org/wiki/2026_Puducherry_Legislative_Assembly_election,en.wikipedia.org,encyclopedia,entity facts | office-holder | relationship,37,mlas-tn-kl-py | states-tn-kl-py
https://en.wikipedia.org/wiki/Sikkim_Legislative_Assembly,en.wikipedia.org,encyclopedia,entity facts | office-holder,37,mlas-wb-as-sk | states-wb-as-sk
https://nagaland.gov.in/ahods,nagaland.gov.in,official,office-holder,37,state-depts-mz-nl-tr
https://www.legislative.gov.in/constitution-of-india,legislative.gov.in,official,legal basis | entity facts | office-holder | relationship,36,constitutional-bodies-r2 | constitutional-bodies
https://chandigarh.gov.in/whos-who,chandigarh.gov.in,official,office-holder,35,state-depts-pb-hr-ch
https://mahitikanaja.karnataka.gov.in/Department,mahitikanaja.karnataka.gov.in,official,entity facts,35,state-depts-ka-ap-tg
https://en.wikipedia.org/wiki/16th_Puducherry_Assembly,en.wikipedia.org,encyclopedia,entity facts | office-holder,34,mlas-tn-kl-py
https://en.wikipedia.org/wiki/List_of_urban_local_bodies_in_Uttar_Pradesh,en.wikipedia.org,encyclopedia,entity facts | office-holder,34,states-up-uk-hp
https://en.wikipedia.org/wiki/2024_Sikkim_Legislative_Assembly_election,en.wikipedia.org,encyclopedia,entity facts | office-holder,33,mlas-wb-as-sk
https://en.wikipedia.org/wiki/Majhi_ministry,en.wikipedia.org,encyclopedia,entity facts | office-holder | relationship,33,states-br-jh-od
https://en.wikipedia.org/wiki/Sixth_Schedule_to_the_Constitution_of_India,en.wikipedia.org,encyclopedia,entity facts | legal basis | relationship,33,local-lgd | states-ar-mn-ml
https://goir.ap.gov.in/,goir.ap.gov.in,official,entity facts,33,state-depts-ka-ap-tg
https://www.mha.gov.in/en,mha.gov.in,official,entity facts | relationship,33,ministries-b1
https://en.wikipedia.org/wiki/Nayab_Singh_Saini,en.wikipedia.org,encyclopedia,office-holder reference | entity facts | office-holder | relationship,32,mlas-pb-hr-hp-dl | states-pb-hr-ch-r2 | states-pb-hr-ch
https://sansad.in/ls/committee/departmentally-related-standing-committees,sansad.in,official,entity facts | official website,32,parliament-committees
https://en.wikipedia.org/wiki/Sai_ministry,en.wikipedia.org,encyclopedia,entity facts | office-holder | relationship,29,states-mp-cg-rj-r2
https://en.wikipedia.org/wiki/All_India_Institutes_of_Medical_Sciences,en.wikipedia.org,encyclopedia,entity facts,27,ministries-f
https://en.wikipedia.org/wiki/Haryana_Legislative_Assembly,en.wikipedia.org,encyclopedia,entity facts | office-holder | relationship,27,states-pb-hr-ch-r2 | states-pb-hr-ch
https://en.wikipedia.org/wiki/Punjab_Legislative_Assembly,en.wikipedia.org,encyclopedia,entity facts | office-holder | relationship,27,states-pb-hr-ch-r2 | states-pb-hr-ch
https://doj.gov.in/vacancy-position/,doj.gov.in,official,entity facts,25,judiciary-high-courts
https://en.wikipedia.org/wiki/Fifth_Rio_ministry,en.wikipedia.org,encyclopedia,entity facts | office-holder | relationship | correction,25,states-mz-nl-tr | audit-2026-09-25.json
https://en.wikipedia.org/wiki/List_of_current_Indian_chief_justices,en.wikipedia.org,encyclopedia,office-holder,25,judiciary-high-courts
https://en.wikipedia.org/wiki/List_of_municipal_corporations_in_Tamil_Nadu,en.wikipedia.org,encyclopedia,entity facts,25,states-tn-kl-py
https://njdg.ecourts.gov.in/,njdg.ecourts.gov.in,official,entity facts,25,judiciary-high-courts
https://prsindia.org/parliamentary-committees/estimates,prsindia.org,press / analysis,entity facts | official website | office-holder | relationship,25,parliament-committees
https://www.doj.gov.in/static/uploads/2026/07/b18601168f894d13fdde14296d79e6b3.pdf,doj.gov.in,official,entity facts,25,judiciary-high-courts
https://en.wikipedia.org/wiki/Government_of_Gujarat,en.wikipedia.org,encyclopedia,entity facts | office-holder,24,states-mh-gj-ga
https://en.wikipedia.org/wiki/Lalduhoma_ministry,en.wikipedia.org,encyclopedia,entity facts | office-holder | relationship,24,states-mz-nl-tr
https://en.wikipedia.org/wiki/Second_Saha_ministry,en.wikipedia.org,encyclopedia,entity facts | office-holder | relationship,24,states-mz-nl-tr
https://integration.rajyasabha.digital/committee-integration/api/v1/web/GetCommitteeChairman,integration.rajyasabha.digital,other,entity facts | office-holder,24,parliament-committees
https://integration.rajyasabha.digital/committee-integration/api/v1/web/GetMastercommittee?catid=1,integration.rajyasabha.digital,other,entity facts | office-holder,24,parliament-committees
"https://en.wikipedia.org/wiki/Major_Port_Authorities_Act,_2021",en.wikipedia.org,encyclopedia,entity facts | office-holder,22,ministries-c
https://ap.gov.in,ap.gov.in,official,official website,21,state-depts-ka-ap-tg
https://en.wikipedia.org/wiki/Fifth_Rangaswamy_ministry,en.wikipedia.org,encyclopedia,entity facts | office-holder | relationship,21,states-tn-kl-py
https://en.wikipedia.org/wiki/Fourth_Hemant_Soren_ministry,en.wikipedia.org,encyclopedia,entity facts | office-holder | relationship,21,states-br-jh-od
https://en.wikipedia.org/wiki/Lokayukta,en.wikipedia.org,encyclopedia,entity facts | office-holder,21,states-ar-mn-ml | states-mh-gj-ga | states-mp-cg-rj-r2 | states-pb-hr-ch-r2 | states-tn-kl-py
https://en.wikipedia.org/wiki/Indian_Railways_organisational_structure,en.wikipedia.org,encyclopedia,entity facts | office-holder,20,ministries-c
https://karnataka.gov.in,karnataka.gov.in,official,official website | entity facts,20,state-depts-ka-ap-tg | states-ka-ap-tg
https://ppac.gov.in/governing-body,ppac.gov.in,official,entity facts | office-holder | relationship,19,ministries-d
https://en.wikipedia.org/wiki/Government_of_Bihar,en.wikipedia.org,encyclopedia,entity facts | office-holder | relationship,18,state-depts-br-jh-od | states-br-jh-od
https://en.wikipedia.org/wiki/Election_Commission_of_India,en.wikipedia.org,encyclopedia,entity facts | office-holder | relationship,17,constitutional-bodies-r2 | constitutional-bodies
https://en.wikipedia.org/wiki/List_of_municipal_corporations_in_Andhra_Pradesh,en.wikipedia.org,encyclopedia,entity facts,17,states-ka-ap-tg
https://en.wikipedia.org/wiki/Cabinet_Committee_(India),en.wikipedia.org,encyclopedia,entity facts | relationship,16,core-apex
https://en.wikipedia.org/wiki/Government_of_Punjab,en.wikipedia.org,encyclopedia,entity facts | relationship,16,states-pb-hr-ch
https://en.wikipedia.org/wiki/Indian_Air_Force,en.wikipedia.org,encyclopedia,entity facts | office-holder,16,ministries-b2
https://en.wikipedia.org/wiki/Sixteenth_Finance_Commission,en.wikipedia.org,encyclopedia,entity facts | office-holder | relationship,16,constitutional-bodies-r2 | constitutional-bodies
https://sansad.in/rs/committees/departmentally-related-standing-committees,sansad.in,official,entity facts | official website,16,parliament-committees
https://cag.gov.in,cag.gov.in,official,entity facts | official website | office-holder | relationship,15,constitutional-bodies-r2 | constitutional-bodies
https://en.wikipedia.org/wiki/Government_of_Haryana,en.wikipedia.org,encyclopedia,entity facts | office-holder | relationship,15,states-pb-hr-ch-r2 | states-pb-hr-ch
https://en.wikipedia.org/wiki/Second_Saini_ministry,en.wikipedia.org,encyclopedia,entity facts | office-holder,15,states-pb-hr-ch-r2
https://manipur.gov.in/?page_id=15784,manipur.gov.in,official,entity facts | official website | relationship,15,state-depts-ar-mn-ml
https://drdo.gov.in/drdo/en/organisation/technology-cluster,drdo.gov.in,official,entity facts | official website,14,ministries-b2
https://en.wikipedia.org/wiki/Fifth_Pema_Khandu_ministry,en.wikipedia.org,encyclopedia,entity facts | office-holder | relationship,14,states-ar-mn-ml
https://en.wikipedia.org/wiki/Second_Conrad_Sangma_ministry,en.wikipedia.org,encyclopedia,entity facts | office-holder | relationship,14,states-ar-mn-ml
https://en.wikipedia.org/wiki/Second_Tamang_ministry,en.wikipedia.org,encyclopedia,entity facts | office-holder | relationship,14,states-wb-as-sk
https://haryanacmoffice.gov.in/administrative-secretaries,haryanacmoffice.gov.in,official,office-holder,14,state-depts-pb-hr-ch
https://www.isro.gov.in,isro.gov.in,official,entity facts | official website | office-holder,14,ministries-d
https://en.wikipedia.org/wiki/Constitution_of_India,en.wikipedia.org,encyclopedia,entity facts | relationship,13,core-apex
https://en.wikipedia.org/wiki/Government_of_Goa,en.wikipedia.org,encyclopedia,entity facts | office-holder,13,states-mh-gj-ga
https://en.wikipedia.org/wiki/Narendra_Modi,en.wikipedia.org,encyclopedia,office-holder reference | office-holder,13,core-apex | council-of-ministers | ministries-b1 | ministries-b3 | parliament-lok-sabha-members | parliament-lok-sabha
https://en.wikipedia.org/wiki/Union_Public_Service_Commission,en.wikipedia.org,encyclopedia,entity facts | office-holder | relationship,13,constitutional-bodies-r2 | constitutional-bodies
https://www.indiatvnews.com/web-stories/news/what-is-cabinet-committee-on-security-and-who-are-its-members-2025-04-23-986902,indiatvnews.com,other,entity facts | relationship,13,core-apex
https://cic.gov.in/cic-profile,cic.gov.in,official,entity facts | office-holder,12,regulators
https://en.wikipedia.org/wiki/Government_of_Odisha,en.wikipedia.org,encyclopedia,entity facts | office-holder | relationship,12,state-depts-br-jh-od | states-br-jh-od
https://en.wikipedia.org/wiki/Jitendra_Singh,en.wikipedia.org,encyclopedia,office-holder | office-holder reference,12,council-of-ministers
https://en.wikipedia.org/wiki/List_of_municipal_corporations_in_Telangana,en.wikipedia.org,encyclopedia,entity facts,12,states-ka-ap-tg
https://en.wikipedia.org/wiki/National_Commission_for_Scheduled_Tribes,en.wikipedia.org,encyclopedia,entity facts | office-holder | relationship,12,constitutional-bodies-r2 | constitutional-bodies
https://en.wikipedia.org/wiki/Second_Dhami_ministry,en.wikipedia.org,encyclopedia,entity facts | office-holder,12,states-up-uk-hp
https://sansad.in/rs/committees/standing-committees,sansad.in,official,official website,12,parliament-committees
https://www.sarkaritel.com/secretaries-to-government-of-india/,sarkaritel.com,other,office-holder,12,ministries-f
https://en.wikipedia.org/wiki/Chandigarh_Administration,en.wikipedia.org,encyclopedia,entity facts | office-holder | relationship,11,states-pb-hr-ch-r2 | states-pb-hr-ch
https://en.wikipedia.org/wiki/Department_of_Biotechnology,en.wikipedia.org,encyclopedia,entity facts | office-holder,11,ministries-g
https://en.wikipedia.org/wiki/List_of_committees_of_the_Parliament_of_India,en.wikipedia.org,encyclopedia,entity facts | office-holder,11,parliament-committees
https://en.wikipedia.org/wiki/List_of_municipal_corporations_in_Uttarakhand,en.wikipedia.org,encyclopedia,entity facts,11,states-up-uk-hp
https://en.wikipedia.org/wiki/NITI_Aayog,en.wikipedia.org,encyclopedia,entity facts | office-holder | relationship,11,core-apex
https://en.wikipedia.org/wiki/Sukhu_ministry,en.wikipedia.org,encyclopedia,entity facts | office-holder,11,states-up-uk-hp
https://en.wikipedia.org/wiki/Coal_India,en.wikipedia.org,encyclopedia,entity facts | office-holder,10,ministries-d
https://en.wikipedia.org/wiki/Jammu_and_Kashmir_Legislative_Assembly,en.wikipedia.org,encyclopedia,entity facts | office-holder | correction,10,mlas-jk-ar-mn-ml | states-dl-jk-la | 2026-09-25-jk-assembly-seats-count.json
https://en.wikipedia.org/wiki/Ministry_of_Housing_and_Urban_Affairs,en.wikipedia.org,encyclopedia,entity facts | office-holder | relationship,10,ministries-c
https://en.wikipedia.org/wiki/National_Commission_for_Backward_Classes,en.wikipedia.org,encyclopedia,entity facts | office-holder | relationship,10,constitutional-bodies-r2 | constitutional-bodies
https://en.wikipedia.org/wiki/National_Commission_for_Scheduled_Castes,en.wikipedia.org,encyclopedia,entity facts | office-holder | relationship,10,constitutional-bodies-r2 | constitutional-bodies
https://en.wikipedia.org/wiki/Pralhad_Joshi,en.wikipedia.org,encyclopedia,office-holder | office-holder reference,10,council-of-ministers | ministries-e | ministries-f | parliament-lok-sabha-members
https://en.wikipedia.org/wiki/Zonal_council,en.wikipedia.org,encyclopedia,entity facts | relationship,10,core-apex
https://ibbi.gov.in/about/governing-board,ibbi.gov.in,official,entity facts | office-holder,10,regulators
https://www.coalindia.in,coalindia.in,other,entity facts | official website | relationship,10,ministries-d
https://andamannicobar.gov.in,andamannicobar.gov.in,official,entity facts | official website | office-holder | relationship,9,states-an-ld-dh
https://en.wikipedia.org/wiki/18th_Lok_Sabha,en.wikipedia.org,encyclopedia,entity facts | office-holder | relationship,9,parliament-lok-sabha
https://en.wikipedia.org/wiki/Amit_Shah,en.wikipedia.org,encyclopedia,office-holder | office-holder reference,9,council-of-ministers | ministries-b1 | ministries-b3 | parliament-lok-sabha-members
https://en.wikipedia.org/wiki/Command_(Indian_Army),en.wikipedia.org,encyclopedia,entity facts | office-holder,9,ministries-b2
https://en.wikipedia.org/wiki/Government_of_Jharkhand,en.wikipedia.org,encyclopedia,entity facts | office-holder | relationship,9,state-depts-br-jh-od | states-br-jh-od
https://en.wikipedia.org/wiki/Lokpal,en.wikipedia.org,encyclopedia,entity facts | office-holder,9,regulators
https://en.wikipedia.org/wiki/Manipur_Legislative_Assembly,en.wikipedia.org,encyclopedia,entity facts | office-holder | relationship,9,mlas-jk-ar-mn-ml | states-ar-mn-ml
https://en.wikipedia.org/wiki/Ministry_of_Home_Affairs_(India),en.wikipedia.org,encyclopedia,entity facts | office-holder,9,ministries-b1
https://en.wikipedia.org/wiki/Ministry_of_Law_and_Justice_(India),en.wikipedia.org,encyclopedia,entity facts | office-holder | relationship,9,ministries-b3
https://en.wikipedia.org/wiki/Supreme_Court_of_India,en.wikipedia.org,encyclopedia,entity facts | legal basis | relationship,9,judiciary-supreme-court
https://indianarmy.nic.in,indianarmy.nic.in,official,official website,9,ministries-b2
https://mod.gov.in,mod.gov.in,official,official website,9,ministries-b2
https://www.mha.gov.in,mha.gov.in,official,official website,9,ministries-b1
https://www.thehindu.com,thehindu.com,press / analysis,office-holder,9,judiciary-high-courts | ministries-d
https://dahd.gov.in,dahd.gov.in,official,entity facts | official website,8,ministries-e
https://ddd.gov.in,ddd.gov.in,official,entity facts | official website | office-holder | relationship,8,states-an-ld-dh
https://en.wikipedia.org/wiki/Arjun_Ram_Meghwal,en.wikipedia.org,encyclopedia,office-holder | office-holder reference,8,council-of-ministers | ministries-b3 | parliament-lok-sabha-members
https://en.wikipedia.org/wiki/C._P._Radhakrishnan,en.wikipedia.org,encyclopedia,office-holder | office-holder reference,8,core-apex | ministries-b3 | parliament-committees | parliament-rajya-sabha
https://en.wikipedia.org/wiki/Category:Municipal_corporations_in_Gujarat,en.wikipedia.org,encyclopedia,entity facts,8,states-mh-gj-ga
https://en.wikipedia.org/wiki/Comptroller_and_Auditor_General_of_India,en.wikipedia.org,encyclopedia,entity facts | office-holder | relationship,8,constitutional-bodies-r2 | constitutional-bodies
https://en.wikipedia.org/wiki/J._P._Nadda,en.wikipedia.org,encyclopedia,office-holder | office-holder reference,8,council-of-ministers | ministries-e | ministries-f | parliament-rajya-sabha
https://en.wikipedia.org/wiki/Kiren_Rijiju,en.wikipedia.org,encyclopedia,office-holder | office-holder reference,8,council-of-ministers | ministries-b3 | ministries-f | parliament-lok-sabha-members
https://en.wikipedia.org/wiki/Meghalaya_Legislative_Assembly,en.wikipedia.org,encyclopedia,entity facts | office-holder | relationship,8,mlas-jk-ar-mn-ml | states-ar-mn-ml
https://en.wikipedia.org/wiki/Prataprao_Jadhav,en.wikipedia.org,encyclopedia,office-holder | office-holder reference,8,council-of-ministers | ministries-f | parliament-lok-sabha-members
https://en.wikipedia.org/wiki/Rao_Inderjit_Singh,en.wikipedia.org,encyclopedia,office-holder | office-holder reference,8,council-of-ministers | parliament-lok-sabha-members
https://fincomindia.nic.in/,fincomindia.nic.in,official,entity facts | office-holder | relationship,8,constitutional-bodies-r2
https://indianairforce.nic.in,indianairforce.nic.in,official,official website,8,ministries-b2
https://irdai.gov.in/chairman-and-members-of-authority,irdai.gov.in,official,entity facts | office-holder,8,regulators
https://ayush.gov.in,ayush.gov.in,official,entity facts | official website,7,ministries-f
https://chandigarh.gov.in/who-who,chandigarh.gov.in,official,entity facts | official website | office-holder,7,state-depts-pb-hr-ch
https://en.wikipedia.org/wiki/Anupriya_Patel,en.wikipedia.org,encyclopedia,office-holder | office-holder reference,7,council-of-ministers | ministries-f | parliament-lok-sabha-members
https://en.wikipedia.org/wiki/Ashwini_Vaishnaw,en.wikipedia.org,encyclopedia,office-holder | office-holder reference,7,council-of-ministers | parliament-rajya-sabha
https://en.wikipedia.org/wiki/Chandigarh,en.wikipedia.org,encyclopedia,entity facts | office-holder | relationship,7,states-pb-hr-ch-r2 | states-pb-hr-ch
https://en.wikipedia.org/wiki/Chandra_Sekhar_Pemmasani,en.wikipedia.org,encyclopedia,office-holder | office-holder reference,7,council-of-ministers | ministries-e | parliament-lok-sabha-members
https://en.wikipedia.org/wiki/Jayant_Chaudhary,en.wikipedia.org,encyclopedia,office-holder | office-holder reference,7,council-of-ministers | ministries-f | parliament-rajya-sabha
https://en.wikipedia.org/wiki/Karnataka_Legislative_Assembly,en.wikipedia.org,encyclopedia,entity facts | office-holder | relationship,7,states-ka-ap-tg
https://en.wikipedia.org/wiki/Kirti_Vardhan_Singh,en.wikipedia.org,encyclopedia,office-holder | office-holder reference,7,council-of-ministers | ministries-b3 | parliament-lok-sabha-members
https://en.wikipedia.org/wiki/Lakshadweep,en.wikipedia.org,encyclopedia,entity facts | relationship,7,local-lgd | states-an-ld-dh
https://en.wikipedia.org/wiki/Mansukh_Mandaviya,en.wikipedia.org,encyclopedia,office-holder | office-holder reference,7,council-of-ministers | ministries-f | parliament-lok-sabha-members
https://en.wikipedia.org/wiki/Rajya_Sabha,en.wikipedia.org,encyclopedia,entity facts | office-holder | relationship,7,parliament-rajya-sabha | states-br-jh-od
https://en.wikipedia.org/wiki/Second_Omar_Abdullah_ministry,en.wikipedia.org,encyclopedia,entity facts | office-holder,7,states-dl-jk-la
https://en.wikipedia.org/wiki/Sukanta_Majumdar,en.wikipedia.org,encyclopedia,office-holder | office-holder reference,7,council-of-ministers | ministries-f | parliament-lok-sabha-members
https://en.wikipedia.org/wiki/Yumnam_Khemchand_Singh_ministry,en.wikipedia.org,encyclopedia,entity facts | office-holder | relationship,7,states-ar-mn-ml
https://energy.economictimes.indiatimes.com,energy.economictimes.indiatimes.com,press / analysis,office-holder,7,ministries-d
https://prsindia.org/parliamentary-committees/transport-culture-and-tourism,prsindia.org,press / analysis,entity facts | office-holder | relationship,7,parliament-committees
https://rural.gov.in,rural.gov.in,official,entity facts | official website,7,ministries-e
https://www.pfrda.org.in/about-us/authority/about-authority,pfrda.org.in,other,entity facts | office-holder,7,regulators
https://commerce.gov.in,commerce.gov.in,official,entity facts | official website,6,ministries-a
https://consumeraffairs.nic.in,consumeraffairs.nic.in,official,entity facts | official website,6,ministries-e
https://eci.gov.in,eci.gov.in,official,entity facts | official website | office-holder,6,constitutional-bodies | core-apex
https://en.wikipedia.org/wiki/Arunachal_Pradesh_Legislative_Assembly,en.wikipedia.org,encyclopedia,entity facts | office-holder | relationship,6,states-ar-mn-ml
https://en.wikipedia.org/wiki/Assam_Legislative_Assembly,en.wikipedia.org,encyclopedia,entity facts | office-holder | relationship,6,states-wb-as-sk
https://en.wikipedia.org/wiki/Bandi_Sanjay_Kumar,en.wikipedia.org,encyclopedia,office-holder | office-holder reference,6,council-of-ministers | ministries-b1 | parliament-lok-sabha-members
https://en.wikipedia.org/wiki/Banwari_Lal_Verma,en.wikipedia.org,encyclopedia,office-holder | office-holder reference,6,council-of-ministers | ministries-e | parliament-rajya-sabha
https://en.wikipedia.org/wiki/Bhagwant_Mann,en.wikipedia.org,encyclopedia,office-holder reference | entity facts | office-holder | relationship,6,mlas-pb-hr-hp-dl | states-pb-hr-ch-r2 | states-pb-hr-ch
https://en.wikipedia.org/wiki/Bhupathi_Raju_Srinivasa_Varma,en.wikipedia.org,encyclopedia,office-holder | office-holder reference,6,council-of-ministers | parliament-lok-sabha-members
https://en.wikipedia.org/wiki/Cabinet_Secretariat_(India),en.wikipedia.org,encyclopedia,entity facts | office-holder | relationship,6,core-apex
https://en.wikipedia.org/wiki/Chhattisgarh,en.wikipedia.org,encyclopedia,entity facts | office-holder,6,states-mp-cg-rj-r2 | states-mp-cg-rj
https://en.wikipedia.org/wiki/G._Kishan_Reddy,en.wikipedia.org,encyclopedia,office-holder | office-holder reference,6,council-of-ministers | parliament-lok-sabha-members
https://en.wikipedia.org/wiki/Gajendra_Singh_Shekhawat,en.wikipedia.org,encyclopedia,office-holder | office-holder reference,6,council-of-ministers | parliament-lok-sabha-members
https://en.wikipedia.org/wiki/H._D._Kumaraswamy,en.wikipedia.org,encyclopedia,office-holder | office-holder reference,6,council-of-ministers | parliament-lok-sabha-members
https://en.wikipedia.org/wiki/Harsh_Malhotra,en.wikipedia.org,encyclopedia,office-holder | office-holder reference,6,council-of-ministers | parliament-lok-sabha-members
https://en.wikipedia.org/wiki/Jitin_Prasada,en.wikipedia.org,encyclopedia,office-holder | office-holder reference,6,council-of-ministers | parliament-lok-sabha-members
https://en.wikipedia.org/wiki/Jyotiraditya_Scindia,en.wikipedia.org,encyclopedia,office-holder | office-holder reference,6,council-of-ministers | parliament-lok-sabha-members
https://en.wikipedia.org/wiki/List_of_municipal_corporations_in_Kerala,en.wikipedia.org,encyclopedia,entity facts,6,states-tn-kl-py
https://en.wikipedia.org/wiki/List_of_serving_generals_of_the_Indian_Army,en.wikipedia.org,encyclopedia,office-holder,6,ministries-b2
https://en.wikipedia.org/wiki/List_of_states_and_union_territories_of_India_by_population,en.wikipedia.org,encyclopedia,entity facts,6,states-mp-cg-rj
https://en.wikipedia.org/wiki/Manohar_Lal_Khattar,en.wikipedia.org,encyclopedia,office-holder | office-holder reference,6,council-of-ministers | parliament-lok-sabha-members
https://en.wikipedia.org/wiki/Monetary_Policy_Committee_(India),en.wikipedia.org,encyclopedia,entity facts | office-holder,6,regulators
https://en.wikipedia.org/wiki/Murlidhar_Mohol,en.wikipedia.org,encyclopedia,office-holder | office-holder reference,6,council-of-ministers | parliament-lok-sabha-members
https://en.wikipedia.org/wiki/National_Human_Rights_Commission_of_India,en.wikipedia.org,encyclopedia,entity facts | office-holder,6,states-ar-mn-ml
https://en.wikipedia.org/wiki/Nityanand_Rai,en.wikipedia.org,encyclopedia,office-holder | office-holder reference,6,council-of-ministers | ministries-b1 | parliament-lok-sabha-members
https://en.wikipedia.org/wiki/Om_Birla,en.wikipedia.org,encyclopedia,office-holder reference | office-holder,6,parliament-committees | parliament-lok-sabha-members | parliament-lok-sabha
https://en.wikipedia.org/wiki/Pabitra_Margherita,en.wikipedia.org,encyclopedia,office-holder | office-holder reference,6,council-of-ministers | ministries-b3 | parliament-rajya-sabha
https://en.wikipedia.org/wiki/Petroleum_and_Natural_Gas_Regulatory_Board,en.wikipedia.org,encyclopedia,entity facts | office-holder,6,regulators
https://en.wikipedia.org/wiki/Puducherry_(union_territory),en.wikipedia.org,encyclopedia,entity facts,6,states-tn-kl-py
https://en.wikipedia.org/wiki/Securities_and_Exchange_Board_of_India,en.wikipedia.org,encyclopedia,entity facts | office-holder,6,regulators
https://en.wikipedia.org/wiki/Shivraj_Singh_Chouhan,en.wikipedia.org,encyclopedia,office-holder | office-holder reference,6,council-of-ministers | ministries-e
https://en.wikipedia.org/wiki/Shobha_Karandlaje,en.wikipedia.org,encyclopedia,office-holder | office-holder reference,6,council-of-ministers | parliament-lok-sabha-members
https://en.wikipedia.org/wiki/Suresh_Gopi,en.wikipedia.org,encyclopedia,office-holder | office-holder reference,6,council-of-ministers | parliament-lok-sabha-members
https://en.wikipedia.org/wiki/V._Somanna,en.wikipedia.org,encyclopedia,office-holder | office-holder reference,6,council-of-ministers | parliament-lok-sabha-members
https://lakshadweep.gov.in,lakshadweep.gov.in,official,entity facts | official website | office-holder | relationship,6,states-an-ld-dh
https://mines.gov.in,mines.gov.in,official,entity facts | official website | office-holder,6,ministries-d
https://mospi.gov.in,mospi.gov.in,official,entity facts | official website | office-holder,6,ministries-a
https://pib.gov.in,pib.gov.in,official,office-holder | official website,6,ministries-d | ministries-g
https://prsindia.org/parliamentary-committees/agriculture,prsindia.org,press / analysis,entity facts | office-holder | relationship,6,parliament-committees
https://prsindia.org/parliamentary-committees/finance,prsindia.org,press / analysis,entity facts | office-holder | relationship,6,parliament-committees
https://rajyasabha.nic.in,rajyasabha.nic.in,official,entity facts | official website | relationship,6,parliament-rajya-sabha
https://www.barandbench.com/news/law-policy/tushar-mehta-re-appointed-solicitor-general-for-three-years-five-asgs-for-supreme-court-re-appointed,barandbench.com,press / analysis,office-holder,6,core-apex
https://www.eci.gov.in,eci.gov.in,official,entity facts | official website | office-holder | relationship,6,constitutional-bodies-r2
https://www.mofpi.gov.in,mofpi.gov.in,official,entity facts | official website,6,ministries-e
https://www.nabard.org/team.aspx?id=9,nabard.org,other,entity facts | office-holder,6,regulators
https://www.nhb.org.in/about-us/board-of-directors/,nhb.org.in,other,entity facts | office-holder,6,regulators
https://www.trai.gov.in/about-us/whos-who,trai.gov.in,official,entity facts | office-holder,6,regulators
https://cooperation.gov.in,cooperation.gov.in,official,official website | entity facts,5,ministries-b3
https://dfpd.gov.in,dfpd.gov.in,official,entity facts | official website,5,ministries-e
https://doj.gov.in,doj.gov.in,official,official website | entity facts,5,ministries-b3
https://ecommitteesci.gov.in/administrative-setup/,ecommitteesci.gov.in,official,entity facts | office-holder | relationship,5,judiciary-supreme-court
https://egov.eletsonline.com,egov.eletsonline.com,other,office-holder,5,ministries-d
https://en.wikipedia.org/wiki/Andhra_Pradesh,en.wikipedia.org,encyclopedia,entity facts | office-holder,5,states-ka-ap-tg
https://en.wikipedia.org/wiki/Annpurna_Devi,en.wikipedia.org,encyclopedia,office-holder | office-holder reference,5,council-of-ministers | ministries-f | parliament-lok-sabha-members
https://en.wikipedia.org/wiki/Bhajan_Lal_Sharma,en.wikipedia.org,encyclopedia,office-holder reference | entity facts | office-holder,5,mlas-mp-cg-rj | states-mp-cg-rj-r2 | states-mp-cg-rj
https://en.wikipedia.org/wiki/Chief_secretary_(India),en.wikipedia.org,encyclopedia,office-holder | relationship,5,states-wb-as-sk
https://en.wikipedia.org/wiki/Chirag_Paswan,en.wikipedia.org,encyclopedia,office-holder | office-holder reference,5,council-of-ministers | ministries-e | parliament-lok-sabha-members
https://en.wikipedia.org/wiki/Harivansh_Narayan_Singh,en.wikipedia.org,encyclopedia,office-holder reference | office-holder,5,parliament-committees | parliament-rajya-sabha
https://en.wikipedia.org/wiki/Haryana_Public_Service_Commission,en.wikipedia.org,encyclopedia,entity facts | office-holder | relationship,5,states-pb-hr-ch-r2 | states-pb-hr-ch
https://en.wikipedia.org/wiki/Himachal_Pradesh_Legislative_Assembly,en.wikipedia.org,encyclopedia,entity facts | office-holder | relationship,5,states-up-uk-hp
https://en.wikipedia.org/wiki/Indian_Navy,en.wikipedia.org,encyclopedia,entity facts | office-holder,5,ministries-b2
https://en.wikipedia.org/wiki/Jual_Oram,en.wikipedia.org,encyclopedia,office-holder | office-holder reference,5,council-of-ministers | ministries-f | parliament-lok-sabha-members
https://en.wikipedia.org/wiki/Karnataka,en.wikipedia.org,encyclopedia,entity facts | office-holder,5,states-ka-ap-tg
https://en.wikipedia.org/wiki/L._Murugan,en.wikipedia.org,encyclopedia,office-holder | office-holder reference,5,council-of-ministers | parliament-rajya-sabha
https://en.wikipedia.org/wiki/Madhya_Pradesh,en.wikipedia.org,encyclopedia,entity facts | office-holder,5,states-mp-cg-rj-r2 | states-mp-cg-rj
https://en.wikipedia.org/wiki/Ministry_of_External_Affairs_(India),en.wikipedia.org,encyclopedia,entity facts | office-holder,5,ministries-b3
https://en.wikipedia.org/wiki/Mohan_Yadav,en.wikipedia.org,encyclopedia,office-holder reference | entity facts | office-holder,5,mlas-mp-cg-rj | states-mp-cg-rj-r2 | states-mp-cg-rj
https://en.wikipedia.org/wiki/National_Green_Tribunal,en.wikipedia.org,encyclopedia,entity facts | budget | office-holder | relationship,5,judiciary-tribunals
https://en.wikipedia.org/wiki/National_Security_Council_(India),en.wikipedia.org,encyclopedia,entity facts | office-holder | relationship,5,core-apex
https://en.wikipedia.org/wiki/Neiphiu_Rio,en.wikipedia.org,encyclopedia,office-holder reference | entity facts | office-holder | relationship,5,mlas-mz-nl-tr | states-mz-nl-tr
https://en.wikipedia.org/wiki/Nimuben_Bambhaniya,en.wikipedia.org,encyclopedia,office-holder | office-holder reference,5,council-of-ministers | ministries-e | parliament-lok-sabha-members
https://en.wikipedia.org/wiki/Nirmala_Sitharaman,en.wikipedia.org,encyclopedia,office-holder | office-holder reference,5,council-of-ministers | parliament-rajya-sabha
https://en.wikipedia.org/wiki/Punjab_Public_Service_Commission_(India),en.wikipedia.org,encyclopedia,entity facts | office-holder | relationship,5,states-pb-hr-ch-r2 | states-pb-hr-ch
https://en.wikipedia.org/wiki/Punjab_State_Election_Commission,en.wikipedia.org,encyclopedia,entity facts | office-holder | relationship,5,states-pb-hr-ch-r2 | states-pb-hr-ch
https://en.wikipedia.org/wiki/Rajasthan,en.wikipedia.org,encyclopedia,entity facts | office-holder,5,states-mp-cg-rj-r2 | states-mp-cg-rj
https://en.wikipedia.org/wiki/REC_Limited,en.wikipedia.org,encyclopedia,entity facts | office-holder | relationship,5,ministries-d
https://en.wikipedia.org/wiki/Satish_Chandra_Dubey,en.wikipedia.org,encyclopedia,office-holder | office-holder reference,5,council-of-ministers | parliament-rajya-sabha
https://en.wikipedia.org/wiki/Swachh_Bharat_Mission,en.wikipedia.org,encyclopedia,entity facts,5,ministries-c
https://en.wikipedia.org/wiki/Telangana,en.wikipedia.org,encyclopedia,entity facts | office-holder,5,states-ka-ap-tg
https://en.wikipedia.org/wiki/Tripura_Legislative_Assembly,en.wikipedia.org,encyclopedia,entity facts | office-holder | relationship,5,states-mz-nl-tr
https://en.wikipedia.org/wiki/Virendra_Kumar_Khatik,en.wikipedia.org,encyclopedia,office-holder | office-holder reference,5,council-of-ministers | ministries-f | parliament-lok-sabha-members
https://financialservices.gov.in/index.php/drt-drat,financialservices.gov.in,official,entity facts | relationship,5,judiciary-tribunals
https://gstcouncil.gov.in,gstcouncil.gov.in,official,official website | entity facts,5,constitutional-bodies-r2 | constitutional-bodies
https://labour.gov.in,labour.gov.in,official,entity facts | official website,5,ministries-f
https://prsindia.org/parliamentary-committees/coal-and-steel,prsindia.org,press / analysis,entity facts | office-holder | relationship,5,parliament-committees
https://prsindia.org/parliamentary-committees/education-women-children-youth-and-sports,prsindia.org,press / analysis,entity facts | office-holder | relationship,5,parliament-committees
https://prsindia.org/parliamentary-committees/information-technology,prsindia.org,press / analysis,entity facts | office-holder | relationship,5,parliament-committees
https://prsindia.org/parliamentary-committees/labour,prsindia.org,press / analysis,entity facts | office-holder | relationship,5,parliament-committees
https://prsindia.org/parliamentary-committees/science-technology-environment-forests,prsindia.org,press / analysis,entity facts | office-holder | relationship,5,parliament-committees
https://prsindia.org/parliamentary-committees/social-justice-and-empowerment,prsindia.org,press / analysis,entity facts | office-holder | relationship,5,parliament-committees
https://psuwatch.com,psuwatch.com,other,office-holder,5,ministries-d
https://socialjustice.gov.in,socialjustice.gov.in,official,entity facts | official website,5,ministries-f
https://www.bing.com/news/search?q=Jammu+Kashmir+5+nominated+MLAs+Lieutenant+Governor+2026,bing.com,other,office-holder,5,mlas-jk-ar-mn-ml
https://www.mha.gov.in/en/about-us/meet-the-secretary/special-secretary,mha.gov.in,official,office-holder,5,ministries-b1
https://www.passportindia.gov.in,passportindia.gov.in,official,entity facts | official website | relationship,5,ministries-b3
https://www.rbi.org.in/Scripts/AboutusDisplay.aspx?pg=deputygovernors.htm,rbi.org.in,official,entity facts | office-holder,5,regulators
http://ncm.nic.in/homepage/homepage.php,ncm.nic.in,official,entity facts | office-holder,4,regulators
https://agriwelfare.gov.in,agriwelfare.gov.in,official,entity facts | official website,4,ministries-e
https://cercind.gov.in/keystaff.html,cercind.gov.in,official,entity facts | office-holder,4,regulators
https://cgstate.gov.in,cgstate.gov.in,official,official website,4,states-mp-cg-rj-r2 | states-mp-cg-rj
https://chandigarh.gov.in,chandigarh.gov.in,official,official website,4,states-pb-hr-ch-r2 | states-pb-hr-ch
https://chemicals.gov.in,chemicals.gov.in,official,entity facts | official website,4,ministries-e
https://dea.gov.in,dea.gov.in,official,entity facts | official website,4,ministries-a
https://dof.gov.in,dof.gov.in,official,entity facts | official website,4,ministries-e
https://dolr.gov.in,dolr.gov.in,official,entity facts | official website,4,ministries-e
https://dopt.gov.in,dopt.gov.in,official,official website | entity facts | relationship,4,ministries-b3
https://en.wikipedia.org/wiki/Ajay_Tamta,en.wikipedia.org,encyclopedia,office-holder | office-holder reference,4,council-of-ministers | parliament-lok-sabha-members
https://en.wikipedia.org/wiki/Andaman_and_Nicobar_Islands,en.wikipedia.org,encyclopedia,entity facts | office-holder | relationship,4,states-an-ld-dh
https://en.wikipedia.org/wiki/Appellate_Tribunal_for_Electricity,en.wikipedia.org,encyclopedia,entity facts | office-holder | relationship,4,judiciary-tribunals
https://en.wikipedia.org/wiki/Armed_Forces_Tribunal,en.wikipedia.org,encyclopedia,entity facts | office-holder | relationship,4,judiciary-tribunals | ministries-b2
https://en.wikipedia.org/wiki/Bhupender_Yadav,en.wikipedia.org,encyclopedia,office-holder | office-holder reference,4,council-of-ministers | parliament-lok-sabha-members
https://en.wikipedia.org/wiki/C._R._Patil,en.wikipedia.org,encyclopedia,office-holder | office-holder reference,4,council-of-ministers | parliament-lok-sabha-members
https://en.wikipedia.org/wiki/Central_Administrative_Tribunal,en.wikipedia.org,encyclopedia,entity facts | office-holder | relationship,4,judiciary-tribunals
https://en.wikipedia.org/wiki/Central_Bureau_of_Investigation,en.wikipedia.org,encyclopedia,entity facts | relationship,4,ministries-b3
https://en.wikipedia.org/wiki/Central_Vigilance_Commission,en.wikipedia.org,encyclopedia,entity facts | office-holder,4,regulators
https://en.wikipedia.org/wiki/Conrad_Sangma,en.wikipedia.org,encyclopedia,office-holder reference | office-holder | relationship,4,mlas-jk-ar-mn-ml | states-ar-mn-ml
https://en.wikipedia.org/wiki/Dadra_and_Nagar_Haveli_and_Daman_and_Diu,en.wikipedia.org,encyclopedia,entity facts | office-holder | relationship,4,states-an-ld-dh
https://en.wikipedia.org/wiki/Delhi_Police,en.wikipedia.org,encyclopedia,entity facts | office-holder | relationship,4,ministries-b1 | states-dl-jk-la
https://en.wikipedia.org/wiki/Department_of_Telecommunications,en.wikipedia.org,encyclopedia,entity facts | office-holder,4,ministries-c
https://en.wikipedia.org/wiki/Durga_Das_Uikey,en.wikipedia.org,encyclopedia,office-holder | office-holder reference,4,council-of-ministers | parliament-lok-sabha-members
https://en.wikipedia.org/wiki/Economic_Advisory_Council_to_the_Prime_Minister,en.wikipedia.org,encyclopedia,entity facts | office-holder,4,core-apex
https://en.wikipedia.org/wiki/Giriraj_Singh,en.wikipedia.org,encyclopedia,office-holder | office-holder reference,4,council-of-ministers | parliament-lok-sabha-members
https://en.wikipedia.org/wiki/Goa_Legislative_Assembly,en.wikipedia.org,encyclopedia,entity facts | office-holder,4,states-mh-gj-ga
https://en.wikipedia.org/wiki/Goods_and_Services_Tax_(India),en.wikipedia.org,encyclopedia,entity facts | relationship,4,constitutional-bodies-r2 | constitutional-bodies
https://en.wikipedia.org/wiki/Government_of_Delhi,en.wikipedia.org,encyclopedia,entity facts | office-holder,4,states-dl-jk-la
https://en.wikipedia.org/wiki/Government_of_Sikkim,en.wikipedia.org,encyclopedia,entity facts | office-holder | relationship,4,states-wb-as-sk
https://en.wikipedia.org/wiki/Government_of_Tamil_Nadu,en.wikipedia.org,encyclopedia,entity facts | office-holder | relationship,4,states-tn-kl-py
https://en.wikipedia.org/wiki/Government_of_Tripura,en.wikipedia.org,encyclopedia,entity facts | office-holder | relationship,4,states-mz-nl-tr
https://en.wikipedia.org/wiki/Gujarat_Legislative_Assembly,en.wikipedia.org,encyclopedia,entity facts | office-holder,4,states-mh-gj-ga
https://en.wikipedia.org/wiki/Gulab_Chand_Kataria,en.wikipedia.org,encyclopedia,office-holder reference,4,states-pb-hr-ch-r2 | states-pb-hr-ch
https://en.wikipedia.org/wiki/Hemant_Soren,en.wikipedia.org,encyclopedia,office-holder reference | office-holder | relationship,4,mlas-br-jh-od | states-br-jh-od
https://en.wikipedia.org/wiki/Indian_Institute_of_Public_Administration,en.wikipedia.org,encyclopedia,entity facts | office-holder,4,ministries-b3
https://en.wikipedia.org/wiki/Indian_Law_Institute,en.wikipedia.org,encyclopedia,entity facts | office-holder,4,ministries-b3
https://en.wikipedia.org/wiki/Integrated_Defence_Staff,en.wikipedia.org,encyclopedia,entity facts | office-holder,4,ministries-b2
https://en.wikipedia.org/wiki/Jitan_Ram_Manjhi,en.wikipedia.org,encyclopedia,office-holder | office-holder reference,4,council-of-ministers | parliament-lok-sabha-members
https://en.wikipedia.org/wiki/Kamlesh_Paswan,en.wikipedia.org,encyclopedia,office-holder | office-holder reference,4,council-of-ministers | parliament-lok-sabha-members
https://en.wikipedia.org/wiki/Kinjarapu_Ram_Mohan_Naidu,en.wikipedia.org,encyclopedia,office-holder | office-holder reference,4,council-of-ministers | parliament-lok-sabha-members
https://en.wikipedia.org/wiki/Krishan_Pal_Gurjar,en.wikipedia.org,encyclopedia,office-holder | office-holder reference,4,council-of-ministers | parliament-lok-sabha-members
https://en.wikipedia.org/wiki/Lalan_Singh,en.wikipedia.org,encyclopedia,office-holder | office-holder reference,4,council-of-ministers
https://en.wikipedia.org/wiki/Lalduhoma,en.wikipedia.org,encyclopedia,office-holder reference | office-holder | relationship,4,mlas-mz-nl-tr | states-mz-nl-tr
https://en.wikipedia.org/wiki/List_of_current_Indian_governors,en.wikipedia.org,encyclopedia,office-holder | relationship,4,states-mz-nl-tr
https://en.wikipedia.org/wiki/List_of_governors_of_Chhattisgarh,en.wikipedia.org,encyclopedia,office-holder | relationship,4,states-mp-cg-rj-r2 | states-mp-cg-rj
https://en.wikipedia.org/wiki/List_of_governors_of_Madhya_Pradesh,en.wikipedia.org,encyclopedia,office-holder | relationship,4,states-mp-cg-rj-r2 | states-mp-cg-rj
https://en.wikipedia.org/wiki/List_of_governors_of_Rajasthan,en.wikipedia.org,encyclopedia,office-holder | relationship,4,states-mp-cg-rj-r2 | states-mp-cg-rj
https://en.wikipedia.org/wiki/Maharashtra_Legislative_Assembly,en.wikipedia.org,encyclopedia,entity facts | office-holder,4,states-mh-gj-ga
https://en.wikipedia.org/wiki/Maharashtra_Legislative_Council,en.wikipedia.org,encyclopedia,entity facts | office-holder,4,states-mh-gj-ga
https://en.wikipedia.org/wiki/Manik_Saha,en.wikipedia.org,encyclopedia,office-holder reference | office-holder | relationship,4,mlas-mz-nl-tr | states-mz-nl-tr
https://en.wikipedia.org/wiki/Ministry_of_Jal_Shakti,en.wikipedia.org,encyclopedia,entity facts | office-holder,4,ministries-c
https://en.wikipedia.org/wiki/Ministry_of_Road_Transport_and_Highways,en.wikipedia.org,encyclopedia,entity facts | office-holder,4,ministries-c
https://en.wikipedia.org/wiki/National_Company_Law_Appellate_Tribunal,en.wikipedia.org,encyclopedia,entity facts | office-holder | relationship,4,judiciary-tribunals
https://en.wikipedia.org/wiki/National_Consumer_Disputes_Redressal_Commission,en.wikipedia.org,encyclopedia,entity facts | office-holder | relationship,4,judiciary-tribunals
https://en.wikipedia.org/wiki/National_Institute_of_Disaster_Management_(India),en.wikipedia.org,encyclopedia,entity facts | office-holder | relationship,4,ministries-b1
https://en.wikipedia.org/wiki/Nitin_Gadkari,en.wikipedia.org,encyclopedia,office-holder | office-holder reference,4,council-of-ministers | parliament-lok-sabha-members
https://en.wikipedia.org/wiki/Pankaj_Chaudhary,en.wikipedia.org,encyclopedia,office-holder | office-holder reference,4,council-of-ministers | parliament-lok-sabha-members
https://en.wikipedia.org/wiki/Pema_Khandu,en.wikipedia.org,encyclopedia,office-holder reference | office-holder | relationship,4,mlas-jk-ar-mn-ml | states-ar-mn-ml
https://en.wikipedia.org/wiki/Piyush_Goyal,en.wikipedia.org,encyclopedia,office-holder | office-holder reference,4,council-of-ministers | parliament-lok-sabha-members
https://en.wikipedia.org/wiki/Pradhan_Mantri_Awas_Yojana,en.wikipedia.org,encyclopedia,entity facts,4,ministries-c
https://en.wikipedia.org/wiki/Prasar_Bharati,en.wikipedia.org,encyclopedia,entity facts | office-holder,4,ministries-g
https://en.wikipedia.org/wiki/Pushkar_Singh_Dhami,en.wikipedia.org,encyclopedia,office-holder | office-holder reference,4,mlas-up-uk | states-up-uk-hp
https://en.wikipedia.org/wiki/R._N._Ravi,en.wikipedia.org,encyclopedia,office-holder | office-holder reference | relationship,4,states-tn-kl-py | states-wb-as-sk
https://en.wikipedia.org/wiki/R._Venkataramani,en.wikipedia.org,encyclopedia,office-holder | office-holder reference | relationship,4,core-apex
https://en.wikipedia.org/wiki/Raj_Bhushan_Choudhary,en.wikipedia.org,encyclopedia,office-holder | office-holder reference,4,council-of-ministers | parliament-lok-sabha-members
https://en.wikipedia.org/wiki/Rajnath_Singh,en.wikipedia.org,encyclopedia,office-holder | office-holder reference,4,council-of-ministers | parliament-lok-sabha-members
https://en.wikipedia.org/wiki/Raksha_Khadse,en.wikipedia.org,encyclopedia,office-holder | office-holder reference,4,council-of-ministers | parliament-lok-sabha-members
https://en.wikipedia.org/wiki/Ram_Nath_Thakur,en.wikipedia.org,encyclopedia,office-holder | office-holder reference,4,council-of-ministers | ministries-e | parliament-rajya-sabha
https://en.wikipedia.org/wiki/S._Jaishankar,en.wikipedia.org,encyclopedia,office-holder | office-holder reference,4,council-of-ministers | ministries-b3 | parliament-rajya-sabha
https://en.wikipedia.org/wiki/S._P._Singh_Baghel,en.wikipedia.org,encyclopedia,office-holder | office-holder reference,4,council-of-ministers
https://en.wikipedia.org/wiki/Samrat_Choudhary,en.wikipedia.org,encyclopedia,office-holder reference | office-holder | relationship,4,mlas-br-jh-od | states-br-jh-od
https://en.wikipedia.org/wiki/Sanjay_Seth_(Jharkhand_politician),en.wikipedia.org,encyclopedia,office-holder | office-holder reference,4,council-of-ministers | parliament-lok-sabha-members
https://en.wikipedia.org/wiki/Sarbananda_Sonowal,en.wikipedia.org,encyclopedia,office-holder | office-holder reference,4,council-of-ministers | parliament-lok-sabha-members
https://en.wikipedia.org/wiki/Savitri_Thakur,en.wikipedia.org,encyclopedia,office-holder | office-holder reference,4,council-of-ministers | parliament-lok-sabha-members
https://en.wikipedia.org/wiki/Securities_Appellate_Tribunal,en.wikipedia.org,encyclopedia,entity facts | office-holder | relationship,4,judiciary-tribunals
https://en.wikipedia.org/wiki/Shantanu_Thakur,en.wikipedia.org,encyclopedia,office-holder | office-holder reference,4,council-of-ministers | parliament-lok-sabha-members
https://en.wikipedia.org/wiki/Shripad_Yesso_Naik,en.wikipedia.org,encyclopedia,office-holder | office-holder reference,4,council-of-ministers
https://en.wikipedia.org/wiki/Tokhan_Sahu,en.wikipedia.org,encyclopedia,office-holder | office-holder reference,4,council-of-ministers | parliament-lok-sabha-members
https://en.wikipedia.org/wiki/Vishnu_Deo_Sai,en.wikipedia.org,encyclopedia,office-holder reference | entity facts | office-holder,4,states-mp-cg-rj-r2 | states-mp-cg-rj
https://en.wikipedia.org/wiki/West_Bengal_Legislative_Assembly,en.wikipedia.org,encyclopedia,entity facts | office-holder,4,states-wb-as-sk
https://en.wikipedia.org/wiki/Yogi_Adityanath,en.wikipedia.org,encyclopedia,office-holder | office-holder reference,4,mlas-up-uk | states-up-uk-hp
https://en.wikipedia.org/wiki/Yumnam_Khemchand_Singh,en.wikipedia.org,encyclopedia,office-holder reference | office-holder | relationship,4,mlas-jk-ar-mn-ml | states-ar-mn-ml
https://gstat.gov.in/,gstat.gov.in,official,entity facts | office-holder | relationship,4,judiciary-tribunals
https://haryana.gov.in,haryana.gov.in,official,official website,4,states-pb-hr-ch-r2 | states-pb-hr-ch
https://icar.org.in,icar.org.in,other,entity facts | official website,4,ministries-e
https://indianmasterminds.com/news/nsa-ajit-doval-reshapes-national-security-team-new-deputy-nsas-and-strategic-realignment-90080/,indianmasterminds.com,other,office-holder,4,core-apex
https://indiannavy.nic.in,indiannavy.nic.in,official,official website,4,ministries-b2
https://janaushadhi.gov.in,janaushadhi.gov.in,official,entity facts | official website,4,ministries-e
https://mnre.gov.in,mnre.gov.in,official,entity facts | official website | office-holder,4,ministries-d
https://ncpcr.gov.in/public/whos-who,ncpcr.gov.in,official,entity facts | office-holder,4,regulators
https://panchayatiraj.gov.in,panchayatiraj.gov.in,official,entity facts | official website,4,ministries-e
https://prsindia.org/parliamentary-committees/energy,prsindia.org,press / analysis,entity facts | office-holder | relationship,4,parliament-committees
https://prsindia.org/parliamentary-committees/health-and-family-welfare,prsindia.org,press / analysis,entity facts | office-holder | relationship,4,parliament-committees
https://prsindia.org/parliamentary-committees/industry,prsindia.org,press / analysis,entity facts | office-holder | relationship,4,parliament-committees
https://prsindia.org/parliamentary-committees/personnel-public-grievances-law-and-justice,prsindia.org,press / analysis,entity facts | office-holder | relationship,4,parliament-committees
https://prsindia.org/parliamentary-committees/rural-development,prsindia.org,press / analysis,entity facts | office-holder | relationship,4,parliament-committees
https://punjab.gov.in,punjab.gov.in,official,official website,4,states-pb-hr-ch-r2 | states-pb-hr-ch
https://rajasthan.gov.in,rajasthan.gov.in,official,official website,4,states-mp-cg-rj-r2 | states-mp-cg-rj
https://theprint.in/india/shatrujeet-singh-kapoor-appointed-itbp-chief-praveen-kumar-to-head-bsf/2827286/,theprint.in,press / analysis,entity facts | office-holder,4,ministries-b1
https://uk.gov.in,uk.gov.in,official,official website,4,state-depts-up-uk-hp | states-up-uk-hp
https://up.gov.in,up.gov.in,official,official website | entity facts,4,state-depts-up-uk-hp | states-up-uk-hp
https://wcd.nic.in,wcd.nic.in,official,entity facts | official website,4,ministries-f
https://www.aera.gov.in/authority,aera.gov.in,official,entity facts | office-holder,4,regulators
https://www.aicofindia.com,aicofindia.com,other,entity facts | official website | office-holder,4,ministries-a | ministries-e
https://www.cbic.gov.in,cbic.gov.in,official,entity facts | official website,4,ministries-a
https://www.cestat.gov.in/president,cestat.gov.in,official,entity facts | office-holder | relationship,4,judiciary-tribunals
https://www.eximbankindia.in/board-of-directors,eximbankindia.in,other,entity facts | office-holder,4,regulators
https://www.ireda.in,ireda.in,other,entity facts | official website | office-holder | relationship,4,ministries-d
https://www.isro.gov.in/DrVNarayanan_Assumed_Charge_Secretary_DOS_Chairman_Space_Commission.html,isro.gov.in,official,office-holder | relationship,4,ministries-d
https://www.mea.gov.in/secretaries,mea.gov.in,official,office-holder,4,ministries-b3
https://www.mp.gov.in,mp.gov.in,official,official website,4,states-mp-cg-rj-r2 | states-mp-cg-rj
https://www.msde.gov.in,msde.gov.in,official,entity facts | official website,4,ministries-f
https://www.neepco.co.in,neepco.co.in,other,entity facts | official website | office-holder | relationship,4,ministries-d
https://www.nlcindia.in,nlcindia.in,other,entity facts | official website | office-holder | relationship,4,ministries-d
https://www.sci.gov.in/registry-officers/,sci.gov.in,official,entity facts | official website | office-holder | relationship,4,judiciary-supreme-court
https://www.tn.gov.in/dept_profile.php?dep_id=Mjc=,tn.gov.in,official,entity facts | official website | office-holder | relationship,4,state-depts-tn-kl-py
https://www.tn.gov.in/dept_profile.php?dep_id=MjE=,tn.gov.in,official,entity facts | official website | office-holder | relationship,4,state-depts-tn-kl-py
https://www.tn.gov.in/dept_profile.php?dep_id=Mjg=,tn.gov.in,official,entity facts | official website | office-holder | relationship,4,state-depts-tn-kl-py
https://www.tn.gov.in/dept_profile.php?dep_id=MjI=,tn.gov.in,official,entity facts | official website | office-holder | relationship,4,state-depts-tn-kl-py
https://www.tn.gov.in/dept_profile.php?dep_id=Mjk=,tn.gov.in,official,entity facts | official website | office-holder | relationship,4,state-depts-tn-kl-py
https://www.tn.gov.in/dept_profile.php?dep_id=MjM=,tn.gov.in,official,entity facts | official website | office-holder | relationship,4,state-depts-tn-kl-py
https://www.tn.gov.in/dept_profile.php?dep_id=MjQ=,tn.gov.in,official,entity facts | official website | office-holder | relationship,4,state-depts-tn-kl-py
https://www.tn.gov.in/dept_profile.php?dep_id=MjY=,tn.gov.in,official,entity facts | official website | office-holder | relationship,4,state-depts-tn-kl-py
https://www.tn.gov.in/dept_profile.php?dep_id=MQ==,tn.gov.in,official,entity facts | official website | office-holder | relationship,4,state-depts-tn-kl-py
https://www.tn.gov.in/dept_profile.php?dep_id=MTA=,tn.gov.in,official,entity facts | official website | office-holder | relationship,4,state-depts-tn-kl-py
https://www.tn.gov.in/dept_profile.php?dep_id=MTc=,tn.gov.in,official,entity facts | official website | office-holder | relationship,4,state-depts-tn-kl-py
https://www.tn.gov.in/dept_profile.php?dep_id=MTE=,tn.gov.in,official,entity facts | official website | office-holder | relationship,4,state-depts-tn-kl-py
https://www.tn.gov.in/dept_profile.php?dep_id=MTg=,tn.gov.in,official,entity facts | official website | office-holder | relationship,4,state-depts-tn-kl-py
https://www.tn.gov.in/dept_profile.php?dep_id=MTI=,tn.gov.in,official,entity facts | official website | office-holder | relationship,4,state-depts-tn-kl-py
https://www.tn.gov.in/dept_profile.php?dep_id=MTk=,tn.gov.in,official,entity facts | official website | office-holder | relationship,4,state-depts-tn-kl-py
https://www.tn.gov.in/dept_profile.php?dep_id=MTM=,tn.gov.in,official,entity facts | official website | office-holder | relationship,4,state-depts-tn-kl-py
https://www.tn.gov.in/dept_profile.php?dep_id=MTQ=,tn.gov.in,official,entity facts | official website | office-holder | relationship,4,state-depts-tn-kl-py
https://www.tn.gov.in/dept_profile.php?dep_id=MTU=,tn.gov.in,official,entity facts | official website | office-holder | relationship,4,state-depts-tn-kl-py
https://www.tn.gov.in/dept_profile.php?dep_id=MTY=,tn.gov.in,official,entity facts | official website | office-holder | relationship,4,state-depts-tn-kl-py
https://www.tn.gov.in/dept_profile.php?dep_id=Mw==,tn.gov.in,official,entity facts | official website | office-holder | relationship,4,state-depts-tn-kl-py
https://www.tn.gov.in/dept_profile.php?dep_id=MzA=,tn.gov.in,official,entity facts | official website | office-holder | relationship,4,state-depts-tn-kl-py
https://www.tn.gov.in/dept_profile.php?dep_id=MzE=,tn.gov.in,official,entity facts | official website | office-holder | relationship,4,state-depts-tn-kl-py
https://www.tn.gov.in/dept_profile.php?dep_id=MzI=,tn.gov.in,official,entity facts | official website | office-holder | relationship,4,state-depts-tn-kl-py
https://www.tn.gov.in/dept_profile.php?dep_id=Mzk=,tn.gov.in,official,entity facts | official website | office-holder | relationship,4,state-depts-tn-kl-py
https://www.tn.gov.in/dept_profile.php?dep_id=MzM=,tn.gov.in,official,entity facts | official website | office-holder | relationship,4,state-depts-tn-kl-py
https://www.tn.gov.in/dept_profile.php?dep_id=MzQ=,tn.gov.in,official,entity facts | official website | office-holder | relationship,4,state-depts-tn-kl-py
https://www.tn.gov.in/dept_profile.php?dep_id=MzU=,tn.gov.in,official,entity facts | official website | office-holder | relationship,4,state-depts-tn-kl-py
https://www.tn.gov.in/dept_profile.php?dep_id=NA==,tn.gov.in,official,entity facts | official website | office-holder | relationship,4,state-depts-tn-kl-py
https://www.tn.gov.in/dept_profile.php?dep_id=NDE=,tn.gov.in,official,entity facts | official website | office-holder | relationship,4,state-depts-tn-kl-py
https://www.tn.gov.in/dept_profile.php?dep_id=NDI=,tn.gov.in,official,entity facts | official website | office-holder | relationship,4,state-depts-tn-kl-py
https://www.tn.gov.in/dept_profile.php?dep_id=NDM=,tn.gov.in,official,entity facts | official website | office-holder | relationship,4,state-depts-tn-kl-py
https://www.tn.gov.in/dept_profile.php?dep_id=NDQ=,tn.gov.in,official,entity facts | official website | office-holder | relationship,4,state-depts-tn-kl-py
https://www.tn.gov.in/dept_profile.php?dep_id=NDU=,tn.gov.in,official,entity facts | official website | office-holder | relationship,4,state-depts-tn-kl-py
https://www.tn.gov.in/dept_profile.php?dep_id=NDY=,tn.gov.in,official,entity facts | official website | office-holder | relationship,4,state-depts-tn-kl-py
https://www.tn.gov.in/dept_profile.php?dep_id=Ng==,tn.gov.in,official,entity facts | official website | office-holder | relationship,4,state-depts-tn-kl-py
https://www.tn.gov.in/dept_profile.php?dep_id=NQ==,tn.gov.in,official,entity facts | official website | office-holder | relationship,4,state-depts-tn-kl-py
https://www.tn.gov.in/dept_profile.php?dep_id=Nw==,tn.gov.in,official,entity facts | official website | office-holder | relationship,4,state-depts-tn-kl-py
https://www.tn.gov.in/dept_profile.php?dep_id=OA==,tn.gov.in,official,entity facts | official website | office-holder | relationship,4,state-depts-tn-kl-py
https://www.tn.gov.in/dept_profile.php?dep_id=OQ==,tn.gov.in,official,entity facts | official website | office-holder | relationship,4,state-depts-tn-kl-py
http://agriculture.uk.gov.in,agriculture.uk.gov.in,official,entity facts | official website | relationship,3,state-depts-up-uk-hp
http://ahd.uk.gov.in,ahd.uk.gov.in,official,entity facts | official website | relationship,3,state-depts-up-uk-hp
http://ayurveda.hp.gov.in/Ayush.aspx,ayurveda.hp.gov.in,official,entity facts | official website | relationship,3,state-depts-up-uk-hp
http://cmmanipur.gov.in,cmmanipur.gov.in,official,entity facts | official website | relationship,3,state-depts-ar-mn-ml
http://cooperative.uk.gov.in,cooperative.uk.gov.in,official,entity facts | official website | relationship,3,state-depts-up-uk-hp
http://education.hp.gov.in/,education.hp.gov.in,official,entity facts | official website | relationship,3,state-depts-up-uk-hp
http://ei.hp.gov.in,ei.hp.gov.in,official,entity facts | official website | relationship,3,state-depts-up-uk-hp
http://emerginghimachal.hp.gov.in/,emerginghimachal.hp.gov.in,official,entity facts | official website | relationship,3,state-depts-up-uk-hp
http://esamadhan.nic.in/,esamadhan.nic.in,official,entity facts | official website | relationship,3,state-depts-up-uk-hp
http://esomsa.hp.gov.in/,esomsa.hp.gov.in,official,entity facts | official website | relationship,3,state-depts-up-uk-hp
http://excise.uk.gov.in,excise.uk.gov.in,official,entity facts | official website | relationship,3,state-depts-up-uk-hp
http://fcs.uk.gov.in,fcs.uk.gov.in,official,entity facts | official website | relationship,3,state-depts-up-uk-hp
http://fisheries.uk.gov.in,fisheries.uk.gov.in,official,entity facts | official website | relationship,3,state-depts-up-uk-hp
http://food.hp.gov.in,food.hp.gov.in,official,entity facts | official website | relationship,3,state-depts-up-uk-hp
http://forest.uk.gov.in,forest.uk.gov.in,official,entity facts | official website | relationship,3,state-depts-up-uk-hp
http://he.uk.gov.in,he.uk.gov.in,official,entity facts | official website | relationship,3,state-depts-up-uk-hp
http://health.uk.gov.in,health.uk.gov.in,official,entity facts | official website | relationship,3,state-depts-up-uk-hp
http://himachalpr.gov.in/,himachalpr.gov.in,official,entity facts | official website | relationship,3,state-depts-up-uk-hp
http://hppwd.hp.gov.in/,hppwd.hp.gov.in,official,entity facts | official website | relationship,3,state-depts-up-uk-hp
http://hptax.gov.in/,hptax.gov.in,official,entity facts | official website | relationship,3,state-depts-up-uk-hp
http://itda.uk.gov.in,itda.uk.gov.in,official,entity facts | official website | relationship,3,state-depts-up-uk-hp
http://mahud.mn.gov.in,mahud.mn.gov.in,official,entity facts | official website | relationship,3,state-depts-ar-mn-ml
http://manipureducation.gov.in,manipureducation.gov.in,official,entity facts | official website | relationship,3,state-depts-ar-mn-ml
http://manipurobcsc.gov.in,manipurobcsc.gov.in,official,entity facts | official website | relationship,3,state-depts-ar-mn-ml
http://manipurpolice.gov.in,manipurpolice.gov.in,official,entity facts | official website | relationship,3,state-depts-ar-mn-ml
http://manipurtourism.gov.in,manipurtourism.gov.in,official,entity facts | official website | relationship,3,state-depts-ar-mn-ml
http://medicaleducation.uk.gov.in,medicaleducation.uk.gov.in,official,entity facts | official website | relationship,3,state-depts-up-uk-hp
http://mid.mn.gov.in,mid.mn.gov.in,official,entity facts | official website | relationship,3,state-depts-ar-mn-ml
http://minoritywelfare.uk.gov.in,minoritywelfare.uk.gov.in,official,entity facts | official website | relationship,3,state-depts-up-uk-hp
http://planning.hp.gov.in,planning.hp.gov.in,official,entity facts | official website | relationship,3,state-depts-up-uk-hp
http://prison.uk.gov.in/,prison.uk.gov.in,official,entity facts | official website | relationship,3,state-depts-up-uk-hp
http://pwd.uk.gov.in,pwd.uk.gov.in,official,entity facts | official website | relationship,3,state-depts-up-uk-hp
http://pwdmanipur.mn.gov.in,pwdmanipur.mn.gov.in,official,entity facts | official website | relationship,3,state-depts-ar-mn-ml
http://rdmanipur.gov.in,rdmanipur.gov.in,official,entity facts | official website | relationship,3,state-depts-ar-mn-ml
http://registration.uk.gov.in,registration.uk.gov.in,official,entity facts | official website | relationship,3,state-depts-up-uk-hp
http://sanskriteducation.uk.gov.in/,sanskriteducation.uk.gov.in,official,entity facts | official website | relationship,3,state-depts-up-uk-hp
http://schooleducation.uk.gov.in,schooleducation.uk.gov.in,official,entity facts | official website | relationship,3,state-depts-up-uk-hp
http://socialwelfare.uk.gov.in/,socialwelfare.uk.gov.in,official,entity facts | official website | relationship,3,state-depts-up-uk-hp
http://sports.uk.gov.in,sports.uk.gov.in,official,entity facts | official website | relationship,3,state-depts-up-uk-hp
http://tcp.uk.gov.in,tcp.uk.gov.in,official,entity facts | official website | relationship,3,state-depts-up-uk-hp
http://techedu.hp.gov.in,techedu.hp.gov.in,official,entity facts | official website | relationship,3,state-depts-up-uk-hp
http://transport.uk.gov.in,transport.uk.gov.in,official,entity facts | official website | relationship,3,state-depts-up-uk-hp
http://uttarakhandpolice.uk.gov.in,uttarakhandpolice.uk.gov.in,official,entity facts | official website | relationship,3,state-depts-up-uk-hp
http://www.hp.gov.in/hpdmer/,hp.gov.in,official,entity facts | official website | relationship,3,state-depts-up-uk-hp
http://yasmanipur.gov.in,yasmanipur.gov.in,official,entity facts | official website | relationship,3,state-depts-ar-mn-ml
https://aft.gov.in/,aft.gov.in,official,entity facts | office-holder | relationship,3,judiciary-tribunals
https://agriculture.hp.gov.in/,agriculture.hp.gov.in,official,entity facts | official website | relationship,3,state-depts-up-uk-hp
https://agrimanipur.mn.gov.in,agrimanipur.mn.gov.in,official,entity facts | official website | relationship,3,state-depts-ar-mn-ml
https://aopower.mn.gov.in,aopower.mn.gov.in,official,entity facts | official website | relationship,3,state-depts-ar-mn-ml
https://aptel.gov.in/en/chairperson,aptel.gov.in,official,entity facts | office-holder,3,judiciary-tribunals
https://artnculturemanipur.mn.gov.in,artnculturemanipur.mn.gov.in,official,entity facts | official website | relationship,3,state-depts-ar-mn-ml
https://arunachalpradesh.gov.in,arunachalpradesh.gov.in,official,official website | office-holder,3,states-ar-mn-ml
https://assam.gov.in,assam.gov.in,official,official website,3,states-wb-as-sk
https://beeindia.gov.in,beeindia.gov.in,official,entity facts | official website | office-holder,3,ministries-d
https://bhavini.nic.in,bhavini.nic.in,official,entity facts | official website | relationship,3,ministries-d
https://cea.nic.in,cea.nic.in,official,entity facts | official website | office-holder,3,ministries-d
https://ceomanipur.nic.in,ceomanipur.nic.in,official,entity facts | official website | relationship,3,state-depts-ar-mn-ml
https://citizenportal.hppolice.gov.in/citizen/login.htm,citizenportal.hppolice.gov.in,official,entity facts | official website | relationship,3,state-depts-up-uk-hp
https://coal.nic.in,coal.nic.in,official,entity facts | official website | office-holder,3,ministries-d
https://coop.hp.gov.in/home,coop.hp.gov.in,official,entity facts | official website | relationship,3,state-depts-up-uk-hp
https://dae.gov.in,dae.gov.in,official,entity facts | official website,3,ministries-d
https://dcimanipur.gov.in,dcimanipur.gov.in,official,entity facts | official website | relationship,3,state-depts-ar-mn-ml
https://ddd.gov.in/advisor-to-honbleadministrator/,ddd.gov.in,official,office-holder | relationship,3,states-an-ld-dh
https://dghs.gov.in,dghs.gov.in,official,entity facts | official website | office-holder,3,ministries-f
https://dgme.up.gov.in,dgme.up.gov.in,official,entity facts | official website | relationship,3,state-depts-up-uk-hp
https://dipam.gov.in,dipam.gov.in,official,entity facts | official website | office-holder,3,ministries-a
https://dipr.mn.gov.in,dipr.mn.gov.in,official,entity facts | official website | relationship,3,state-depts-ar-mn-ml
https://ditmanipur.gov.in,ditmanipur.gov.in,official,entity facts | official website | relationship,3,state-depts-ar-mn-ml
https://dor.gov.in,dor.gov.in,official,entity facts | official website,3,ministries-a
https://dpe.gov.in,dpe.gov.in,official,entity facts | official website | office-holder,3,ministries-a
https://dst.mn.gov.in,dst.mn.gov.in,official,entity facts | official website | relationship,3,state-depts-ar-mn-ml
https://dvac.mn.gov.in,dvac.mn.gov.in,official,entity facts | official website | relationship,3,state-depts-ar-mn-ml
https://dvc.gov.in,dvc.gov.in,official,entity facts | official website | relationship,3,ministries-d
https://econstats.hp.gov.in/,econstats.hp.gov.in,official,entity facts | official website | relationship,3,state-depts-up-uk-hp
https://en.wikipedia.org/wiki/Abdul_Rahim_Rather,en.wikipedia.org,encyclopedia,office-holder reference | office-holder,3,mlas-jk-ar-mn-ml | states-dl-jk-la
https://en.wikipedia.org/wiki/Ajay_Kumar_Bhalla,en.wikipedia.org,encyclopedia,office-holder | office-holder reference | relationship,3,states-ar-mn-ml
https://en.wikipedia.org/wiki/Andaman_and_Nicobar_Police,en.wikipedia.org,encyclopedia,office-holder | relationship,3,states-an-ld-dh
https://en.wikipedia.org/wiki/Anurag_Thakur,en.wikipedia.org,encyclopedia,office-holder reference | office-holder,3,parliament-committees | parliament-lok-sabha-members
https://en.wikipedia.org/wiki/Aparajita_Sarangi,en.wikipedia.org,encyclopedia,office-holder reference | office-holder,3,parliament-committees | parliament-lok-sabha-members
https://en.wikipedia.org/wiki/Armed_Forces_Medical_Services,en.wikipedia.org,encyclopedia,entity facts | office-holder,3,ministries-b2
https://en.wikipedia.org/wiki/Arun_Sao,en.wikipedia.org,encyclopedia,office-holder reference | office-holder,3,mlas-mp-cg-rj | states-mp-cg-rj
https://en.wikipedia.org/wiki/Arvind_Panagariya,en.wikipedia.org,encyclopedia,office-holder reference | office-holder,3,constitutional-bodies-r2 | constitutional-bodies
https://en.wikipedia.org/wiki/Ashim_Kumar_Sarkar,en.wikipedia.org,encyclopedia,office-holder | office-holder reference,3,mlas-up-uk | mlas-wb-as-sk
https://en.wikipedia.org/wiki/Ashish_Sood,en.wikipedia.org,encyclopedia,office-holder reference | office-holder,3,mlas-pb-hr-hp-dl | states-dl-jk-la
https://en.wikipedia.org/wiki/Assam_Human_Rights_Commission,en.wikipedia.org,encyclopedia,entity facts | office-holder | relationship,3,states-wb-as-sk
https://en.wikipedia.org/wiki/Assam_Lokayukta,en.wikipedia.org,encyclopedia,entity facts | office-holder | relationship,3,states-wb-as-sk
https://en.wikipedia.org/wiki/Assam_Public_Service_Commission,en.wikipedia.org,encyclopedia,entity facts | office-holder | relationship,3,states-wb-as-sk
https://en.wikipedia.org/wiki/Assam_State_Election_Commission,en.wikipedia.org,encyclopedia,entity facts | office-holder | relationship,3,states-wb-as-sk
https://en.wikipedia.org/wiki/Babulal_Marandi,en.wikipedia.org,encyclopedia,office-holder reference | office-holder,3,mlas-br-jh-od | states-br-jh-od
https://en.wikipedia.org/wiki/Baijayant_Panda,en.wikipedia.org,encyclopedia,office-holder reference | office-holder,3,parliament-committees | parliament-lok-sabha-members
https://en.wikipedia.org/wiki/Bank_of_Baroda,en.wikipedia.org,encyclopedia,entity facts | office-holder | relationship,3,ministries-a
https://en.wikipedia.org/wiki/Bank_of_India,en.wikipedia.org,encyclopedia,entity facts | office-holder | relationship,3,ministries-a
https://en.wikipedia.org/wiki/Bank_of_Maharashtra,en.wikipedia.org,encyclopedia,entity facts | office-holder | relationship,3,ministries-a
https://en.wikipedia.org/wiki/Basavaraj_Bommai,en.wikipedia.org,encyclopedia,office-holder reference | office-holder,3,parliament-committees | parliament-lok-sabha-members
https://en.wikipedia.org/wiki/Bhabha_Atomic_Research_Centre,en.wikipedia.org,encyclopedia,entity facts | budget | office-holder,3,ministries-d
https://en.wikipedia.org/wiki/Bhartruhari_Mahtab,en.wikipedia.org,encyclopedia,office-holder reference | office-holder,3,parliament-committees | parliament-lok-sabha-members
https://en.wikipedia.org/wiki/Bhupinder_Singh_Hooda,en.wikipedia.org,encyclopedia,office-holder reference,3,mlas-pb-hr-hp-dl | states-pb-hr-ch-r2 | states-pb-hr-ch
https://en.wikipedia.org/wiki/Bihar_Lokayukta,en.wikipedia.org,encyclopedia,entity facts | office-holder | relationship,3,states-br-jh-od
https://en.wikipedia.org/wiki/Bihar_Public_Service_Commission,en.wikipedia.org,encyclopedia,entity facts | office-holder | relationship,3,states-br-jh-od
https://en.wikipedia.org/wiki/Bihar_State_Election_Commission,en.wikipedia.org,encyclopedia,entity facts | office-holder | relationship,3,states-br-jh-od
https://en.wikipedia.org/wiki/Bijendra_Prasad_Yadav,en.wikipedia.org,encyclopedia,office-holder reference | office-holder,3,mlas-br-jh-od | states-br-jh-od
https://en.wikipedia.org/wiki/Brajesh_Pathak,en.wikipedia.org,encyclopedia,office-holder | office-holder reference,3,mlas-up-uk | states-up-uk-hp
https://en.wikipedia.org/wiki/Bureau_of_Immigration_(India),en.wikipedia.org,encyclopedia,entity facts | office-holder | relationship,3,ministries-b1
https://en.wikipedia.org/wiki/C._H._Vijayashankar,en.wikipedia.org,encyclopedia,office-holder | office-holder reference | relationship,3,states-ar-mn-ml
https://en.wikipedia.org/wiki/C._Joseph_Vijay,en.wikipedia.org,encyclopedia,office-holder reference | office-holder,3,mlas-tn-kl-py | states-tn-kl-py
https://en.wikipedia.org/wiki/C._M._Ramesh,en.wikipedia.org,encyclopedia,office-holder reference | office-holder,3,parliament-committees | parliament-lok-sabha-members
https://en.wikipedia.org/wiki/Canara_Bank,en.wikipedia.org,encyclopedia,entity facts | office-holder | relationship,3,ministries-a
https://en.wikipedia.org/wiki/Central_Bank_of_India,en.wikipedia.org,encyclopedia,entity facts | office-holder | relationship,3,ministries-a
https://en.wikipedia.org/wiki/Charan_Das_Mahant,en.wikipedia.org,encyclopedia,office-holder reference,3,mlas-mp-cg-rj | states-mp-cg-rj-r2 | states-mp-cg-rj
https://en.wikipedia.org/wiki/Charanjit_Singh_Channi,en.wikipedia.org,encyclopedia,office-holder reference | office-holder,3,parliament-committees | parliament-lok-sabha-members
https://en.wikipedia.org/wiki/Chief_Justice_of_India,en.wikipedia.org,encyclopedia,office-holder | relationship,3,judiciary-supreme-court | ministries-b3
https://en.wikipedia.org/wiki/Daggubati_Purandeswari,en.wikipedia.org,encyclopedia,office-holder reference | office-holder,3,parliament-committees | parliament-lok-sabha-members
https://en.wikipedia.org/wiki/Department_of_Ex-servicemen_Welfare,en.wikipedia.org,encyclopedia,entity facts,3,ministries-b2
https://en.wikipedia.org/wiki/Director_general_of_police,en.wikipedia.org,encyclopedia,office-holder,3,states-wb-as-sk
https://en.wikipedia.org/wiki/Diya_Kumari,en.wikipedia.org,encyclopedia,office-holder reference | office-holder,3,mlas-mp-cg-rj | states-mp-cg-rj
https://en.wikipedia.org/wiki/Food_Safety_and_Standards_Authority_of_India,en.wikipedia.org,encyclopedia,entity facts | office-holder,3,ministries-f
https://en.wikipedia.org/wiki/General_Insurance_Corporation_of_India,en.wikipedia.org,encyclopedia,entity facts | office-holder | relationship,3,ministries-a
https://en.wikipedia.org/wiki/Government_of_Mizoram,en.wikipedia.org,encyclopedia,entity facts | office-holder | relationship,3,states-mz-nl-tr
https://en.wikipedia.org/wiki/Governor_of_Andhra_Pradesh,en.wikipedia.org,encyclopedia,office-holder | office-holder reference | relationship,3,states-ka-ap-tg
https://en.wikipedia.org/wiki/Governor_of_Haryana,en.wikipedia.org,encyclopedia,office-holder | relationship,3,states-pb-hr-ch-r2 | states-pb-hr-ch
"https://en.wikipedia.org/wiki/Governor_of_Punjab,_India",en.wikipedia.org,encyclopedia,office-holder | relationship,3,states-pb-hr-ch-r2 | states-pb-hr-ch
https://en.wikipedia.org/wiki/Govind_Mohan,en.wikipedia.org,encyclopedia,office-holder | office-holder reference,3,ministries-b1 | ministries-g
https://en.wikipedia.org/wiki/Gujarat,en.wikipedia.org,encyclopedia,entity facts | office-holder,3,states-mh-gj-ga
https://en.wikipedia.org/wiki/Gyanesh_Kumar,en.wikipedia.org,encyclopedia,office-holder reference | office-holder,3,constitutional-bodies-r2 | constitutional-bodies
https://en.wikipedia.org/wiki/Hardeep_Singh_Puri,en.wikipedia.org,encyclopedia,office-holder | office-holder reference,3,council-of-ministers | parliament-rajya-sabha
https://en.wikipedia.org/wiki/Harsh_Sanghavi,en.wikipedia.org,encyclopedia,office-holder reference | office-holder,3,mlas-mh-gj-ga | states-mh-gj-ga
https://en.wikipedia.org/wiki/Haryana_Police,en.wikipedia.org,encyclopedia,office-holder | office-holder reference,3,states-pb-hr-ch-r2 | states-pb-hr-ch
https://en.wikipedia.org/wiki/Haryana_State_Election_Commission,en.wikipedia.org,encyclopedia,entity facts | office-holder | relationship,3,states-pb-hr-ch
https://en.wikipedia.org/wiki/Hasmukh_Patel_(politician),en.wikipedia.org,encyclopedia,office-holder reference | office-holder,3,mlas-mh-gj-ga | parliament-lok-sabha-members
https://en.wikipedia.org/wiki/Income_Tax_Appellate_Tribunal,en.wikipedia.org,encyclopedia,entity facts | office-holder | relationship,3,judiciary-tribunals
https://en.wikipedia.org/wiki/India_Post,en.wikipedia.org,encyclopedia,entity facts | office-holder,3,ministries-c
https://en.wikipedia.org/wiki/Indian_Bank,en.wikipedia.org,encyclopedia,entity facts | office-holder | relationship,3,ministries-a
https://en.wikipedia.org/wiki/Indian_Council_for_Cultural_Relations,en.wikipedia.org,encyclopedia,entity facts | office-holder,3,ministries-b3
https://en.wikipedia.org/wiki/Indian_Council_of_World_Affairs,en.wikipedia.org,encyclopedia,entity facts | office-holder,3,ministries-b3
https://en.wikipedia.org/wiki/Indian_Overseas_Bank,en.wikipedia.org,encyclopedia,entity facts | office-holder | relationship,3,ministries-a
https://en.wikipedia.org/wiki/Inter-State_Council,en.wikipedia.org,encyclopedia,entity facts | relationship,3,core-apex
https://en.wikipedia.org/wiki/Jagdambika_Pal,en.wikipedia.org,encyclopedia,office-holder reference | office-holder,3,parliament-committees | parliament-lok-sabha-members
https://en.wikipedia.org/wiki/Jagdish_Devda,en.wikipedia.org,encyclopedia,office-holder reference | office-holder,3,mlas-mp-cg-rj | states-mp-cg-rj
https://en.wikipedia.org/wiki/Javed_Ahmed_Rana,en.wikipedia.org,encyclopedia,office-holder reference | office-holder,3,mlas-jk-ar-mn-ml | states-dl-jk-la
https://en.wikipedia.org/wiki/Javid_Ahmad_Dar,en.wikipedia.org,encyclopedia,office-holder reference | office-holder,3,mlas-jk-ar-mn-ml | states-dl-jk-la
https://en.wikipedia.org/wiki/Jharkhand_Lokayukta,en.wikipedia.org,encyclopedia,entity facts | office-holder | relationship,3,states-br-jh-od
https://en.wikipedia.org/wiki/Jharkhand_Public_Service_Commission,en.wikipedia.org,encyclopedia,entity facts | office-holder | relationship,3,states-br-jh-od
https://en.wikipedia.org/wiki/Jharkhand_State_Election_Commission,en.wikipedia.org,encyclopedia,entity facts | office-holder | relationship,3,states-br-jh-od
https://en.wikipedia.org/wiki/K._C._Venugopal,en.wikipedia.org,encyclopedia,office-holder reference | office-holder,3,parliament-committees | parliament-lok-sabha-members
https://en.wikipedia.org/wiki/Kaiwalya_Trivikram_Parnaik,en.wikipedia.org,encyclopedia,office-holder | office-holder reference | relationship,3,states-ar-mn-ml
https://en.wikipedia.org/wiki/Kapil_Mishra,en.wikipedia.org,encyclopedia,office-holder reference | office-holder,3,mlas-pb-hr-hp-dl | states-dl-jk-la
https://en.wikipedia.org/wiki/Keshav_Prasad_Maurya,en.wikipedia.org,encyclopedia,office-holder | office-holder reference,3,mlas-up-uk | states-up-uk-hp
https://en.wikipedia.org/wiki/Kultar_Singh_Sandhwan,en.wikipedia.org,encyclopedia,office-holder reference,3,mlas-pb-hr-hp-dl | states-pb-hr-ch-r2 | states-pb-hr-ch
https://en.wikipedia.org/wiki/Land_Ports_Authority_of_India,en.wikipedia.org,encyclopedia,entity facts | office-holder | relationship,3,ministries-b1
https://en.wikipedia.org/wiki/Life_Insurance_Corporation_of_India,en.wikipedia.org,encyclopedia,entity facts | office-holder | relationship,3,ministries-a
https://en.wikipedia.org/wiki/List_of_governors_of_Telangana,en.wikipedia.org,encyclopedia,office-holder | office-holder reference | relationship,3,states-ka-ap-tg
https://en.wikipedia.org/wiki/List_of_nominated_members_of_the_Puducherry_Legislative_Assembly,en.wikipedia.org,encyclopedia,office-holder,3,mlas-tn-kl-py
https://en.wikipedia.org/wiki/List_of_office-holders_in_the_Government_of_India,en.wikipedia.org,encyclopedia,office-holder,3,core-apex
https://en.wikipedia.org/wiki/Magunta_Sreenivasulu_Reddy,en.wikipedia.org,encyclopedia,office-holder reference | office-holder,3,parliament-committees | parliament-lok-sabha-members
https://en.wikipedia.org/wiki/Maharashtra,en.wikipedia.org,encyclopedia,entity facts | office-holder,3,states-mh-gj-ga
https://en.wikipedia.org/wiki/Mallikarjun_Kharge,en.wikipedia.org,encyclopedia,office-holder | office-holder reference,3,parliament-rajya-sabha
https://en.wikipedia.org/wiki/Manan_Kumar_Mishra,en.wikipedia.org,encyclopedia,entity facts | office-holder | office-holder reference,3,ministries-b3 | parliament-rajya-sabha
https://en.wikipedia.org/wiki/Manjinder_Singh_Sirsa,en.wikipedia.org,encyclopedia,office-holder reference | office-holder,3,mlas-pb-hr-hp-dl | states-dl-jk-la
https://en.wikipedia.org/wiki/Mata_Prasad_Pandey,en.wikipedia.org,encyclopedia,office-holder | office-holder reference,3,mlas-up-uk | states-up-uk-hp
https://en.wikipedia.org/wiki/Mohan_Singh_Bisht,en.wikipedia.org,encyclopedia,office-holder reference | office-holder,3,mlas-pb-hr-hp-dl | states-dl-jk-la
https://en.wikipedia.org/wiki/Municipal_Corporation_of_Delhi,en.wikipedia.org,encyclopedia,entity facts | office-holder,3,states-dl-jk-la
https://en.wikipedia.org/wiki/N._Kalaiselvi,en.wikipedia.org,encyclopedia,office-holder reference | office-holder,3,ministries-g
https://en.wikipedia.org/wiki/N._Rangasamy,en.wikipedia.org,encyclopedia,entity facts | relationship,3,states-tn-kl-py
https://en.wikipedia.org/wiki/N._Rangaswamy,en.wikipedia.org,encyclopedia,office-holder reference | office-holder,3,mlas-tn-kl-py | states-tn-kl-py
https://en.wikipedia.org/wiki/Nalanda_University,en.wikipedia.org,encyclopedia,entity facts | office-holder,3,ministries-b3
https://en.wikipedia.org/wiki/Narendra_Singh_Tomar,en.wikipedia.org,encyclopedia,office-holder reference,3,mlas-mp-cg-rj | states-mp-cg-rj-r2 | states-mp-cg-rj
https://en.wikipedia.org/wiki/National_Crime_Records_Bureau,en.wikipedia.org,encyclopedia,entity facts | relationship,3,ministries-b1
https://en.wikipedia.org/wiki/National_Disaster_Management_Authority_(India),en.wikipedia.org,encyclopedia,entity facts | office-holder | relationship,3,ministries-b1
https://en.wikipedia.org/wiki/National_Insurance_Company_Limited,en.wikipedia.org,encyclopedia,entity facts | office-holder | relationship,3,ministries-a
https://en.wikipedia.org/wiki/National_Judicial_Academy_(India),en.wikipedia.org,encyclopedia,entity facts | legal basis | relationship,3,judiciary-supreme-court
https://en.wikipedia.org/wiki/National_Payments_Corporation_of_India,en.wikipedia.org,encyclopedia,entity facts | office-holder,3,regulators
https://en.wikipedia.org/wiki/National_Technical_Research_Organisation,en.wikipedia.org,encyclopedia,entity facts | office-holder | relationship,3,core-apex
https://en.wikipedia.org/wiki/Naveen_Patnaik,en.wikipedia.org,encyclopedia,office-holder reference | office-holder,3,mlas-br-jh-od | states-br-jh-od
https://en.wikipedia.org/wiki/New_India_Assurance,en.wikipedia.org,encyclopedia,entity facts | office-holder | relationship,3,ministries-a
https://en.wikipedia.org/wiki/Nishikant_Dubey,en.wikipedia.org,encyclopedia,office-holder reference | office-holder,3,parliament-committees | parliament-lok-sabha-members
https://en.wikipedia.org/wiki/Odisha_Lokayukta,en.wikipedia.org,encyclopedia,entity facts | office-holder | relationship,3,states-br-jh-od
https://en.wikipedia.org/wiki/Odisha_State_Election_Commission,en.wikipedia.org,encyclopedia,entity facts | office-holder | relationship,3,states-br-jh-od
https://en.wikipedia.org/wiki/Om_Prakash_Mathur,en.wikipedia.org,encyclopedia,office-holder | office-holder reference | relationship,3,states-wb-as-sk
https://en.wikipedia.org/wiki/P._C._Mohan,en.wikipedia.org,encyclopedia,office-holder reference | office-holder,3,parliament-committees | parliament-lok-sabha-members
https://en.wikipedia.org/wiki/P._P._Chaudhary,en.wikipedia.org,encyclopedia,office-holder reference | office-holder,3,parliament-committees | parliament-lok-sabha-members
https://en.wikipedia.org/wiki/Pankaj_Kumar_Singh_(politician),en.wikipedia.org,encyclopedia,office-holder reference | office-holder,3,mlas-pb-hr-hp-dl | states-dl-jk-la
https://en.wikipedia.org/wiki/Partap_Singh_Bajwa,en.wikipedia.org,encyclopedia,office-holder reference | office-holder,3,mlas-pb-hr-hp-dl | states-pb-hr-ch
https://en.wikipedia.org/wiki/Parvesh_Verma,en.wikipedia.org,encyclopedia,office-holder reference | office-holder,3,mlas-pb-hr-hp-dl | states-dl-jk-la
https://en.wikipedia.org/wiki/Physical_Research_Laboratory,en.wikipedia.org,encyclopedia,entity facts | budget | office-holder,3,ministries-d
https://en.wikipedia.org/wiki/Prasoon_Joshi,en.wikipedia.org,encyclopedia,office-holder | office-holder reference,3,ministries-g
https://en.wikipedia.org/wiki/Prem_Chand_Bairwa,en.wikipedia.org,encyclopedia,office-holder reference | office-holder,3,mlas-mp-cg-rj | states-mp-cg-rj
https://en.wikipedia.org/wiki/Prime_Minister%27s_Office_(India),en.wikipedia.org,encyclopedia,entity facts | office-holder,3,core-apex
https://en.wikipedia.org/wiki/Punjab_%26_Sind_Bank,en.wikipedia.org,encyclopedia,entity facts | office-holder | relationship,3,ministries-a
https://en.wikipedia.org/wiki/Punjab_and_Haryana_High_Court,en.wikipedia.org,encyclopedia,relationship,3,states-pb-hr-ch
https://en.wikipedia.org/wiki/Punjab_National_Bank,en.wikipedia.org,encyclopedia,entity facts | office-holder | relationship,3,ministries-a
https://en.wikipedia.org/wiki/Radha_Mohan_Singh,en.wikipedia.org,encyclopedia,office-holder reference | office-holder,3,parliament-committees | parliament-lok-sabha-members
https://en.wikipedia.org/wiki/Rahul_Gandhi,en.wikipedia.org,encyclopedia,office-holder | office-holder reference,3,parliament-lok-sabha-members | parliament-lok-sabha
https://en.wikipedia.org/wiki/Rajendra_Shukla_(politician),en.wikipedia.org,encyclopedia,office-holder reference | office-holder,3,mlas-mp-cg-rj | states-mp-cg-rj
https://en.wikipedia.org/wiki/Rajiv_Pratap_Rudy,en.wikipedia.org,encyclopedia,office-holder reference | office-holder,3,parliament-committees | parliament-lok-sabha-members
https://en.wikipedia.org/wiki/Raman_Singh,en.wikipedia.org,encyclopedia,office-holder reference,3,mlas-mp-cg-rj | states-mp-cg-rj-r2 | states-mp-cg-rj
https://en.wikipedia.org/wiki/Ramdas_Athawale,en.wikipedia.org,encyclopedia,office-holder | office-holder reference,3,council-of-ministers | parliament-rajya-sabha
https://en.wikipedia.org/wiki/Ravinder_Indraj_Singh,en.wikipedia.org,encyclopedia,office-holder reference | office-holder,3,mlas-pb-hr-hp-dl | states-dl-jk-la
https://en.wikipedia.org/wiki/Ritabrata_Banerjee,en.wikipedia.org,encyclopedia,office-holder reference | office-holder,3,mlas-wb-as-sk | states-wb-as-sk
https://en.wikipedia.org/wiki/Sakina_Itoo,en.wikipedia.org,encyclopedia,office-holder reference | office-holder,3,mlas-jk-ar-mn-ml | states-dl-jk-la
https://en.wikipedia.org/wiki/Sanjay_Jaiswal,en.wikipedia.org,encyclopedia,office-holder reference | office-holder,3,parliament-committees | parliament-lok-sabha-members
https://en.wikipedia.org/wiki/Saptagiri_Sankar_Ulaka,en.wikipedia.org,encyclopedia,office-holder reference | office-holder,3,parliament-committees | parliament-lok-sabha-members
https://en.wikipedia.org/wiki/Satish_Mahana,en.wikipedia.org,encyclopedia,office-holder | office-holder reference,3,mlas-up-uk | states-up-uk-hp
https://en.wikipedia.org/wiki/Shashi_Tharoor,en.wikipedia.org,encyclopedia,office-holder reference | office-holder,3,parliament-committees | parliament-lok-sabha-members
https://en.wikipedia.org/wiki/Shrirang_Barne,en.wikipedia.org,encyclopedia,office-holder reference | office-holder,3,parliament-committees | parliament-lok-sabha-members
https://en.wikipedia.org/wiki/Sikkim_Lokayukta,en.wikipedia.org,encyclopedia,entity facts | office-holder | relationship,3,states-wb-as-sk
https://en.wikipedia.org/wiki/Sikkim_Public_Service_Commission,en.wikipedia.org,encyclopedia,entity facts | office-holder | relationship,3,states-wb-as-sk
https://en.wikipedia.org/wiki/Sikkim_State_Election_Commission,en.wikipedia.org,encyclopedia,entity facts | office-holder | relationship,3,states-wb-as-sk
https://en.wikipedia.org/wiki/State_Bank_of_India,en.wikipedia.org,encyclopedia,entity facts | office-holder | relationship,3,ministries-a
https://en.wikipedia.org/wiki/State_Human_Rights_Commission,en.wikipedia.org,encyclopedia,entity facts,3,states-mp-cg-rj-r2
https://en.wikipedia.org/wiki/Sukhvinder_Singh_Sukhu,en.wikipedia.org,encyclopedia,office-holder reference | office-holder,3,mlas-pb-hr-hp-dl | states-up-uk-hp
https://en.wikipedia.org/wiki/Sunetra_Pawar,en.wikipedia.org,encyclopedia,office-holder reference | office-holder,3,mlas-mh-gj-ga | states-mh-gj-ga
https://en.wikipedia.org/wiki/Sunil_Tatkare,en.wikipedia.org,encyclopedia,office-holder reference | office-holder,3,parliament-committees | parliament-lok-sabha-members
https://en.wikipedia.org/wiki/Surinder_Kumar_Choudhary,en.wikipedia.org,encyclopedia,office-holder reference | office-holder,3,mlas-jk-ar-mn-ml | states-dl-jk-la
https://en.wikipedia.org/wiki/Tejashwi_Yadav,en.wikipedia.org,encyclopedia,office-holder reference | office-holder,3,mlas-br-jh-od | states-br-jh-od
https://en.wikipedia.org/wiki/Thawar_Chand_Gehlot,en.wikipedia.org,encyclopedia,office-holder | office-holder reference | relationship,3,states-ka-ap-tg
https://en.wikipedia.org/wiki/Tika_Ram_Jully,en.wikipedia.org,encyclopedia,office-holder reference,3,mlas-mp-cg-rj | states-mp-cg-rj-r2 | states-mp-cg-rj
https://en.wikipedia.org/wiki/Tushar_Mehta,en.wikipedia.org,encyclopedia,office-holder | office-holder reference | relationship,3,core-apex
https://en.wikipedia.org/wiki/UCO_Bank,en.wikipedia.org,encyclopedia,entity facts | office-holder | relationship,3,ministries-a
https://en.wikipedia.org/wiki/Umang_Singhar,en.wikipedia.org,encyclopedia,office-holder reference,3,mlas-mp-cg-rj | states-mp-cg-rj-r2 | states-mp-cg-rj
https://en.wikipedia.org/wiki/Union_Bank_of_India,en.wikipedia.org,encyclopedia,entity facts | office-holder | relationship,3,ministries-a
https://en.wikipedia.org/wiki/Unique_Identification_Authority_of_India,en.wikipedia.org,encyclopedia,entity facts | office-holder,3,ministries-g
https://en.wikipedia.org/wiki/United_India_Insurance_Company,en.wikipedia.org,encyclopedia,entity facts | office-holder | relationship,3,ministries-a
https://en.wikipedia.org/wiki/V._K._Singh,en.wikipedia.org,encyclopedia,office-holder | office-holder reference | relationship,3,states-mz-nl-tr
https://en.wikipedia.org/wiki/Vasudev_Devnani,en.wikipedia.org,encyclopedia,office-holder reference,3,mlas-mp-cg-rj | states-mp-cg-rj-r2 | states-mp-cg-rj
https://en.wikipedia.org/wiki/Vijay_Kumar_Chaudhary,en.wikipedia.org,encyclopedia,office-holder reference | office-holder,3,mlas-br-jh-od | states-br-jh-od
https://en.wikipedia.org/wiki/Vijay_Sharma_(politician),en.wikipedia.org,encyclopedia,office-holder reference | office-holder,3,mlas-mp-cg-rj | states-mp-cg-rj
https://en.wikipedia.org/wiki/Vijender_Gupta,en.wikipedia.org,encyclopedia,office-holder reference | office-holder,3,mlas-pb-hr-hp-dl | states-dl-jk-la
https://en.wikipedia.org/wiki/Vikram_Nath,en.wikipedia.org,encyclopedia,office-holder reference,3,judiciary-supreme-court
https://en.wikipedia.org/wiki/West_Bengal_Human_Rights_Commission,en.wikipedia.org,encyclopedia,entity facts | office-holder | relationship,3,states-wb-as-sk
https://en.wikipedia.org/wiki/West_Bengal_Lokayukta,en.wikipedia.org,encyclopedia,entity facts | office-holder | relationship,3,states-wb-as-sk
https://en.wikipedia.org/wiki/West_Bengal_Public_Service_Commission,en.wikipedia.org,encyclopedia,entity facts | office-holder | relationship,3,states-wb-as-sk
https://en.wikipedia.org/wiki/West_Bengal_State_Election_Commission,en.wikipedia.org,encyclopedia,entity facts | office-holder | relationship,3,states-wb-as-sk
https://enforcementdirectorate.gov.in,enforcementdirectorate.gov.in,official,entity facts | official website,3,ministries-a
https://eudyan.hp.gov.in/Department/index.aspx,eudyan.hp.gov.in,official,entity facts | official website | relationship,3,state-depts-up-uk-hp
https://finance.mn.gov.in,finance.mn.gov.in,official,entity facts | official website | relationship,3,state-depts-ar-mn-ml
https://forest.manipurforest.gov.in,forest.manipurforest.gov.in,official,entity facts | official website | relationship,3,state-depts-ar-mn-ml
https://gadmanipur.nic.in,gadmanipur.nic.in,official,entity facts | official website | relationship,3,state-depts-ar-mn-ml
https://gstcouncil.gov.in/,gstcouncil.gov.in,official,entity facts | relationship,3,constitutional-bodies-r2
https://himachal.nic.in/ar,himachal.nic.in,official,entity facts | official website | relationship,3,state-depts-up-uk-hp
https://himachal.nic.in/dse,himachal.nic.in,official,entity facts | official website | relationship,3,state-depts-up-uk-hp
https://himachal.nic.in/finance,himachal.nic.in,official,entity facts | official website | relationship,3,state-depts-up-uk-hp
https://himachal.nic.in/fire,himachal.nic.in,official,entity facts | official website | relationship,3,state-depts-up-uk-hp
https://himachal.nic.in/gad,himachal.nic.in,official,entity facts | official website | relationship,3,state-depts-up-uk-hp
https://himachal.nic.in/health,himachal.nic.in,official,entity facts | official website | relationship,3,state-depts-up-uk-hp
https://himachal.nic.in/hipa,himachal.nic.in,official,entity facts | official website | relationship,3,state-depts-up-uk-hp
https://himachal.nic.in/home,himachal.nic.in,official,entity facts | official website | relationship,3,state-depts-up-uk-hp
https://himachal.nic.in/homeguard,himachal.nic.in,official,entity facts | official website | relationship,3,state-depts-up-uk-hp
https://himachal.nic.in/law,himachal.nic.in,official,entity facts | official website | relationship,3,state-depts-up-uk-hp
https://himachal.nic.in/lep,himachal.nic.in,official,entity facts | official website | relationship,3,state-depts-up-uk-hp
https://himachal.nic.in/personnel,himachal.nic.in,official,entity facts | official website | relationship,3,state-depts-up-uk-hp
https://himachal.nic.in/prosecution,himachal.nic.in,official,entity facts | official website | relationship,3,state-depts-up-uk-hp
https://himachal.nic.in/revenue,himachal.nic.in,official,entity facts | official website | relationship,3,state-depts-up-uk-hp
https://himachal.nic.in/sa,himachal.nic.in,official,entity facts | official website | relationship,3,state-depts-up-uk-hp
https://himachal.nic.in/transport,himachal.nic.in,official,entity facts | official website | relationship,3,state-depts-up-uk-hp
https://himachal.nic.in/yss,himachal.nic.in,official,entity facts | official website | relationship,3,state-depts-up-uk-hp
https://himkosh.hp.nic.in/halomis/,himkosh.hp.nic.in,official,entity facts | official website | relationship,3,state-depts-up-uk-hp
https://himkosh.nic.in/,himkosh.nic.in,official,entity facts | official website | relationship,3,state-depts-up-uk-hp
https://horticulture.mn.gov.in,horticulture.mn.gov.in,official,entity facts | official website | relationship,3,state-depts-ar-mn-ml
https://hpagrisnet.gov.in/hpagris/AnimalHusbandry/Default.aspx?SiteID=3&PageID=1380,hpagrisnet.gov.in,official,entity facts | official website | relationship,3,state-depts-up-uk-hp
https://hppns.hp.gov.in/,hppns.hp.gov.in,official,entity facts | official website | relationship,3,state-depts-up-uk-hp
https://hpprisons.nic.in/,hpprisons.nic.in,official,entity facts | official website | relationship,3,state-depts-up-uk-hp
https://ibm.gov.in,ibm.gov.in,official,entity facts | official website | office-holder,3,ministries-d
https://incometaxindia.gov.in,incometaxindia.gov.in,official,entity facts | official website,3,ministries-a
https://iocl.com,iocl.com,other,entity facts | official website | relationship,3,ministries-d
https://itat.gov.in/,itat.gov.in,official,entity facts | office-holder | relationship,3,judiciary-tribunals
https://jsv.hp.gov.in/,jsv.hp.gov.in,official,entity facts | official website | relationship,3,state-depts-up-uk-hp
https://lac.hp.gov.in/,lac.hp.gov.in,official,entity facts | official website | relationship,3,state-depts-up-uk-hp
https://lad.hp.gov.in/,lad.hp.gov.in,official,entity facts | official website | relationship,3,state-depts-up-uk-hp
https://ladakh.gov.in/finance-department-2/,ladakh.gov.in,official,entity facts | official website | office-holder,3,state-depts-dl-jk-la
https://ladakh.gov.in/general-administration-department/,ladakh.gov.in,official,entity facts | official website | office-holder,3,state-depts-dl-jk-la
https://ladakh.gov.in/health-department/,ladakh.gov.in,official,entity facts | official website | office-holder,3,state-depts-dl-jk-la
https://ladakh.gov.in/home/,ladakh.gov.in,official,entity facts | official website | office-holder,3,state-depts-dl-jk-la
https://manipur.gov.in,manipur.gov.in,official,official website | office-holder,3,states-ar-mn-ml
https://manipur.gov.in/?page_id=1654,manipur.gov.in,official,entity facts | official website | relationship,3,state-depts-ar-mn-ml
https://manipur.gov.in/?page_id=33169,manipur.gov.in,official,entity facts | official website | relationship,3,state-depts-ar-mn-ml
https://manipurhealthdirectorate.mn.gov.in,manipurhealthdirectorate.mn.gov.in,official,entity facts | official website | relationship,3,state-depts-ar-mn-ml
https://manipurlabour.mn.gov.in,manipurlabour.mn.gov.in,official,entity facts | official website | relationship,3,state-depts-ar-mn-ml
https://manipurminority.gov.in,manipurminority.gov.in,official,entity facts | official website | relationship,3,state-depts-ar-mn-ml
https://manipurtransport.gov.in,manipurtransport.gov.in,official,entity facts | official website | relationship,3,state-depts-ar-mn-ml
https://minorityaffairs.gov.in,minorityaffairs.gov.in,official,official website | office-holder,3,constitutional-bodies-r2 | constitutional-bodies
https://nagaland.gov.in,nagaland.gov.in,official,official website | office-holder,3,states-mz-nl-tr
https://nalsa.gov.in/current-executive-chairman/,nalsa.gov.in,official,entity facts | office-holder | relationship,3,judiciary-supreme-court
https://nclat.nic.in/,nclat.nic.in,official,entity facts | office-holder | relationship,3,judiciary-tribunals
https://nclt.gov.in/nclt-members,nclt.gov.in,official,entity facts | office-holder | relationship,3,judiciary-tribunals
https://ndma.gov.in/whos-who,ndma.gov.in,official,entity facts | office-holder,3,ministries-b1
https://nha.gov.in,nha.gov.in,official,entity facts | official website | office-holder,3,ministries-f
https://ntpc.co.in,ntpc.co.in,other,entity facts | official website | relationship,3,ministries-d
https://obpsud.hp.gov.in/,obpsud.hp.gov.in,official,entity facts | official website | relationship,3,state-depts-up-uk-hp
https://ongcindia.com,ongcindia.com,other,entity facts | official website | relationship,3,ministries-d
https://panchayat.hp.gov.in/,panchayat.hp.gov.in,official,entity facts | official website | relationship,3,state-depts-up-uk-hp
https://pdsmanipur.nic.in,pdsmanipur.nic.in,official,entity facts | official website | relationship,3,state-depts-ar-mn-ml
https://phedmanipur.gov.in/,phedmanipur.gov.in,official,entity facts | official website | relationship,3,state-depts-ar-mn-ml
https://planningmanipur.gov.in,planningmanipur.gov.in,official,entity facts | official website | relationship,3,state-depts-ar-mn-ml
https://pmgsy.nic.in,pmgsy.nic.in,official,entity facts | official website,3,ministries-e
https://prsindia.org/billtrack/the-constitution-one-hundred-and-thirtieth-amendment-bill-2025,prsindia.org,press / analysis,entity facts | official website | office-holder,3,parliament-committees
https://prsindia.org/billtrack/the-constitution-one-hundred-and-twenty-ninth-amendment-bill-2024,prsindia.org,press / analysis,entity facts | official website | office-holder,3,parliament-committees
https://prsindia.org/billtrack/the-viksit-bharat-shiksha-adhishthan-bill-2025,prsindia.org,press / analysis,entity facts | official website | office-holder,3,parliament-committees
https://prsindia.org/billtrack/the-waqf-amendment-bill-2024,prsindia.org,press / analysis,entity facts | official website | office-holder,3,parliament-committees
https://prsindia.org/parliamentary-committees/chemicals-and-fertilizers,prsindia.org,press / analysis,entity facts | office-holder | relationship,3,parliament-committees
https://prsindia.org/parliamentary-committees/commerce,prsindia.org,press / analysis,entity facts | office-holder | relationship,3,parliament-committees
https://prsindia.org/parliamentary-committees/defence,prsindia.org,press / analysis,entity facts | office-holder | relationship,3,parliament-committees
https://prsindia.org/parliamentary-committees/external-affairs,prsindia.org,press / analysis,entity facts | office-holder | relationship,3,parliament-committees
https://prsindia.org/parliamentary-committees/food-consumer-affairs-and-public-distribution,prsindia.org,press / analysis,entity facts | office-holder | relationship,3,parliament-committees
https://prsindia.org/parliamentary-committees/home-affairs,prsindia.org,press / analysis,entity facts | office-holder | relationship,3,parliament-committees
https://prsindia.org/parliamentary-committees/petroleum-natural-gas,prsindia.org,press / analysis,entity facts | office-holder | relationship,3,parliament-committees
https://prsindia.org/parliamentary-committees/public-accounts,prsindia.org,press / analysis,entity facts | official website | office-holder,3,parliament-committees
https://prsindia.org/parliamentary-committees/public-undertakings,prsindia.org,press / analysis,entity facts | official website | office-holder,3,parliament-committees
https://prsindia.org/parliamentary-committees/railways,prsindia.org,press / analysis,entity facts | office-holder | relationship,3,parliament-committees
https://prsindia.org/parliamentary-committees/urban-development,prsindia.org,press / analysis,entity facts | office-holder | relationship,3,parliament-committees
https://prsindia.org/parliamentary-committees/water-resources,prsindia.org,press / analysis,entity facts | office-holder | relationship,3,parliament-committees
https://rcsmanipur.gov.in,rcsmanipur.gov.in,official,entity facts | official website | relationship,3,state-depts-ar-mn-ml
https://rural.hp.gov.in,rural.hp.gov.in,official,entity facts | official website | relationship,3,state-depts-up-uk-hp
https://sansad.in/ls,sansad.in,official,entity facts | official website,3,parliament-lok-sabha-members | parliament-lok-sabha
https://serimanipur.nic.in,serimanipur.nic.in,official,entity facts | official website | relationship,3,state-depts-ar-mn-ml
https://sikkim.gov.in/departments/building-and-housing-department,sikkim.gov.in,official,entity facts | official website | relationship,3,state-depts-wb-as-sk
https://sikkim.gov.in/departments/commerce-and-industries-department,sikkim.gov.in,official,entity facts | official website | relationship,3,state-depts-wb-as-sk
https://sikkim.gov.in/departments/cooperation-department,sikkim.gov.in,official,entity facts | official website | relationship,3,state-depts-wb-as-sk
https://sikkim.gov.in/departments/cultural-affairs-and-heritage-department,sikkim.gov.in,official,entity facts | official website | relationship,3,state-depts-wb-as-sk
https://sikkim.gov.in/departments/department-of-personnel-public-grievances,sikkim.gov.in,official,entity facts | official website | relationship,3,state-depts-wb-as-sk
https://sikkim.gov.in/departments/department-of-science-technology,sikkim.gov.in,official,entity facts | official website | relationship,3,state-depts-wb-as-sk
https://sikkim.gov.in/departments/desme,sikkim.gov.in,official,entity facts | official website | relationship,3,state-depts-wb-as-sk
https://sikkim.gov.in/departments/development-planning-economic-reforms-affairs-department,sikkim.gov.in,official,entity facts | official website | relationship,3,state-depts-wb-as-sk
https://sikkim.gov.in/departments/ecclesiastical-affairs-department,sikkim.gov.in,official,entity facts | official website | relationship,3,state-depts-wb-as-sk
https://sikkim.gov.in/departments/education-department,sikkim.gov.in,official,entity facts | official website | relationship,3,state-depts-wb-as-sk
https://sikkim.gov.in/departments/election-department,sikkim.gov.in,official,entity facts | official website | relationship,3,state-depts-wb-as-sk
https://sikkim.gov.in/departments/energy-and-power-department,sikkim.gov.in,official,entity facts | official website | relationship,3,state-depts-wb-as-sk
https://sikkim.gov.in/departments/excise-department,sikkim.gov.in,official,entity facts | official website | relationship,3,state-depts-wb-as-sk
https://sikkim.gov.in/departments/finance-revenue-expenditure-department,sikkim.gov.in,official,entity facts | official website | relationship,3,state-depts-wb-as-sk
https://sikkim.gov.in/departments/fisheries-department,sikkim.gov.in,official,entity facts | official website | relationship,3,state-depts-wb-as-sk
https://sikkim.gov.in/departments/food-civil-supplies-department,sikkim.gov.in,official,entity facts | official website | relationship,3,state-depts-wb-as-sk
https://sikkim.gov.in/departments/food-security-and-agriculture-development-department,sikkim.gov.in,official,entity facts | official website | relationship,3,state-depts-wb-as-sk
https://sikkim.gov.in/departments/forest-environment-and-wildlife-department,sikkim.gov.in,official,entity facts | official website | relationship,3,state-depts-wb-as-sk
https://sikkim.gov.in/departments/health-family-welfare-department,sikkim.gov.in,official,entity facts | official website | relationship,3,state-depts-wb-as-sk
https://sikkim.gov.in/departments/home-department,sikkim.gov.in,official,entity facts | official website | relationship,3,state-depts-wb-as-sk
https://sikkim.gov.in/departments/horticulture-cash-crop-department,sikkim.gov.in,official,entity facts | official website | relationship,3,state-depts-wb-as-sk
https://sikkim.gov.in/departments/information-and-public-relations-department,sikkim.gov.in,official,entity facts | official website | relationship,3,state-depts-wb-as-sk
https://sikkim.gov.in/departments/information-technology-department,sikkim.gov.in,official,entity facts | official website | relationship,3,state-depts-wb-as-sk
https://sikkim.gov.in/departments/labour-department,sikkim.gov.in,official,entity facts | official website | relationship,3,state-depts-wb-as-sk
https://sikkim.gov.in/departments/land-revenue-disaster-management,sikkim.gov.in,official,entity facts | official website | relationship,3,state-depts-wb-as-sk
https://sikkim.gov.in/departments/law-parliamentary-affairs-department,sikkim.gov.in,official,entity facts | official website | relationship,3,state-depts-wb-as-sk
https://sikkim.gov.in/departments/mines-minerals-and-geology,sikkim.gov.in,official,entity facts | official website | relationship,3,state-depts-wb-as-sk
https://sikkim.gov.in/departments/printing-stationery-department,sikkim.gov.in,official,entity facts | official website | relationship,3,state-depts-wb-as-sk
https://sikkim.gov.in/departments/roads-and-bridges-department,sikkim.gov.in,official,entity facts | official website | relationship,3,state-depts-wb-as-sk
https://sikkim.gov.in/departments/rural-management-development-department,sikkim.gov.in,official,entity facts | official website | relationship,3,state-depts-wb-as-sk
https://sikkim.gov.in/departments/sikkim-ahvs,sikkim.gov.in,official,entity facts | official website | relationship,3,state-depts-wb-as-sk
https://sikkim.gov.in/departments/social-welfare-department,sikkim.gov.in,official,entity facts | official website | relationship,3,state-depts-wb-as-sk
https://sikkim.gov.in/departments/sports-and-youth-affairs-department,sikkim.gov.in,official,entity facts | official website | relationship,3,state-depts-wb-as-sk
https://sikkim.gov.in/departments/state-institute-of-capacity-building,sikkim.gov.in,official,entity facts | official website | relationship,3,state-depts-wb-as-sk
https://sikkim.gov.in/departments/tourism-civil-aviation-department,sikkim.gov.in,official,entity facts | official website | relationship,3,state-depts-wb-as-sk
https://sikkim.gov.in/departments/transport-department,sikkim.gov.in,official,entity facts | official website | relationship,3,state-depts-wb-as-sk
https://sikkim.gov.in/departments/urban-dev-housing-department,sikkim.gov.in,official,entity facts | official website | relationship,3,state-depts-wb-as-sk
https://sikkim.gov.in/departments/water-resource-river-development-department,sikkim.gov.in,official,entity facts | official website | relationship,3,state-depts-wb-as-sk
https://sikkim.gov.in/departments/water-security-phe-department,sikkim.gov.in,official,entity facts | official website | relationship,3,state-depts-wb-as-sk
https://sikkim.gov.in/departments/women-child-senior-citizen-and-divyangjan-welfare-department,sikkim.gov.in,official,entity facts | official website | relationship,3,state-depts-wb-as-sk
https://socialwelfare.mn.gov.in,socialwelfare.mn.gov.in,official,entity facts | official website | relationship,3,state-depts-ar-mn-ml
https://ssavings.hp.gov.in/,ssavings.hp.gov.in,official,entity facts | official website | relationship,3,state-depts-up-uk-hp
https://swd.hp.gov.in/,swd.hp.gov.in,official,entity facts | official website | relationship,3,state-depts-up-uk-hp
https://tdsat.gov.in/,tdsat.gov.in,official,entity facts | relationship,3,judiciary-tribunals
https://tpmanipur.mn.gov.in,tpmanipur.mn.gov.in,official,entity facts | official website | relationship,3,state-depts-ar-mn-ml
https://tribal.hp.gov.in/en-in/,tribal.hp.gov.in,official,entity facts | official website | relationship,3,state-depts-up-uk-hp
https://tribal.nic.in,tribal.nic.in,official,entity facts | official website,3,ministries-f
https://ud.hp.gov.in/,ud.hp.gov.in,official,entity facts | official website | relationship,3,state-depts-up-uk-hp
https://upsc.gov.in,upsc.gov.in,official,official website | office-holder,3,constitutional-bodies-r2 | constitutional-bodies
https://vetymanipur.nic.in,vetymanipur.nic.in,official,entity facts | official website | relationship,3,state-depts-ar-mn-ml
https://wb.gov.in,wb.gov.in,official,official website,3,states-wb-as-sk
https://wb.gov.in/departments-details.aspx?id=D170907140022669&page=Agriculture,wb.gov.in,official,entity facts | official website | relationship,3,state-depts-wb-as-sk
https://wb.gov.in/departments-details.aspx?id=D170911133209662&page=Women-and-Child-Development-and-Social-Welfare,wb.gov.in,official,entity facts | official website | relationship,3,state-depts-wb-as-sk
https://wb.gov.in/departments-details.aspx?id=D170911192215847&page=Agricultural-Marketing,wb.gov.in,official,entity facts | official website | relationship,3,state-depts-wb-as-sk
https://wb.gov.in/departments-details.aspx?id=D170911193153844&page=Law,wb.gov.in,official,entity facts | official website | relationship,3,state-depts-wb-as-sk
https://wb.gov.in/departments-details.aspx?id=D171017150714382&page=Backward-Classes-Welfare,wb.gov.in,official,entity facts | official website | relationship,3,state-depts-wb-as-sk
https://wb.gov.in/departments-details.aspx?id=D171017154447525&page=Consumer-Affairs,wb.gov.in,official,entity facts | official website | relationship,3,state-depts-wb-as-sk
https://wb.gov.in/departments-details.aspx?id=D171017163539655&page=Disaster-Management-and-Civil-Defence,wb.gov.in,official,entity facts | official website | relationship,3,state-depts-wb-as-sk
https://wb.gov.in/departments-details.aspx?id=D171017170617993&page=Public-Works,wb.gov.in,official,entity facts | official website | relationship,3,state-depts-wb-as-sk
https://wb.gov.in/departments-details.aspx?id=D171017172319499&page=Co-operation,wb.gov.in,official,entity facts | official website | relationship,3,state-depts-wb-as-sk
https://wb.gov.in/departments-details.aspx?id=D171017174354943&page=Water-resources-Investigation-and-Development,wb.gov.in,official,entity facts | official website | relationship,3,state-depts-wb-as-sk
https://wb.gov.in/departments-details.aspx?id=D171017180005140&page=Forests,wb.gov.in,official,entity facts | official website | relationship,3,state-depts-wb-as-sk
https://wb.gov.in/departments-details.aspx?id=D171017183526213&page=Fire-and-Emergency-Services,wb.gov.in,official,entity facts | official website | relationship,3,state-depts-wb-as-sk
https://wb.gov.in/departments-details.aspx?id=D171017184737480&page=Fisheries,wb.gov.in,official,entity facts | official website | relationship,3,state-depts-wb-as-sk
https://wb.gov.in/departments-details.aspx?id=D171017185942366&page=Food-and-Supplies,wb.gov.in,official,entity facts | official website | relationship,3,state-depts-wb-as-sk
https://wb.gov.in/departments-details.aspx?id=D171018161534384&page=School-Education,wb.gov.in,official,entity facts | official website | relationship,3,state-depts-wb-as-sk
https://wb.gov.in/departments-details.aspx?id=D171018162508574&page=Irrigation-and-Waterways,wb.gov.in,official,entity facts | official website | relationship,3,state-depts-wb-as-sk
"https://wb.gov.in/departments-details.aspx?id=D171018165634914&page=Technical-Education,-Training-&-Skill-Development",wb.gov.in,official,entity facts | official website | relationship,3,state-depts-wb-as-sk
https://wb.gov.in/departments-details.aspx?id=D171018171340413&page=Minority-Affairs-and-Madrasah-Education,wb.gov.in,official,entity facts | official website | relationship,3,state-depts-wb-as-sk
https://wb.gov.in/departments-details.aspx?id=D171018172611445&page=Panchayats-and-Rural-Development,wb.gov.in,official,entity facts | official website | relationship,3,state-depts-wb-as-sk
https://wb.gov.in/departments-details.aspx?id=D171018180121068&page=Personnel-and-Administrative-Reforms,wb.gov.in,official,entity facts | official website | relationship,3,state-depts-wb-as-sk
https://wb.gov.in/departments-details.aspx?id=D171020123459389&page=Home-and-Hill-Affairs,wb.gov.in,official,entity facts | official website | relationship,3,state-depts-wb-as-sk
"https://wb.gov.in/departments-details.aspx?id=D171020131559014&page=Micro,-Small-and-Medium-Enterprises-and-Textiles",wb.gov.in,official,entity facts | official website | relationship,3,state-depts-wb-as-sk
https://wb.gov.in/departments-details.aspx?id=D171020140220000&page=Finance,wb.gov.in,official,entity facts | official website | relationship,3,state-depts-wb-as-sk
https://wb.gov.in/departments-details.aspx?id=D171020143832834&page=North-Bengal-Development,wb.gov.in,official,entity facts | official website | relationship,3,state-depts-wb-as-sk
https://wb.gov.in/departments-details.aspx?id=D171020165646074&page=Power,wb.gov.in,official,entity facts | official website | relationship,3,state-depts-wb-as-sk
https://wb.gov.in/departments-details.aspx?id=D171020170927932&page=Public-Health-Engineering,wb.gov.in,official,entity facts | official website | relationship,3,state-depts-wb-as-sk
https://wb.gov.in/departments-details.aspx?id=D171020173250687&page=Self-Help-Group-and-Self-Employment,wb.gov.in,official,entity facts | official website | relationship,3,state-depts-wb-as-sk
https://wb.gov.in/departments-details.aspx?id=D171020182119249&page=Tourism,wb.gov.in,official,entity facts | official website | relationship,3,state-depts-wb-as-sk
https://wb.gov.in/departments-details.aspx?id=D171020185144156&page=Tribal-Development,wb.gov.in,official,entity facts | official website | relationship,3,state-depts-wb-as-sk
https://wb.gov.in/departments-details.aspx?id=D171020190026414&page=Urban-Development-and-Municipal-Affairs,wb.gov.in,official,entity facts | official website | relationship,3,state-depts-wb-as-sk
https://wb.gov.in/departments-details.aspx?id=D171020191849227&page=Youth-Services-and-Sports,wb.gov.in,official,entity facts | official website | relationship,3,state-depts-wb-as-sk
https://wb.gov.in/departments-details.aspx?id=D171023115944549&page=Labour,wb.gov.in,official,entity facts | official website | relationship,3,state-depts-wb-as-sk
https://wb.gov.in/departments-details.aspx?id=D171026145955640&page=Housing,wb.gov.in,official,entity facts | official website | relationship,3,state-depts-wb-as-sk
https://wb.gov.in/departments-details.aspx?id=D171026152816854&page=Environment,wb.gov.in,official,entity facts | official website | relationship,3,state-depts-wb-as-sk
https://wb.gov.in/departments-details.aspx?id=D171104154524399&page=Information-&-Cultural-Affairs,wb.gov.in,official,entity facts | official website | relationship,3,state-depts-wb-as-sk
https://wb.gov.in/departments-details.aspx?id=D171104161241934&page=Animal-Resources-Development,wb.gov.in,official,entity facts | official website | relationship,3,state-depts-wb-as-sk
https://wb.gov.in/departments-details.aspx?id=D171104170336887&page=Correctional-Administration,wb.gov.in,official,entity facts | official website | relationship,3,state-depts-wb-as-sk
https://wb.gov.in/departments-details.aspx?id=D171104174502424&page=Food-Processing-Industries-and-Horticulture,wb.gov.in,official,entity facts | official website | relationship,3,state-depts-wb-as-sk
https://wb.gov.in/departments-details.aspx?id=D171104175411966&page=Health-and-Family-Welfare,wb.gov.in,official,entity facts | official website | relationship,3,state-depts-wb-as-sk
https://wb.gov.in/departments-details.aspx?id=D171104180458821&page=Information-Technology-and-Electronics,wb.gov.in,official,entity facts | official website | relationship,3,state-depts-wb-as-sk
https://wb.gov.in/departments-details.aspx?id=D171104182519414&page=Judicial,wb.gov.in,official,entity facts | official website | relationship,3,state-depts-wb-as-sk
https://wb.gov.in/departments-details.aspx?id=D171106120119131&page=Mass-Education-Extension-and-Library-Services,wb.gov.in,official,entity facts | official website | relationship,3,state-depts-wb-as-sk
https://wb.gov.in/departments-details.aspx?id=D171106121346123&page=Parliamentary-Affairs,wb.gov.in,official,entity facts | official website | relationship,3,state-depts-wb-as-sk
https://wb.gov.in/departments-details.aspx?id=D171106122417409&page=Paschimanchal-Unnayan-Affairs,wb.gov.in,official,entity facts | official website | relationship,3,state-depts-wb-as-sk
https://wb.gov.in/departments-details.aspx?id=D171106123639518&page=Planning-and-Statistics,wb.gov.in,official,entity facts | official website | relationship,3,state-depts-wb-as-sk
"https://wb.gov.in/departments-details.aspx?id=D180824112903743&page=Industry,-Commerce-and-Enterprises",wb.gov.in,official,entity facts | official website | relationship,3,state-depts-wb-as-sk
https://wb.gov.in/departments-details.aspx?id=D190305155018113&page=Sundarban-Affairs,wb.gov.in,official,entity facts | official website | relationship,3,state-depts-wb-as-sk
https://wb.gov.in/departments-details.aspx?id=D190305165850306&page=Land-and-Land-Reforms-and-Refugee-Relief-and-Rehabilitation,wb.gov.in,official,entity facts | official website | relationship,3,state-depts-wb-as-sk
https://wb.gov.in/departments-details.aspx?id=D190305174659142&page=Transport,wb.gov.in,official,entity facts | official website | relationship,3,state-depts-wb-as-sk
https://wb.gov.in/departments-details.aspx?id=D190305175821427&page=Science-and-Technology-and-Biotechnology,wb.gov.in,official,entity facts | official website | relationship,3,state-depts-wb-as-sk
https://wb.gov.in/departments-details.aspx?id=D190722192535757&page=Higher-Education,wb.gov.in,official,entity facts | official website | relationship,3,state-depts-wb-as-sk
https://wb.gov.in/departments-details.aspx?id=D191118102924750&page=Non-Conventional-and-Renewable-Energy-Sources,wb.gov.in,official,entity facts | official website | relationship,3,state-depts-wb-as-sk
https://wb.gov.in/departments-details.aspx?id=D191204073202606&page=Public-Enterprises-and-Industrial-Reconstruction,wb.gov.in,official,entity facts | official website | relationship,3,state-depts-wb-as-sk
https://wb.gov.in/departments-details.aspx?id=D220816122624643&page=Programme-Monitoring,wb.gov.in,official,entity facts | official website | relationship,3,state-depts-wb-as-sk
https://wrd.mn.gov.in,wrd.mn.gov.in,official,entity facts | official website | relationship,3,state-depts-ar-mn-ml
https://www.adminreform.upsdc.gov.in,adminreform.upsdc.gov.in,official,entity facts | official website | relationship,3,state-depts-up-uk-hp
https://www.andrewyule.com,andrewyule.com,other,entity facts | official website | relationship,3,ministries-d
https://www.animalhusb.upsdc.gov.in,animalhusb.upsdc.gov.in,official,entity facts | official website | relationship,3,state-depts-up-uk-hp
https://www.ap.gov.in,ap.gov.in,official,entity facts | official website,3,states-ka-ap-tg
https://www.awas.upsdc.gov.in,awas.upsdc.gov.in,official,entity facts | official website | relationship,3,state-depts-up-uk-hp
https://www.backwardwelfareup.gov.in,backwardwelfareup.gov.in,official,entity facts | official website | relationship,3,state-depts-up-uk-hp
https://www.balvikasup.gov.in,balvikasup.gov.in,official,entity facts | official website | relationship,3,state-depts-up-uk-hp
https://www.basiceducation.up.gov.in,basiceducation.up.gov.in,official,entity facts | official website | relationship,3,state-depts-up-uk-hp
https://www.bharatpetroleum.in,bharatpetroleum.in,other,entity facts | official website | relationship,3,ministries-d
https://www.bhel.com,bhel.com,other,entity facts | official website | relationship,3,ministries-d
https://www.cadup.gov.in,cadup.gov.in,official,entity facts | official website | relationship,3,state-depts-up-uk-hp
https://www.cbfcindia.gov.in/,cbfcindia.gov.in,official,entity facts | office-holder,3,ministries-g
https://www.cci.gov.in/commission,cci.gov.in,official,entity facts | office-holder,3,regulators
https://www.cooperativeup.gov.in,cooperativeup.gov.in,official,entity facts | official website | relationship,3,state-depts-up-uk-hp
https://www.coordination.up.gov.in,coordination.up.gov.in,official,entity facts | official website | relationship,3,state-depts-up-uk-hp
https://www.ddpmod.gov.in/en,ddpmod.gov.in,official,entity facts | official website | office-holder,3,ministries-b2
https://www.dgmhup.gov.in/,dgmhup.gov.in,official,entity facts | official website | relationship,3,state-depts-up-uk-hp
https://www.dirsamajkalyan.in,dirsamajkalyan.in,other,entity facts | official website | relationship,3,state-depts-up-uk-hp
https://www.dpsup.up.gov.in/en,dpsup.up.gov.in,official,entity facts | official website | relationship,3,state-depts-up-uk-hp
https://www.dstup.gov.in,dstup.gov.in,official,entity facts | official website | relationship,3,state-depts-up-uk-hp
https://www.eap.up.gov.in,eap.up.gov.in,official,entity facts | official website | relationship,3,state-depts-up-uk-hp
https://www.engineersindia.com,engineersindia.com,other,entity facts | official website | relationship,3,ministries-d
https://www.estate-up.gov.in,estate-up.gov.in,official,entity facts | official website | relationship,3,state-depts-up-uk-hp
https://www.fcs.up.gov.in,fcs.up.gov.in,official,entity facts | official website | relationship,3,state-depts-up-uk-hp
https://www.filmbandhuup.gov.in,filmbandhuup.gov.in,official,entity facts | official website | relationship,3,state-depts-up-uk-hp
https://www.finance.up.nic.in,finance.up.nic.in,official,entity facts | official website | relationship,3,state-depts-up-uk-hp
https://www.fisheries.mn.gov.in,fisheries.mn.gov.in,official,entity facts | official website | relationship,3,state-depts-ar-mn-ml
https://www.fisheries.up.gov.in/,fisheries.up.gov.in,official,entity facts | official website | relationship,3,state-depts-up-uk-hp
https://www.gailonline.com,gailonline.com,other,entity facts | official website | relationship,3,ministries-d
https://www.grid-india.in,grid-india.in,other,entity facts | official website | relationship,3,ministries-d
https://www.gsi.gov.in,gsi.gov.in,official,entity facts | official website | office-holder,3,ministries-d
https://www.handloom.upsdc.gov.in,handloom.upsdc.gov.in,official,entity facts | official website | relationship,3,state-depts-up-uk-hp
https://www.hindustancopper.com,hindustancopper.com,other,entity facts | official website | office-holder,3,ministries-d
https://www.hindustanpetroleum.com,hindustanpetroleum.com,other,entity facts | official website | relationship,3,ministries-d
https://www.hindustantimes.com/india-news/senior-ips-officer-amit-garg-named-ncrb-chief-alok-kumar-mittal-to-head-bprd-101783348354649.html,hindustantimes.com,press / analysis,office-holder,3,ministries-b1
https://www.homeguard.up.gov.in,homeguard.up.gov.in,official,entity facts | official website | relationship,3,state-depts-up-uk-hp
https://www.icwa.in,icwa.in,other,entity facts | official website | office-holder,3,ministries-b3
https://www.idup.gov.in,idup.gov.in,official,entity facts | official website | relationship,3,state-depts-up-uk-hp
https://www.iemsme.in/en,iemsme.in,other,entity facts | official website | relationship,3,state-depts-up-uk-hp
https://www.igrsup.gov.in,igrsup.gov.in,official,entity facts | official website | relationship,3,state-depts-up-uk-hp
https://www.indiacode.nic.in/handle/123456789/1608,indiacode.nic.in,official,legal basis,3,states-pb-hr-ch-r2
https://www.information.up.gov.in,information.up.gov.in,official,entity facts | official website | relationship,3,state-depts-up-uk-hp
https://www.inspace.gov.in,inspace.gov.in,official,entity facts | official website | office-holder,3,ministries-d
https://www.invest.up.gov.in/,invest.up.gov.in,official,entity facts | official website | relationship,3,state-depts-up-uk-hp
https://www.kioclltd.in,kioclltd.in,other,entity facts | official website | relationship,3,ministries-d
https://www.kviconline.gov.in,kviconline.gov.in,official,entity facts | official website,3,ministries-a
https://www.language.upsdc.gov.in,language.upsdc.gov.in,official,entity facts | official website | relationship,3,state-depts-up-uk-hp
https://www.legalmetrology-up.gov.in,legalmetrology-up.gov.in,official,entity facts | official website | relationship,3,state-depts-up-uk-hp
https://www.linkedin.com/posts/department-of-administrative-reforms-and-public-grievances-government-of-india_darpg-activity-7447568301704187904-cHib,linkedin.com,other,entity facts | office-holder,3,ministries-b3
https://www.madhyamikshiksha.upsdc.gov.in,madhyamikshiksha.upsdc.gov.in,official,entity facts | official website | relationship,3,state-depts-up-uk-hp
https://www.mahilakalyan.up.nic.in,mahilakalyan.up.nic.in,official,entity facts | official website | relationship,3,state-depts-up-uk-hp
https://www.mca.gov.in,mca.gov.in,official,entity facts | official website,3,ministries-a
https://www.meconlimited.co.in,meconlimited.co.in,other,entity facts | official website | relationship,3,ministries-d
https://www.minorirrigationup.gov.in,minorirrigationup.gov.in,official,entity facts | official website | relationship,3,state-depts-up-uk-hp
https://www.minorityaffairs.gov.in,minorityaffairs.gov.in,official,entity facts | official website,3,ministries-f
https://www.minoritywelfare.up.gov.in,minoritywelfare.up.gov.in,official,entity facts | official website | relationship,3,state-depts-up-uk-hp
https://www.mohfw.gov.in,mohfw.gov.in,official,entity facts | official website,3,ministries-f
https://www.moil.nic.in,moil.nic.in,official,entity facts | official website | relationship,3,ministries-d
https://www.nalcoindia.com,nalcoindia.com,other,entity facts | official website | relationship,3,ministries-d
https://www.ncdc.in,ncdc.in,other,entity facts | official website | office-holder,3,ministries-b3
https://www.nhpcindia.com,nhpcindia.com,other,entity facts | official website | relationship,3,ministries-d
https://www.niyuktionline.upsdc.gov.in,niyuktionline.upsdc.gov.in,official,entity facts | official website | relationship,3,state-depts-up-uk-hp
https://www.nmdc.co.in,nmdc.co.in,other,entity facts | official website | relationship,3,ministries-d
https://www.npcil.nic.in,npcil.nic.in,official,entity facts | official website | relationship,3,ministries-d
https://www.nri.up.gov.in,nri.up.gov.in,official,entity facts | official website | relationship,3,state-depts-up-uk-hp
https://www.nsilindia.co.in,nsilindia.co.in,other,entity facts | official website | office-holder,3,ministries-d
https://www.oil-india.com,oil-india.com,other,entity facts | official website | relationship,3,ministries-d
https://www.pfcindia.com,pfcindia.com,other,entity facts | official website | relationship,3,ministries-d
https://www.planning.up.nic.in,planning.up.nic.in,official,entity facts | official website | relationship,3,state-depts-up-uk-hp
https://www.powergrid.in,powergrid.in,other,entity facts | official website | relationship,3,ministries-d
https://www.presidentofindia.gov.in,presidentofindia.gov.in,official,entity facts | official website | office-holder,3,core-apex
https://www.protocol.up.nic.in,protocol.up.nic.in,official,entity facts | official website | relationship,3,state-depts-up-uk-hp
https://www.revenue.up.nic.in,revenue.up.nic.in,official,entity facts | official website | relationship,3,state-depts-up-uk-hp
https://www.ruraldevp.up.gov.in,ruraldevp.up.gov.in,official,entity facts | official website | relationship,3,state-depts-up-uk-hp
https://www.sadup.gov.in,sadup.gov.in,official,entity facts | official website | relationship,3,state-depts-up-uk-hp
https://www.sail.co.in,sail.co.in,other,entity facts | official website | relationship,3,ministries-d
https://www.sarvjanikudyam.up.nic.in,sarvjanikudyam.up.nic.in,official,entity facts | official website | relationship,3,state-depts-up-uk-hp
https://www.seci.co.in,seci.co.in,other,entity facts | official website | relationship,3,ministries-d
https://www.sericulture.up.gov.in,sericulture.up.gov.in,official,entity facts | official website | relationship,3,state-depts-up-uk-hp
https://www.sidbi.in/en/about,sidbi.in,other,entity facts | office-holder,3,regulators
https://www.sikkim.gov.in,sikkim.gov.in,official,official website,3,states-wb-as-sk
https://www.sjvn.nic.in,sjvn.nic.in,official,entity facts | official website | relationship,3,ministries-d
https://www.skpn.up.gov.in,skpn.up.gov.in,official,entity facts | official website | relationship,3,state-depts-up-uk-hp
https://www.spmcil.com,spmcil.com,other,entity facts | official website,3,ministries-a
https://www.telangana.gov.in,telangana.gov.in,official,entity facts | official website,3,states-ka-ap-tg
https://www.thdc.co.in,thdc.co.in,other,entity facts | official website | relationship,3,ministries-d
https://www.tn.gov.in/dept_profile.php?dep_id=Mg==,tn.gov.in,official,entity facts | official website | relationship,3,state-depts-tn-kl-py
https://www.tn.gov.in/dept_profile.php?dep_id=MjA=,tn.gov.in,official,entity facts | official website | relationship,3,state-depts-tn-kl-py
https://www.tn.gov.in/dept_profile.php?dep_id=Mzg=,tn.gov.in,official,entity facts | official website | relationship,3,state-depts-tn-kl-py
https://www.up-gst.com,up-gst.com,other,entity facts | official website | relationship,3,state-depts-up-uk-hp
https://www.up-gst.com/entertainmenttax/,up-gst.com,other,entity facts | official website | relationship,3,state-depts-up-uk-hp
https://www.upagripardarshi.gov.in,upagripardarshi.gov.in,official,entity facts | official website | relationship,3,state-depts-up-uk-hp
https://www.upcane.gov.in,upcane.gov.in,official,entity facts | official website | relationship,3,state-depts-up-uk-hp
https://www.upculture.up.nic.in,upculture.up.nic.in,official,entity facts | official website | relationship,3,state-depts-up-uk-hp
https://www.updairydevelopment.gov.in,updairydevelopment.gov.in,official,entity facts | official website | relationship,3,state-depts-up-uk-hp
https://www.updharmarthkarya.in,updharmarthkarya.in,other,entity facts | official website | relationship,3,state-depts-up-uk-hp
https://www.upforest.gov.in,upforest.gov.in,official,entity facts | official website | relationship,3,state-depts-up-uk-hp
https://www.upgwd.gov.in,upgwd.gov.in,official,entity facts | official website | relationship,3,state-depts-up-uk-hp
https://www.uphed.gov.in,uphed.gov.in,official,entity facts | official website | relationship,3,state-depts-up-uk-hp
https://www.uphome.gov.in,uphome.gov.in,official,entity facts | official website | relationship,3,state-depts-up-uk-hp
https://www.uphorticulture.in,uphorticulture.in,other,entity facts | official website | relationship,3,state-depts-up-uk-hp
https://www.uphwd.gov.in,uphwd.gov.in,official,entity facts | official website | relationship,3,state-depts-up-uk-hp
https://www.upite.gov.in,upite.gov.in,official,entity facts | official website | relationship,3,state-depts-up-uk-hp
https://www.uplabour.gov.in,uplabour.gov.in,official,entity facts | official website | relationship,3,state-depts-up-uk-hp
https://www.upneda.org.in,upneda.org.in,other,entity facts | official website | relationship,3,state-depts-up-uk-hp
https://www.upparliamentaryaffairs.gov.in,upparliamentaryaffairs.gov.in,official,entity facts | official website | relationship,3,state-depts-up-uk-hp
https://www.upprison.gov.in,upprison.gov.in,official,entity facts | official website | relationship,3,state-depts-up-uk-hp
https://www.uppwd.gov.in,uppwd.gov.in,official,entity facts | official website | relationship,3,state-depts-up-uk-hp
https://www.upred.gov.in,upred.gov.in,official,entity facts | official website | relationship,3,state-depts-up-uk-hp
https://www.upsports.gov.in,upsports.gov.in,official,entity facts | official website | relationship,3,state-depts-up-uk-hp
https://www.uptourism.gov.in,uptourism.gov.in,official,entity facts | official website | relationship,3,state-depts-up-uk-hp
https://www.uptransport.upsdc.gov.in,uptransport.upsdc.gov.in,official,entity facts | official website | relationship,3,state-depts-up-uk-hp
https://www.upvidhai.gov.in,upvidhai.gov.in,official,entity facts | official website | relationship,3,state-depts-up-uk-hp
https://www.urbandevelopment.up.nic.in,urbandevelopment.up.nic.in,official,entity facts | official website | relationship,3,state-depts-up-uk-hp
https://www.vizagsteel.com,vizagsteel.com,other,entity facts | official website | relationship,3,ministries-d
https://www.yuvasathi.in/,yuvasathi.in,other,entity facts | official website | relationship,3,state-depts-up-uk-hp
http://agri.haryana.gov.in,agri.haryana.gov.in,official,entity facts | official website,2,state-depts-pb-hr-ch
http://archaeologyharyana.nic.in,archaeologyharyana.nic.in,official,entity facts | official website,2,state-depts-pb-hr-ch
http://ceiharyana.in,ceiharyana.in,other,entity facts | official website,2,state-depts-pb-hr-ch
http://chandigarhenvis.gov.in,chandigarhenvis.gov.in,official,entity facts | official website,2,state-depts-pb-hr-ch
http://chandigarhsainikwelfare.org,chandigarhsainikwelfare.org,other,entity facts | official website,2,state-depts-pb-hr-ch
http://chandigarhtourism.gov.in,chandigarhtourism.gov.in,official,entity facts | official website,2,state-depts-pb-hr-ch
http://chdanimalhusbandry.gov.in,chdanimalhusbandry.gov.in,official,entity facts | official website,2,state-depts-pb-hr-ch
http://chdctu.gov.in,chdctu.gov.in,official,entity facts | official website,2,state-depts-pb-hr-ch
http://chdeducation.gov.in,chdeducation.gov.in,official,entity facts | official website,2,state-depts-pb-hr-ch
http://chdfood.gov.in,chdfood.gov.in,official,entity facts | official website,2,state-depts-pb-hr-ch
http://chdit.gov.in/,chdit.gov.in,official,entity facts | official website,2,state-depts-pb-hr-ch
http://chdmuseum.nic.in,chdmuseum.nic.in,official,entity facts | official website,2,state-depts-pb-hr-ch
http://chdpeo.gov.in/,chdpeo.gov.in,official,entity facts | official website,2,state-depts-pb-hr-ch
http://chdpr.gov.in,chdpr.gov.in,official,entity facts | official website,2,state-depts-pb-hr-ch
http://chdsw.gov.in/,chdsw.gov.in,official,entity facts | official website,2,state-depts-pb-hr-ch
http://chdtechnicaleducation.gov.in,chdtechnicaleducation.gov.in,official,entity facts | official website,2,state-depts-pb-hr-ch
http://chdtransport.gov.in,chdtransport.gov.in,official,entity facts | official website,2,state-depts-pb-hr-ch
http://comtax.uk.gov.in,comtax.uk.gov.in,official,entity facts | relationship,2,state-depts-up-uk-hp
http://ct.odisha.gov.in/,ct.odisha.gov.in,official,entity facts | official website,2,state-depts-br-jh-od
http://dest.hp.gov.in/,dest.hp.gov.in,official,entity facts | official website,2,state-depts-up-uk-hp
http://dgm.uk.gov.in,dgm.uk.gov.in,official,entity facts | official website,2,state-depts-up-uk-hp
http://dhe.odisha.gov.in/,dhe.odisha.gov.in,official,entity facts | official website,2,state-depts-br-jh-od
http://dsnd.haryana.gov.in,dsnd.haryana.gov.in,official,entity facts | official website,2,state-depts-pb-hr-ch
http://energy.odisha.gov.in/,energy.odisha.gov.in,official,entity facts | official website,2,state-depts-br-jh-od
http://esa.haryana.gov.in,esa.haryana.gov.in,official,entity facts | official website,2,state-depts-pb-hr-ch
http://etdut.gov.in/ExciseOnline/index.html,etdut.gov.in,official,entity facts | official website,2,state-depts-pb-hr-ch
http://excise.odisha.gov.in/,excise.odisha.gov.in,official,entity facts | official website,2,state-depts-br-jh-od
http://finance.odisha.gov.in/,finance.odisha.gov.in,official,entity facts | official website,2,state-depts-br-jh-od
http://finhry.gov.in,finhry.gov.in,official,entity facts | official website,2,state-depts-pb-hr-ch
http://food.odisha.gov.in/,food.odisha.gov.in,official,entity facts | official website,2,state-depts-br-jh-od
http://forest.odisha.gov.in/,forest.odisha.gov.in,official,entity facts | official website,2,state-depts-br-jh-od
http://handloom.odisha.gov.in/,handloom.odisha.gov.in,official,entity facts | official website,2,state-depts-br-jh-od
http://haraviation.gov.in,haraviation.gov.in,official,entity facts | official website,2,state-depts-pb-hr-ch
http://hareda.gov.in,hareda.gov.in,official,entity facts | official website,2,state-depts-pb-hr-ch
http://harenvironment.gov.in,harenvironment.gov.in,official,entity facts | official website,2,state-depts-pb-hr-ch
http://harfish.gov.in,harfish.gov.in,official,entity facts | official website,2,state-depts-pb-hr-ch
http://harpanchayats.gov.in,harpanchayats.gov.in,official,entity facts | official website,2,state-depts-pb-hr-ch
http://harprathmik.gov.in,harprathmik.gov.in,official,entity facts | official website,2,state-depts-pb-hr-ch
http://hartrans.gov.in,hartrans.gov.in,official,entity facts | official website,2,state-depts-pb-hr-ch
http://haryanaarchives.gov.in,haryanaarchives.gov.in,official,entity facts | official website,2,state-depts-pb-hr-ch
http://haryanafood.gov.in,haryanafood.gov.in,official,entity facts | official website,2,state-depts-pb-hr-ch
http://haryanaforest.gov.in,haryanaforest.gov.in,official,entity facts | official website,2,state-depts-pb-hr-ch
http://haryanahealth.gov.in,haryanahealth.gov.in,official,entity facts | official website,2,state-depts-pb-hr-ch
http://haryanaindustries.gov.in,haryanaindustries.gov.in,official,entity facts | official website,2,state-depts-pb-hr-ch
http://haryanait.gov.in,haryanait.gov.in,official,entity facts | official website,2,state-depts-pb-hr-ch
http://haryanapolice.gov.in/,haryanapolice.gov.in,official,entity facts | official website,2,state-depts-pb-hr-ch
http://haryanaprisons.gov.in,haryanaprisons.gov.in,official,entity facts | official website,2,state-depts-pb-hr-ch
http://haryanapwd.gov.in,haryanapwd.gov.in,official,entity facts | official website,2,state-depts-pb-hr-ch
http://haryanarural.gov.in,haryanarural.gov.in,official,entity facts | official website,2,state-depts-pb-hr-ch
http://haryanasports.gov.in,haryanasports.gov.in,official,entity facts | official website,2,state-depts-pb-hr-ch
http://haryanatax.gov.in,haryanatax.gov.in,official,entity facts | official website,2,state-depts-pb-hr-ch
http://haryanatourism.gov.in,haryanatourism.gov.in,official,entity facts | official website,2,state-depts-pb-hr-ch
http://haryanatransport.gov.in,haryanatransport.gov.in,official,entity facts | official website,2,state-depts-pb-hr-ch
http://hid.gov.in,hid.gov.in,official,entity facts | official website,2,state-depts-pb-hr-ch
http://himachaltourism.gov.in/,himachaltourism.gov.in,official,entity facts | official website,2,state-depts-up-uk-hp
http://home.haryana.gov.in,home.haryana.gov.in,official,entity facts | official website,2,state-depts-pb-hr-ch
http://homeguards.haryana.gov.in,homeguards.haryana.gov.in,official,entity facts | official website,2,state-depts-pb-hr-ch
http://hort.haryana.gov.in,hort.haryana.gov.in,official,entity facts | official website,2,state-depts-pb-hr-ch
http://hpforest.gov.in,hpforest.gov.in,official,entity facts | official website,2,state-depts-up-uk-hp
http://hrtreasuries.gov.in,hrtreasuries.gov.in,official,entity facts | official website,2,state-depts-pb-hr-ch
http://industries.odisha.gov.in/,industries.odisha.gov.in,official,entity facts | official website,2,state-depts-br-jh-od
http://iti.haryana.gov.in,iti.haryana.gov.in,official,entity facts | official website,2,state-depts-pb-hr-ch
http://labour.odisha.gov.in/,labour.odisha.gov.in,official,entity facts | official website,2,state-depts-br-jh-od
http://labour.uk.gov.in/,labour.uk.gov.in,official,entity facts | official website,2,state-depts-up-uk-hp
http://msme.odisha.gov.in/,msme.odisha.gov.in,official,entity facts | official website,2,state-depts-br-jh-od
http://pa.odisha.gov.in/,pa.odisha.gov.in,official,entity facts | official website,2,state-depts-br-jh-od
http://pashudhan.haryana.gov.in,pashudhan.haryana.gov.in,official,entity facts | official website,2,state-depts-pb-hr-ch
http://pc.odisha.gov.in/,pc.odisha.gov.in,official,entity facts | official website,2,state-depts-br-jh-od
http://pe.odisha.gov.in/,pe.odisha.gov.in,official,entity facts | official website,2,state-depts-br-jh-od
http://pr.haryana.gov.in,pr.haryana.gov.in,official,entity facts | official website,2,state-depts-pb-hr-ch
http://reeut.chd.gov.in/,reeut.chd.gov.in,official,entity facts | official website,2,state-depts-pb-hr-ch
http://res.uk.gov.in,res.uk.gov.in,official,entity facts | relationship,2,state-depts-up-uk-hp
http://revenue.haryana.gov.in,revenue.haryana.gov.in,official,entity facts | official website,2,state-depts-pb-hr-ch
http://schooleducation.haryana.gov.in,schooleducation.haryana.gov.in,official,entity facts | official website,2,state-depts-pb-hr-ch
http://sme.odisha.gov.in/,sme.odisha.gov.in,official,entity facts | official website,2,state-depts-br-jh-od
http://st.odisha.gov.in/,st.odisha.gov.in,official,entity facts | official website,2,state-depts-br-jh-od
http://stsc.odisha.gov.in/,stsc.odisha.gov.in,official,entity facts | official website,2,state-depts-br-jh-od
http://tcp.haryana.gov.in,tcp.haryana.gov.in,official,entity facts | official website,2,state-depts-pb-hr-ch
http://techeduhry.gov.in,techeduhry.gov.in,official,entity facts | official website,2,state-depts-pb-hr-ch
http://ujs.uk.gov.in,ujs.uk.gov.in,official,entity facts | official website,2,state-depts-up-uk-hp
http://ureda.uk.gov.in,ureda.uk.gov.in,official,entity facts | official website,2,state-depts-up-uk-hp
http://wcdhry.gov.in,wcdhry.gov.in,official,entity facts | official website,2,state-depts-pb-hr-ch
http://www.chandigarhforest.gov.in/,chandigarhforest.gov.in,official,entity facts | official website,2,state-depts-pb-hr-ch
http://www.sportsdeptt.chd.gov.in/,sportsdeptt.chd.gov.in,official,entity facts | official website,2,state-depts-pb-hr-ch
https://advocategeneral.hp.gov.in/,advocategeneral.hp.gov.in,official,entity facts | official website,2,state-depts-up-uk-hp
https://agri.odisha.gov.in/,agri.odisha.gov.in,official,entity facts | official website,2,state-depts-br-jh-od
https://ambedkarfoundation.nic.in,ambedkarfoundation.nic.in,official,entity facts | official website,2,ministries-f
https://apeda.gov.in,apeda.gov.in,official,entity facts | official website,2,ministries-a
https://ard.delhi.gov.in,ard.delhi.gov.in,official,entity facts | official website,2,state-depts-dl-jk-la
https://barc.gov.in,barc.gov.in,official,entity facts | official website,2,ministries-d
https://bharatkosh.gov.in,bharatkosh.gov.in,official,entity facts | official website,2,ministries-a
https://bvfcl.com,bvfcl.com,other,entity facts | official website,2,ministries-e
https://caa.gov.in,caa.gov.in,official,entity facts | official website,2,ministries-e
https://cdsco.gov.in,cdsco.gov.in,official,official website | office-holder,2,ministries-f
https://censusindia.gov.in,censusindia.gov.in,official,official website,2,ministries-b1
https://ceochandigarh.gov.in/,ceochandigarh.gov.in,official,entity facts | official website,2,state-depts-pb-hr-ch
https://ceohimachal.hp.gov.in,ceohimachal.hp.gov.in,official,entity facts | official website,2,state-depts-up-uk-hp
https://cercind.gov.in/chairperson.html,cercind.gov.in,official,entity facts | office-holder,2,regulators
https://cghs.gov.in,cghs.gov.in,official,official website | office-holder,2,ministries-f
https://chandigarh.gov.in/agriculture,chandigarh.gov.in,official,entity facts | official website,2,state-depts-pb-hr-ch
https://chandigarh.gov.in/cooperative-0,chandigarh.gov.in,official,entity facts | official website,2,state-depts-pb-hr-ch
https://chandigarh.gov.in/electrical-inspectorate,chandigarh.gov.in,official,entity facts | official website,2,state-depts-pb-hr-ch
https://chandigarh.gov.in/health,chandigarh.gov.in,official,entity facts | official website,2,state-depts-pb-hr-ch
https://chandigarh.gov.in/hospitality,chandigarh.gov.in,official,entity facts | official website,2,state-depts-pb-hr-ch
https://chandigarh.gov.in/industries,chandigarh.gov.in,official,entity facts | official website,2,state-depts-pb-hr-ch
https://chandigarh.gov.in/law-prosecution,chandigarh.gov.in,official,entity facts | official website,2,state-depts-pb-hr-ch
https://chandigarh.gov.in/local-audit,chandigarh.gov.in,official,entity facts | official website,2,state-depts-pb-hr-ch
https://chandigarh.gov.in/personnel-department,chandigarh.gov.in,official,entity facts | official website,2,state-depts-pb-hr-ch
https://chandigarh.gov.in/printing-and-stationery,chandigarh.gov.in,official,entity facts | official website,2,state-depts-pb-hr-ch
https://chandigarh.gov.in/science-technology-and-renewable-energy,chandigarh.gov.in,official,entity facts | official website,2,state-depts-pb-hr-ch
https://chandigarhdistrict.nic.in/,chandigarhdistrict.nic.in,official,entity facts | official website,2,state-depts-pb-hr-ch
https://chandigarhpolice.gov.in/,chandigarhpolice.gov.in,official,entity facts | official website,2,state-depts-pb-hr-ch
https://chdengineering.gov.in/,chdengineering.gov.in,official,entity facts | official website,2,state-depts-pb-hr-ch
https://clc.gov.in/,clc.gov.in,official,entity facts | relationship,2,judiciary-tribunals
https://coal.gov.in,coal.gov.in,official,entity facts | official website,2,ministries-d
https://coirboard.gov.in,coirboard.gov.in,official,entity facts | official website,2,ministries-a
https://commons.wikimedia.org/wiki/File:Justice_Satish_Chandra_Sharma.jpg,commons.wikimedia.org,encyclopedia,correction,2,2026-09-25-wrong-portraits.json
https://coop.odisha.gov.in/,coop.odisha.gov.in,official,entity facts | official website,2,state-depts-br-jh-od
https://cpao.nic.in,cpao.nic.in,official,entity facts | official website,2,ministries-a
https://cpcb.gov.in,cpcb.gov.in,official,official website | office-holder,2,ministries-g
https://culture.odisha.gov.in/,culture.odisha.gov.in,official,entity facts | official website,2,state-depts-br-jh-od
https://currentaffairs.adda247.com/justice-dinesh-maheshwari-appointed-chairperson-of-the-23rd-law-commission-of-india/,currentaffairs.adda247.com,other,entity facts | office-holder,2,ministries-b3
https://dae.gov.in/atomic-energy-commission/,dae.gov.in,official,entity facts | relationship,2,ministries-d
https://dae.gov.in/dr-ajit-kumar-mohanty-chairman-aec-secretary-dae/,dae.gov.in,official,office-holder,2,ministries-d
https://ddtg.hp.gov.in/,ddtg.hp.gov.in,official,entity facts | official website,2,state-depts-up-uk-hp
https://ddugky.gov.in,ddugky.gov.in,official,entity facts | official website,2,ministries-e
https://delhi.gov.in,delhi.gov.in,official,official website,2,states-dl-jk-la
https://desw.gov.in,desw.gov.in,official,entity facts | official website,2,ministries-b2
https://development.delhi.gov.in,development.delhi.gov.in,official,entity facts | official website,2,state-depts-dl-jk-la
https://dghindia.gov.in,dghindia.gov.in,official,entity facts | official website,2,ministries-d
https://dhr.gov.in,dhr.gov.in,official,entity facts | official website,2,ministries-f
https://dmi.gov.in,dmi.gov.in,official,entity facts | official website,2,ministries-e
https://doe.gov.in,doe.gov.in,official,entity facts | official website,2,ministries-a
https://doe.hp.gov.in/,doe.hp.gov.in,official,entity facts | official website,2,state-depts-up-uk-hp
https://dot.gov.in,dot.gov.in,official,official website,2,ministries-c
https://dot.odisha.gov.in/,dot.odisha.gov.in,official,entity facts | official website,2,state-depts-br-jh-od
https://dowr.odisha.gov.in/,dowr.odisha.gov.in,official,entity facts | official website,2,state-depts-br-jh-od
https://dpiit.gov.in,dpiit.gov.in,official,entity facts | official website,2,ministries-a
https://drdo.gov.in,drdo.gov.in,official,official website,2,ministries-b2
https://dri.nic.in,dri.nic.in,official,entity facts | official website,2,ministries-a
https://drt.gov.in,drt.gov.in,official,official website,2,judiciary-tribunals
https://dst.gov.in/,dst.gov.in,official,entity facts,2,ministries-g
https://dst.gov.in/secretary,dst.gov.in,official,entity facts | office-holder,2,ministries-g
https://edudel.nic.in,edudel.nic.in,official,entity facts | official website,2,state-depts-dl-jk-la
https://eeslindia.org,eeslindia.org,other,entity facts | official website,2,ministries-d
https://emigrate.gov.in,emigrate.gov.in,official,entity facts | official website,2,ministries-b3
https://employment.delhi.gov.in,employment.delhi.gov.in,official,entity facts | official website,2,state-depts-dl-jk-la
https://en.wikipedia.org/w/index.php?title=Naseem_Solanki&action=edit&redlink=1,en.wikipedia.org,encyclopedia,office-holder | office-holder reference,2,mlas-up-uk
https://en.wikipedia.org/wiki/2022_Punjab_Legislative_Assembly_election,en.wikipedia.org,encyclopedia,entity facts | relationship,2,states-pb-hr-ch
https://en.wikipedia.org/wiki/2024_Haryana_Legislative_Assembly_election,en.wikipedia.org,encyclopedia,entity facts | relationship,2,states-pb-hr-ch
https://en.wikipedia.org/wiki/2025_Delhi_Legislative_Assembly_election,en.wikipedia.org,encyclopedia,entity facts | office-holder,2,states-dl-jk-la
https://en.wikipedia.org/wiki/A._K._Sharma,en.wikipedia.org,encyclopedia,office-holder | office-holder reference,2,mlas-up-uk
https://en.wikipedia.org/wiki/A._Raja,en.wikipedia.org,encyclopedia,office-holder | office-holder reference,2,parliament-lok-sabha-members
https://en.wikipedia.org/wiki/Abbas_Ansari,en.wikipedia.org,encyclopedia,office-holder | office-holder reference,2,mlas-up-uk
https://en.wikipedia.org/wiki/Abhay_Kumar_Sinha,en.wikipedia.org,encyclopedia,office-holder | office-holder reference,2,parliament-lok-sabha-members
https://en.wikipedia.org/wiki/Abhay_Singh_(politician),en.wikipedia.org,encyclopedia,office-holder | office-holder reference,2,mlas-up-uk
https://en.wikipedia.org/wiki/Abhijeet_Singh_Sanga,en.wikipedia.org,encyclopedia,office-holder | office-holder reference,2,mlas-up-uk
https://en.wikipedia.org/wiki/Abhijit_Gangopadhyay,en.wikipedia.org,encyclopedia,office-holder | office-holder reference,2,parliament-lok-sabha-members
https://en.wikipedia.org/wiki/Abhishek_Banerjee_(politician),en.wikipedia.org,encyclopedia,office-holder | office-holder reference,2,parliament-lok-sabha-members
https://en.wikipedia.org/wiki/Abu_Taher_Khan,en.wikipedia.org,encyclopedia,office-holder | office-holder reference,2,parliament-lok-sabha-members
https://en.wikipedia.org/wiki/Acharya_Devvrat,en.wikipedia.org,encyclopedia,office-holder | office-holder reference,2,states-mh-gj-ga
https://en.wikipedia.org/wiki/Adesh_Chauhan,en.wikipedia.org,encyclopedia,office-holder | office-holder reference,2,mlas-up-uk
https://en.wikipedia.org/wiki/Adesh_Singh_Chauhan,en.wikipedia.org,encyclopedia,office-holder | office-holder reference,2,mlas-up-uk
https://en.wikipedia.org/wiki/Adhikari_Soumendu,en.wikipedia.org,encyclopedia,office-holder | office-holder reference,2,parliament-lok-sabha-members
https://en.wikipedia.org/wiki/Aditi_Singh_(politician),en.wikipedia.org,encyclopedia,office-holder | office-holder reference,2,mlas-up-uk
https://en.wikipedia.org/wiki/Aditya_Yadav,en.wikipedia.org,encyclopedia,office-holder | office-holder reference,2,parliament-lok-sabha-members
https://en.wikipedia.org/wiki/Adoor_Prakash,en.wikipedia.org,encyclopedia,office-holder | office-holder reference,2,parliament-lok-sabha-members
https://en.wikipedia.org/wiki/Afzal_Ansari,en.wikipedia.org,encyclopedia,office-holder | office-holder reference,2,parliament-lok-sabha-members
https://en.wikipedia.org/wiki/Aga_Syed_Ruhullah_Mehdi,en.wikipedia.org,encyclopedia,office-holder | office-holder reference,2,parliament-lok-sabha-members
https://en.wikipedia.org/wiki/Agartala_Municipal_Corporation,en.wikipedia.org,encyclopedia,entity facts | office-holder,2,states-mz-nl-tr
https://en.wikipedia.org/wiki/Agriculture_Insurance_Company_of_India,en.wikipedia.org,encyclopedia,office-holder | entity facts,2,ministries-a | ministries-e
https://en.wikipedia.org/wiki/Aircraft_Accident_Investigation_Bureau_(India),en.wikipedia.org,encyclopedia,entity facts | office-holder,2,ministries-c
https://en.wikipedia.org/wiki/Airports_Authority_of_India,en.wikipedia.org,encyclopedia,entity facts | office-holder,2,ministries-c
https://en.wikipedia.org/wiki/Aizawl_Municipal_Corporation,en.wikipedia.org,encyclopedia,entity facts | office-holder,2,states-mz-nl-tr
https://en.wikipedia.org/wiki/Ajay_(Uttar_Pradesh_politician),en.wikipedia.org,encyclopedia,office-holder | office-holder reference,2,mlas-up-uk
https://en.wikipedia.org/wiki/Ajay_Bhatt_(politician),en.wikipedia.org,encyclopedia,office-holder | office-holder reference,2,parliament-lok-sabha-members
https://en.wikipedia.org/wiki/Ajay_Kochhar,en.wikipedia.org,encyclopedia,office-holder | office-holder reference,2,ministries-b2
https://en.wikipedia.org/wiki/Ajay_Kumar_(civil_servant),en.wikipedia.org,encyclopedia,office-holder | office-holder reference,2,constitutional-bodies
https://en.wikipedia.org/wiki/Ajay_Kumar_(Uttar_Pradesh_politician),en.wikipedia.org,encyclopedia,office-holder | office-holder reference,2,mlas-up-uk
https://en.wikipedia.org/wiki/Ajay_Kumar_Mandal,en.wikipedia.org,encyclopedia,office-holder | office-holder reference,2,parliament-lok-sabha-members
https://en.wikipedia.org/wiki/Ajay_Kumar_Singh_(Uttar_Pradesh_politician),en.wikipedia.org,encyclopedia,office-holder | office-holder reference,2,mlas-up-uk
https://en.wikipedia.org/wiki/Ajendra_Singh_Lodhi,en.wikipedia.org,encyclopedia,office-holder | office-holder reference,2,parliament-lok-sabha-members
https://en.wikipedia.org/wiki/Ajit_Doval,en.wikipedia.org,encyclopedia,office-holder | office-holder reference,2,core-apex
https://en.wikipedia.org/wiki/Ajit_Pal_Tyagi,en.wikipedia.org,encyclopedia,office-holder | office-holder reference,2,mlas-up-uk
https://en.wikipedia.org/wiki/Ajit_Singh_Pal,en.wikipedia.org,encyclopedia,office-holder | office-holder reference,2,mlas-up-uk
https://en.wikipedia.org/wiki/Akash_Saxena,en.wikipedia.org,encyclopedia,office-holder | office-holder reference,2,mlas-up-uk
https://en.wikipedia.org/wiki/Akhilesh_Yadav,en.wikipedia.org,encyclopedia,office-holder | office-holder reference,2,parliament-lok-sabha-members
https://en.wikipedia.org/wiki/Akhilesh_Yadav_(born_1964),en.wikipedia.org,encyclopedia,office-holder | office-holder reference,2,mlas-up-uk
https://en.wikipedia.org/wiki/Akshay_Pratap_Singh,en.wikipedia.org,encyclopedia,office-holder | office-holder reference,2,mlas-up-uk
https://en.wikipedia.org/wiki/Akshay_Yadav,en.wikipedia.org,encyclopedia,office-holder | office-holder reference,2,parliament-lok-sabha-members
https://en.wikipedia.org/wiki/Alfred_Kan-Ngam_Arthur,en.wikipedia.org,encyclopedia,office-holder | office-holder reference,2,parliament-lok-sabha-members
https://en.wikipedia.org/wiki/Alka_Singh_Arkvanshi,en.wikipedia.org,encyclopedia,office-holder | office-holder reference,2,mlas-up-uk
https://en.wikipedia.org/wiki/Alok_Kumar_Suman,en.wikipedia.org,encyclopedia,office-holder | office-holder reference,2,parliament-lok-sabha-members
https://en.wikipedia.org/wiki/Alok_Sharma_(Indian_politician),en.wikipedia.org,encyclopedia,office-holder | office-holder reference,2,parliament-lok-sabha-members
https://en.wikipedia.org/wiki/Aman_Arora,en.wikipedia.org,encyclopedia,office-holder reference,2,mlas-pb-hr-hp-dl | states-pb-hr-ch-r2
https://en.wikipedia.org/wiki/Aman_Giri,en.wikipedia.org,encyclopedia,office-holder | office-holder reference,2,mlas-up-uk
https://en.wikipedia.org/wiki/Amar_Sharadrao_Kale,en.wikipedia.org,encyclopedia,office-holder | office-holder reference,2,parliament-lok-sabha-members
https://en.wikipedia.org/wiki/Amar_Singh_(Punjab_politician),en.wikipedia.org,encyclopedia,office-holder | office-holder reference,2,parliament-lok-sabha-members
https://en.wikipedia.org/wiki/Amarsing_Tisso,en.wikipedia.org,encyclopedia,office-holder | office-holder reference,2,parliament-lok-sabha-members
https://en.wikipedia.org/wiki/Amit_Agarwal_(politician),en.wikipedia.org,encyclopedia,office-holder | office-holder reference,2,mlas-up-uk
https://en.wikipedia.org/wiki/Amit_Singh_Chauhan,en.wikipedia.org,encyclopedia,office-holder | office-holder reference,2,mlas-up-uk
https://en.wikipedia.org/wiki/Amitabh_Bajpai,en.wikipedia.org,encyclopedia,office-holder | office-holder reference,2,mlas-up-uk
https://en.wikipedia.org/wiki/Amol_Kolhe,en.wikipedia.org,encyclopedia,office-holder | office-holder reference,2,parliament-lok-sabha-members
https://en.wikipedia.org/wiki/Amra_Ram,en.wikipedia.org,encyclopedia,office-holder | office-holder reference,2,parliament-lok-sabha-members
https://en.wikipedia.org/wiki/Amresh_Kumar,en.wikipedia.org,encyclopedia,office-holder | office-holder reference,2,mlas-up-uk
https://en.wikipedia.org/wiki/Amrinder_Singh_Raja_Warring,en.wikipedia.org,encyclopedia,office-holder | office-holder reference,2,parliament-lok-sabha-members
https://en.wikipedia.org/wiki/Amritpal_Singh,en.wikipedia.org,encyclopedia,office-holder | office-holder reference,2,parliament-lok-sabha-members
https://en.wikipedia.org/wiki/Anand_Bhadauriya,en.wikipedia.org,encyclopedia,office-holder | office-holder reference,2,parliament-lok-sabha-members
https://en.wikipedia.org/wiki/Anand_Kumar_(Kaiserganj_politician),en.wikipedia.org,encyclopedia,office-holder | office-holder reference,2,mlas-up-uk
https://en.wikipedia.org/wiki/Anand_Kumar_(UP_Politician),en.wikipedia.org,encyclopedia,office-holder | office-holder reference,2,parliament-lok-sabha-members
https://en.wikipedia.org/wiki/Anandiben_Patel,en.wikipedia.org,encyclopedia,office-holder | office-holder reference,2,states-up-uk-hp
https://en.wikipedia.org/wiki/Ananta_Nayak,en.wikipedia.org,encyclopedia,office-holder | office-holder reference,2,parliament-lok-sabha-members
https://en.wikipedia.org/wiki/Andhra_Pradesh_Lokayukta,en.wikipedia.org,encyclopedia,entity facts | office-holder,2,states-ka-ap-tg
https://en.wikipedia.org/wiki/Andhra_Pradesh_Police,en.wikipedia.org,encyclopedia,entity facts | office-holder,2,states-ka-ap-tg
https://en.wikipedia.org/wiki/Andhra_Pradesh_Public_Service_Commission,en.wikipedia.org,encyclopedia,entity facts | office-holder,2,states-ka-ap-tg
https://en.wikipedia.org/wiki/Andhra_Pradesh_State_Election_Commission,en.wikipedia.org,encyclopedia,entity facts | office-holder,2,states-ka-ap-tg
https://en.wikipedia.org/wiki/Andrew_Yule_and_Company,en.wikipedia.org,encyclopedia,entity facts | office-holder,2,ministries-d
https://en.wikipedia.org/wiki/Angomcha_Bimol_Akoijam,en.wikipedia.org,encyclopedia,office-holder | office-holder reference,2,parliament-lok-sabha-members
https://en.wikipedia.org/wiki/Anil_Baluni,en.wikipedia.org,encyclopedia,office-holder | office-holder reference,2,parliament-lok-sabha-members
https://en.wikipedia.org/wiki/Anil_Desai,en.wikipedia.org,encyclopedia,office-holder | office-holder reference,2,parliament-lok-sabha-members
https://en.wikipedia.org/wiki/Anil_Firojiya,en.wikipedia.org,encyclopedia,office-holder | office-holder reference,2,parliament-lok-sabha-members
https://en.wikipedia.org/wiki/Anil_Kumar_(Uttar_Pradesh_politician),en.wikipedia.org,encyclopedia,office-holder | office-holder reference,2,mlas-up-uk
https://en.wikipedia.org/wiki/Anil_Kumar_Maurya,en.wikipedia.org,encyclopedia,office-holder | office-holder reference,2,mlas-up-uk
https://en.wikipedia.org/wiki/Anil_Kumar_Singh_(politician),en.wikipedia.org,encyclopedia,office-holder | office-holder reference,2,mlas-up-uk
https://en.wikipedia.org/wiki/Anil_Kumar_Tripathi,en.wikipedia.org,encyclopedia,office-holder | office-holder reference,2,mlas-up-uk
https://en.wikipedia.org/wiki/Anil_Kumar_Verma,en.wikipedia.org,encyclopedia,office-holder | office-holder reference,2,mlas-up-uk
https://en.wikipedia.org/wiki/Anil_Nautiyal,en.wikipedia.org,encyclopedia,office-holder | office-holder reference,2,mlas-up-uk
https://en.wikipedia.org/wiki/Anil_Parashar,en.wikipedia.org,encyclopedia,office-holder | office-holder reference,2,mlas-up-uk
https://en.wikipedia.org/wiki/Anil_Pradhan,en.wikipedia.org,encyclopedia,office-holder | office-holder reference,2,mlas-up-uk
https://en.wikipedia.org/wiki/Anil_Rajbhar,en.wikipedia.org,encyclopedia,office-holder | office-holder reference,2,mlas-up-uk
https://en.wikipedia.org/wiki/Anil_Sharma_(Uttar_Pradesh_politician),en.wikipedia.org,encyclopedia,office-holder | office-holder reference,2,mlas-up-uk
https://en.wikipedia.org/wiki/Anil_Vij,en.wikipedia.org,encyclopedia,office-holder reference,2,mlas-pb-hr-hp-dl | states-pb-hr-ch-r2
https://en.wikipedia.org/wiki/Anita_Nagar_Singh_Chouhan,en.wikipedia.org,encyclopedia,office-holder | office-holder reference,2,parliament-lok-sabha-members
https://en.wikipedia.org/wiki/Anita_Subhadarshini,en.wikipedia.org,encyclopedia,office-holder | office-holder reference,2,parliament-lok-sabha-members
https://en.wikipedia.org/wiki/Anjula_Singh_Mahaur,en.wikipedia.org,encyclopedia,office-holder | office-holder reference,2,mlas-up-uk
https://en.wikipedia.org/wiki/Ankit_Bharti,en.wikipedia.org,encyclopedia,office-holder | office-holder reference,2,mlas-up-uk
https://en.wikipedia.org/wiki/Ankur_Raj_Tiwari,en.wikipedia.org,encyclopedia,office-holder | office-holder reference,2,mlas-up-uk
https://en.wikipedia.org/wiki/Annadurai_C_N,en.wikipedia.org,encyclopedia,office-holder | office-holder reference,2,parliament-lok-sabha-members
https://en.wikipedia.org/wiki/Annapurna_Singh,en.wikipedia.org,encyclopedia,office-holder | office-holder reference,2,mlas-up-uk
https://en.wikipedia.org/wiki/Anoop_Pradhan,en.wikipedia.org,encyclopedia,office-holder | office-holder reference,2,parliament-lok-sabha-members
https://en.wikipedia.org/wiki/Anthropological_Survey_of_India,en.wikipedia.org,encyclopedia,entity facts | office-holder,2,ministries-g
https://en.wikipedia.org/wiki/Anto_Antony,en.wikipedia.org,encyclopedia,office-holder | office-holder reference,2,parliament-lok-sabha-members
https://en.wikipedia.org/wiki/Antrix_Corporation,en.wikipedia.org,encyclopedia,entity facts | office-holder,2,ministries-d
https://en.wikipedia.org/wiki/Anup_Dhotre,en.wikipedia.org,encyclopedia,office-holder | office-holder reference,2,parliament-lok-sabha-members
https://en.wikipedia.org/wiki/Anupama_Jaiswal,en.wikipedia.org,encyclopedia,office-holder | office-holder reference,2,mlas-up-uk
https://en.wikipedia.org/wiki/Anupama_Rawat,en.wikipedia.org,encyclopedia,office-holder | office-holder reference,2,mlas-up-uk
https://en.wikipedia.org/wiki/Anurag_Sharma_(politician),en.wikipedia.org,encyclopedia,office-holder | office-holder reference,2,parliament-lok-sabha-members
https://en.wikipedia.org/wiki/Anurag_Singh_(politician),en.wikipedia.org,encyclopedia,office-holder | office-holder reference,2,mlas-up-uk
https://en.wikipedia.org/wiki/Appalanaidu_Kalisetti,en.wikipedia.org,encyclopedia,office-holder | office-holder reference,2,parliament-lok-sabha-members
https://en.wikipedia.org/wiki/Aradhana_Mishra,en.wikipedia.org,encyclopedia,office-holder | office-holder reference,2,mlas-up-uk
https://en.wikipedia.org/wiki/Archaeological_Survey_of_India,en.wikipedia.org,encyclopedia,entity facts | office-holder,2,ministries-g
https://en.wikipedia.org/wiki/Archana_Pandey,en.wikipedia.org,encyclopedia,office-holder | office-holder reference,2,mlas-up-uk
https://en.wikipedia.org/wiki/Armaan_Khan_(Politician),en.wikipedia.org,encyclopedia,office-holder | office-holder reference,2,mlas-up-uk
https://en.wikipedia.org/wiki/Armoured_Vehicles_Nigam_Limited,en.wikipedia.org,encyclopedia,entity facts | office-holder,2,ministries-b2
https://en.wikipedia.org/wiki/Arti_Singh_Rao,en.wikipedia.org,encyclopedia,office-holder reference,2,mlas-pb-hr-hp-dl | states-pb-hr-ch-r2
https://en.wikipedia.org/wiki/Arun_Bharti,en.wikipedia.org,encyclopedia,office-holder | office-holder reference,2,parliament-lok-sabha-members
https://en.wikipedia.org/wiki/Arun_Govil,en.wikipedia.org,encyclopedia,office-holder | office-holder reference,2,parliament-lok-sabha-members
https://en.wikipedia.org/wiki/Arun_Kumar_Sagar,en.wikipedia.org,encyclopedia,office-holder | office-holder reference,2,parliament-lok-sabha-members
https://en.wikipedia.org/wiki/Arun_Kumar_Saxena,en.wikipedia.org,encyclopedia,office-holder | office-holder reference,2,mlas-up-uk
https://en.wikipedia.org/wiki/Arun_Nehru_(Tamil_Nadu_politician),en.wikipedia.org,encyclopedia,office-holder | office-holder reference,2,parliament-lok-sabha-members
https://en.wikipedia.org/wiki/Arun_Pathak_(Uttar_Pradesh_politician),en.wikipedia.org,encyclopedia,office-holder | office-holder reference,2,mlas-up-uk
https://en.wikipedia.org/wiki/Arunachal_Pradesh,en.wikipedia.org,encyclopedia,entity facts | office-holder,2,states-ar-mn-ml
https://en.wikipedia.org/wiki/Arunachal_Pradesh_Public_Service_Commission,en.wikipedia.org,encyclopedia,entity facts | office-holder,2,states-ar-mn-ml
https://en.wikipedia.org/wiki/Arunachal_Pradesh_State_Election_Commission,en.wikipedia.org,encyclopedia,entity facts | office-holder,2,states-ar-mn-ml
https://en.wikipedia.org/wiki/Arup_Chakraborty_(politician),en.wikipedia.org,encyclopedia,office-holder | office-holder reference,2,parliament-lok-sabha-members
https://en.wikipedia.org/wiki/Arvind_Kumar_Sharma,en.wikipedia.org,encyclopedia,office-holder reference,2,mlas-pb-hr-hp-dl | states-pb-hr-ch-r2
https://en.wikipedia.org/wiki/Arvind_Kumar_Singh_(Dadraul_politician),en.wikipedia.org,encyclopedia,office-holder | office-holder reference,2,mlas-up-uk
https://en.wikipedia.org/wiki/Arvind_Pandey,en.wikipedia.org,encyclopedia,office-holder | office-holder reference,2,mlas-up-uk
https://en.wikipedia.org/wiki/Arvind_Sawant,en.wikipedia.org,encyclopedia,office-holder | office-holder reference,2,parliament-lok-sabha-members
https://en.wikipedia.org/wiki/Asaduddin_Owaisi,en.wikipedia.org,encyclopedia,office-holder | office-holder reference,2,parliament-lok-sabha-members
https://en.wikipedia.org/wiki/Asha_Maurya,en.wikipedia.org,encyclopedia,office-holder | office-holder reference,2,mlas-up-uk
https://en.wikipedia.org/wiki/Asha_Nautiyal,en.wikipedia.org,encyclopedia,office-holder | office-holder reference,2,mlas-up-uk
https://en.wikipedia.org/wiki/Ashim_Kumar_Ghosh,en.wikipedia.org,encyclopedia,office-holder reference,2,states-pb-hr-ch-r2 | states-pb-hr-ch
https://en.wikipedia.org/wiki/Ashish_Dubey,en.wikipedia.org,encyclopedia,office-holder | office-holder reference,2,parliament-lok-sabha-members
https://en.wikipedia.org/wiki/Ashish_Kumar_Singh,en.wikipedia.org,encyclopedia,office-holder | office-holder reference,2,mlas-up-uk
https://en.wikipedia.org/wiki/Ashish_Singh_Patel,en.wikipedia.org,encyclopedia,office-holder | office-holder reference,2,mlas-up-uk
https://en.wikipedia.org/wiki/Ashok_Kataria,en.wikipedia.org,encyclopedia,office-holder | office-holder reference,2,mlas-up-uk
https://en.wikipedia.org/wiki/Ashok_Kori,en.wikipedia.org,encyclopedia,office-holder | office-holder reference,2,mlas-up-uk
https://en.wikipedia.org/wiki/Ashok_Kumar_Rana,en.wikipedia.org,encyclopedia,office-holder | office-holder reference,2,mlas-up-uk
https://en.wikipedia.org/wiki/Ashok_Kumar_Rawat,en.wikipedia.org,encyclopedia,office-holder | office-holder reference,2,parliament-lok-sabha-members
https://en.wikipedia.org/wiki/Ashok_Kumar_Yadav,en.wikipedia.org,encyclopedia,office-holder | office-holder reference,2,parliament-lok-sabha-members
"https://en.wikipedia.org/wiki/Ashraf_Ali_Khan_(politician,_born_1972)",en.wikipedia.org,encyclopedia,office-holder | office-holder reference,2,mlas-up-uk
https://en.wikipedia.org/wiki/Ashu_Malik,en.wikipedia.org,encyclopedia,office-holder | office-holder reference,2,mlas-up-uk
https://en.wikipedia.org/wiki/Ashutosh_Dixit,en.wikipedia.org,encyclopedia,office-holder | office-holder reference,2,ministries-b2
https://en.wikipedia.org/wiki/Ashutosh_Maurya,en.wikipedia.org,encyclopedia,office-holder | office-holder reference,2,mlas-up-uk
https://en.wikipedia.org/wiki/Ashutosh_Shukla,en.wikipedia.org,encyclopedia,office-holder | office-holder reference,2,mlas-up-uk
https://en.wikipedia.org/wiki/Ashwani_Tyagi,en.wikipedia.org,encyclopedia,office-holder | office-holder reference,2,mlas-up-uk
https://en.wikipedia.org/wiki/Asim_Arun,en.wikipedia.org,encyclopedia,office-holder | office-holder reference,2,mlas-up-uk
https://en.wikipedia.org/wiki/Asit_Kumar_Mal,en.wikipedia.org,encyclopedia,office-holder | office-holder reference,2,parliament-lok-sabha-members
https://en.wikipedia.org/wiki/Assam,en.wikipedia.org,encyclopedia,entity facts | office-holder,2,states-wb-as-sk
https://en.wikipedia.org/wiki/Ataurrehman,en.wikipedia.org,encyclopedia,office-holder | office-holder reference,2,mlas-up-uk
https://en.wikipedia.org/wiki/Atishi,en.wikipedia.org,encyclopedia,office-holder | office-holder reference,2,states-dl-jk-la
https://en.wikipedia.org/wiki/Atomic_Energy_Regulatory_Board,en.wikipedia.org,encyclopedia,entity facts | office-holder,2,ministries-d
https://en.wikipedia.org/wiki/Atul_Garg,en.wikipedia.org,encyclopedia,office-holder | office-holder reference,2,parliament-lok-sabha-members
https://en.wikipedia.org/wiki/Atul_Pradhan,en.wikipedia.org,encyclopedia,office-holder | office-holder reference,2,mlas-up-uk
https://en.wikipedia.org/wiki/Avadhesh_Singh,en.wikipedia.org,encyclopedia,office-holder | office-holder reference,2,mlas-up-uk
https://en.wikipedia.org/wiki/Avimanyu_Sethi,en.wikipedia.org,encyclopedia,office-holder | office-holder reference,2,parliament-lok-sabha-members
https://en.wikipedia.org/wiki/Avinash_Chandra_Dwivedi,en.wikipedia.org,encyclopedia,office-holder | office-holder reference,2,mlas-up-uk
https://en.wikipedia.org/wiki/Awadhesh_Kumar_Singh,en.wikipedia.org,encyclopedia,office-holder | office-holder reference,2,mlas-up-uk
https://en.wikipedia.org/wiki/Awadhesh_Prasad,en.wikipedia.org,encyclopedia,office-holder | office-holder reference,2,parliament-lok-sabha-members
https://en.wikipedia.org/wiki/Awanish_Kumar_Singh,en.wikipedia.org,encyclopedia,office-holder | office-holder reference,2,mlas-up-uk
https://en.wikipedia.org/wiki/B._K._Parthasarathi,en.wikipedia.org,encyclopedia,office-holder | office-holder reference,2,parliament-lok-sabha-members
https://en.wikipedia.org/wiki/B._Srinivasan,en.wikipedia.org,encyclopedia,entity facts | office-holder,2,ministries-b1
https://en.wikipedia.org/wiki/B._Y._Raghavendra,en.wikipedia.org,encyclopedia,office-holder | office-holder reference,2,parliament-lok-sabha-members
https://en.wikipedia.org/wiki/Babu_Ram_Paswan,en.wikipedia.org,encyclopedia,office-holder | office-holder reference,2,mlas-up-uk
https://en.wikipedia.org/wiki/Babu_Singh_Kushwaha,en.wikipedia.org,encyclopedia,office-holder | office-holder reference,2,parliament-lok-sabha-members
https://en.wikipedia.org/wiki/Babulal_Chaudhary,en.wikipedia.org,encyclopedia,office-holder | office-holder reference,2,mlas-up-uk
https://en.wikipedia.org/wiki/Baby_Rani_Maurya,en.wikipedia.org,encyclopedia,office-holder | office-holder reference,2,mlas-up-uk
https://en.wikipedia.org/wiki/Bachhav_Shobha_Dinesh,en.wikipedia.org,encyclopedia,office-holder | office-holder reference,2,parliament-lok-sabha-members
https://en.wikipedia.org/wiki/Bag_Mitali,en.wikipedia.org,encyclopedia,office-holder | office-holder reference,2,parliament-lok-sabha-members
https://en.wikipedia.org/wiki/Bahoran_Lal_Maurya,en.wikipedia.org,encyclopedia,office-holder | office-holder reference,2,mlas-up-uk
https://en.wikipedia.org/wiki/Bajrang_Manohar_Sonwane,en.wikipedia.org,encyclopedia,office-holder | office-holder reference,2,parliament-lok-sabha-members
https://en.wikipedia.org/wiki/Balabhadra_Majhi,en.wikipedia.org,encyclopedia,office-holder | office-holder reference,2,parliament-lok-sabha-members
https://en.wikipedia.org/wiki/Baldev_Singh_Aulakh,en.wikipedia.org,encyclopedia,office-holder | office-holder reference,2,mlas-up-uk
https://en.wikipedia.org/wiki/Baljit_Kaur,en.wikipedia.org,encyclopedia,office-holder reference,2,mlas-pb-hr-hp-dl | states-pb-hr-ch-r2
https://en.wikipedia.org/wiki/Balram_Naik,en.wikipedia.org,encyclopedia,office-holder | office-holder reference,2,parliament-lok-sabha-members
https://en.wikipedia.org/wiki/Balram_Yadav,en.wikipedia.org,encyclopedia,office-holder | office-holder reference,2,mlas-up-uk
https://en.wikipedia.org/wiki/Balwant_Baswant_Wankhade,en.wikipedia.org,encyclopedia,office-holder | office-holder reference,2,parliament-lok-sabha-members
https://en.wikipedia.org/wiki/Bamba_Lal_Diwakar,en.wikipedia.org,encyclopedia,office-holder | office-holder reference,2,mlas-up-uk
https://en.wikipedia.org/wiki/Banshidhar_Bhagat,en.wikipedia.org,encyclopedia,office-holder | office-holder reference,2,mlas-up-uk
https://en.wikipedia.org/wiki/Bansuri_Swaraj,en.wikipedia.org,encyclopedia,office-holder | office-holder reference,2,parliament-lok-sabha-members
https://en.wikipedia.org/wiki/Bapi_Halder,en.wikipedia.org,encyclopedia,office-holder | office-holder reference,2,parliament-lok-sabha-members
https://en.wikipedia.org/wiki/Barinder_Kumar_Goyal,en.wikipedia.org,encyclopedia,office-holder reference,2,mlas-pb-hr-hp-dl | states-pb-hr-ch-r2
https://en.wikipedia.org/wiki/Bastipati_Nagaraju_Panchalingala,en.wikipedia.org,encyclopedia,office-holder | office-holder reference,2,parliament-lok-sabha-members
https://en.wikipedia.org/wiki/Bawan_Singh,en.wikipedia.org,encyclopedia,office-holder | office-holder reference,2,mlas-up-uk
https://en.wikipedia.org/wiki/Bechai_Saroj,en.wikipedia.org,encyclopedia,office-holder | office-holder reference,2,mlas-up-uk
https://en.wikipedia.org/wiki/BEML_Limited,en.wikipedia.org,encyclopedia,entity facts | office-holder,2,ministries-b2
https://en.wikipedia.org/wiki/Benny_Behanan,en.wikipedia.org,encyclopedia,office-holder | office-holder reference,2,parliament-lok-sabha-members
https://en.wikipedia.org/wiki/Bhagirath_Chaudhary,en.wikipedia.org,encyclopedia,office-holder | office-holder reference,2,parliament-lok-sabha-members
https://en.wikipedia.org/wiki/Bhagirath_Choudhary,en.wikipedia.org,encyclopedia,office-holder | office-holder reference,2,council-of-ministers
https://en.wikipedia.org/wiki/Bhagvan_Singh_Kushwaha,en.wikipedia.org,encyclopedia,office-holder | office-holder reference,2,mlas-up-uk
https://en.wikipedia.org/wiki/Bhajan_Lal_Jatav,en.wikipedia.org,encyclopedia,office-holder | office-holder reference,2,parliament-lok-sabha-members
https://en.wikipedia.org/wiki/Bharat_Heavy_Electricals_Limited,en.wikipedia.org,encyclopedia,entity facts | office-holder,2,ministries-d
https://en.wikipedia.org/wiki/Bharat_Singh_Chaudhary,en.wikipedia.org,encyclopedia,office-holder | office-holder reference,2,mlas-up-uk
https://en.wikipedia.org/wiki/Bharat_Singh_Kushwah,en.wikipedia.org,encyclopedia,office-holder | office-holder reference,2,parliament-lok-sabha-members
https://en.wikipedia.org/wiki/Bharatbhai_Sutariya,en.wikipedia.org,encyclopedia,office-holder | office-holder reference,2,parliament-lok-sabha-members
https://en.wikipedia.org/wiki/Bharatsinhji_Dabhi,en.wikipedia.org,encyclopedia,office-holder | office-holder reference,2,parliament-lok-sabha-members
https://en.wikipedia.org/wiki/Bharti_Pardhi,en.wikipedia.org,encyclopedia,office-holder | office-holder reference,2,parliament-lok-sabha-members
https://en.wikipedia.org/wiki/Bhaskar_Bhagare,en.wikipedia.org,encyclopedia,office-holder | office-holder reference,2,parliament-lok-sabha-members
https://en.wikipedia.org/wiki/Bhausaheb_Rajaram_Wakchaure,en.wikipedia.org,encyclopedia,office-holder | office-holder reference,2,parliament-lok-sabha-members
https://en.wikipedia.org/wiki/BHAVINI,en.wikipedia.org,encyclopedia,entity facts | office-holder,2,ministries-d
https://en.wikipedia.org/wiki/Bhojraj_Nag,en.wikipedia.org,encyclopedia,office-holder | office-holder reference,2,parliament-lok-sabha-members
https://en.wikipedia.org/wiki/Bhola_Singh_(Uttar_Pradesh_politician),en.wikipedia.org,encyclopedia,office-holder | office-holder reference,2,parliament-lok-sabha-members
https://en.wikipedia.org/wiki/Bhupal_Ram_Tamta,en.wikipedia.org,encyclopedia,office-holder | office-holder reference,2,mlas-up-uk
https://en.wikipedia.org/wiki/Bhupendra_Chaudhary,en.wikipedia.org,encyclopedia,office-holder | office-holder reference,2,mlas-up-uk
https://en.wikipedia.org/wiki/Bhupesh_Chaubey,en.wikipedia.org,encyclopedia,office-holder | office-holder reference,2,mlas-up-uk
https://en.wikipedia.org/wiki/Bhuwan_Chandra_Kapri,en.wikipedia.org,encyclopedia,office-holder | office-holder reference,2,mlas-up-uk
https://en.wikipedia.org/wiki/Bibhu_Prasad_Tarai,en.wikipedia.org,encyclopedia,office-holder | office-holder reference,2,parliament-lok-sabha-members
https://en.wikipedia.org/wiki/Bidyut_Baran_Mahato,en.wikipedia.org,encyclopedia,office-holder | office-holder reference,2,parliament-lok-sabha-members
https://en.wikipedia.org/wiki/Bihar_Human_Rights_Commission,en.wikipedia.org,encyclopedia,entity facts | office-holder,2,states-br-jh-od
https://en.wikipedia.org/wiki/Bijendra_Singh,en.wikipedia.org,encyclopedia,office-holder | office-holder reference,2,parliament-lok-sabha-members
https://en.wikipedia.org/wiki/Bijuli_Kalita_Medhi,en.wikipedia.org,encyclopedia,office-holder | office-holder reference,2,parliament-lok-sabha-members
https://en.wikipedia.org/wiki/Bipin_Singh_(politician),en.wikipedia.org,encyclopedia,office-holder | office-holder reference,2,mlas-up-uk
https://en.wikipedia.org/wiki/Biplab_Kumar_Deb,en.wikipedia.org,encyclopedia,office-holder | office-holder reference,2,parliament-lok-sabha-members
https://en.wikipedia.org/wiki/Birendra_Singh_Rana,en.wikipedia.org,encyclopedia,office-holder | office-holder reference,2,mlas-up-uk
https://en.wikipedia.org/wiki/Bishan_Singh_Chuphal,en.wikipedia.org,encyclopedia,office-holder | office-holder reference,2,mlas-up-uk
https://en.wikipedia.org/wiki/Bishnu_Pada_Ray,en.wikipedia.org,encyclopedia,office-holder | office-holder reference,2,parliament-lok-sabha-members
https://en.wikipedia.org/wiki/Border_Roads_Organisation,en.wikipedia.org,encyclopedia,entity facts | office-holder,2,ministries-b2
https://en.wikipedia.org/wiki/Brajesh_Katheriya,en.wikipedia.org,encyclopedia,office-holder | office-holder reference,2,mlas-up-uk
https://en.wikipedia.org/wiki/Brajesh_Yadav,en.wikipedia.org,encyclopedia,office-holder | office-holder reference,2,mlas-up-uk
https://en.wikipedia.org/wiki/Brij_Bhushan_Gairola,en.wikipedia.org,encyclopedia,office-holder | office-holder reference,2,mlas-up-uk
https://en.wikipedia.org/wiki/Brijbhushan_Rajpoot,en.wikipedia.org,encyclopedia,office-holder | office-holder reference,2,mlas-up-uk
https://en.wikipedia.org/wiki/Brijendra_Singh_Ola,en.wikipedia.org,encyclopedia,office-holder | office-holder reference,2,parliament-lok-sabha-members
https://en.wikipedia.org/wiki/Brijesh_Kumar_Rawat,en.wikipedia.org,encyclopedia,office-holder | office-holder reference,2,mlas-up-uk
https://en.wikipedia.org/wiki/Brijesh_Singh,en.wikipedia.org,encyclopedia,office-holder | office-holder reference,2,mlas-up-uk
https://en.wikipedia.org/wiki/Brijmohan_Agrawal,en.wikipedia.org,encyclopedia,office-holder | office-holder reference,2,parliament-lok-sabha-members
https://en.wikipedia.org/wiki/BSNL,en.wikipedia.org,encyclopedia,entity facts | office-holder,2,ministries-c
https://en.wikipedia.org/wiki/Bureau_of_Civil_Aviation_Security,en.wikipedia.org,encyclopedia,entity facts | office-holder,2,ministries-c
https://en.wikipedia.org/wiki/Bureau_of_Indian_Standards,en.wikipedia.org,encyclopedia,entity facts | office-holder,2,ministries-e
https://en.wikipedia.org/wiki/Bureau_of_Police_Research_and_Development,en.wikipedia.org,encyclopedia,entity facts | office-holder,2,ministries-b1
https://en.wikipedia.org/wiki/Byreddy_Shabari,en.wikipedia.org,encyclopedia,office-holder | office-holder reference,2,parliament-lok-sabha-members
https://en.wikipedia.org/wiki/C._N._Manjunath,en.wikipedia.org,encyclopedia,office-holder | office-holder reference,2,parliament-lok-sabha-members
https://en.wikipedia.org/wiki/Cantonment_board,en.wikipedia.org,encyclopedia,entity facts,2,ministries-b2
https://en.wikipedia.org/wiki/Captain_Brijesh_Chowta,en.wikipedia.org,encyclopedia,office-holder | office-holder reference,2,parliament-lok-sabha-members
https://en.wikipedia.org/wiki/Census_of_India,en.wikipedia.org,encyclopedia,entity facts | relationship,2,ministries-b1
https://en.wikipedia.org/wiki/Central_Board_of_Secondary_Education,en.wikipedia.org,encyclopedia,entity facts | office-holder,2,ministries-f
https://en.wikipedia.org/wiki/Central_Consumer_Protection_Authority,en.wikipedia.org,encyclopedia,entity facts | office-holder,2,ministries-e
https://en.wikipedia.org/wiki/Central_Ground_Water_Board,en.wikipedia.org,encyclopedia,entity facts | office-holder,2,ministries-c
https://en.wikipedia.org/wiki/Central_Institute_of_Petrochemicals_Engineering_and_Technology,en.wikipedia.org,encyclopedia,entity facts | office-holder,2,ministries-e
https://en.wikipedia.org/wiki/Central_Public_Works_Department,en.wikipedia.org,encyclopedia,entity facts | office-holder,2,ministries-c
https://en.wikipedia.org/wiki/Central_Reserve_Police_Force,en.wikipedia.org,encyclopedia,entity facts | office-holder,2,ministries-b1
https://en.wikipedia.org/wiki/Central_Warehousing_Corporation,en.wikipedia.org,encyclopedia,entity facts | office-holder,2,ministries-e
https://en.wikipedia.org/wiki/Central_Water_Commission,en.wikipedia.org,encyclopedia,entity facts | office-holder,2,ministries-c
https://en.wikipedia.org/wiki/Centre_for_Development_of_Advanced_Computing,en.wikipedia.org,encyclopedia,entity facts | office-holder,2,ministries-g
https://en.wikipedia.org/wiki/Centre_for_Development_of_Telematics,en.wikipedia.org,encyclopedia,entity facts | office-holder,2,ministries-c
https://en.wikipedia.org/wiki/Chamala_Kiran_Kumar_Reddy,en.wikipedia.org,encyclopedia,office-holder | office-holder reference,2,parliament-lok-sabha-members
https://en.wikipedia.org/wiki/Chandan_Chauhan,en.wikipedia.org,encyclopedia,office-holder | office-holder reference,2,parliament-lok-sabha-members
https://en.wikipedia.org/wiki/Chandra_Prakash_Choudhary,en.wikipedia.org,encyclopedia,office-holder | office-holder reference,2,parliament-lok-sabha-members
https://en.wikipedia.org/wiki/Chandra_Prakash_Joshi,en.wikipedia.org,encyclopedia,office-holder | office-holder reference,2,parliament-lok-sabha-members
https://en.wikipedia.org/wiki/Chandra_Prakash_Lodhi,en.wikipedia.org,encyclopedia,office-holder | office-holder reference,2,mlas-up-uk
https://en.wikipedia.org/wiki/Chandrabhanu_Paswan,en.wikipedia.org,encyclopedia,office-holder | office-holder reference,2,mlas-up-uk
https://en.wikipedia.org/wiki/Chandrapal_Singh_(politician),en.wikipedia.org,encyclopedia,office-holder | office-holder reference,2,mlas-up-uk
https://en.wikipedia.org/wiki/Chandrashekhar_Azad_(politician),en.wikipedia.org,encyclopedia,office-holder | office-holder reference,2,parliament-lok-sabha-members
https://en.wikipedia.org/wiki/Chandubhai_Shihora,en.wikipedia.org,encyclopedia,office-holder | office-holder reference,2,parliament-lok-sabha-members
https://en.wikipedia.org/wiki/Chaudhary_Laxmi_Narayan_Singh,en.wikipedia.org,encyclopedia,office-holder | office-holder reference,2,mlas-up-uk
https://en.wikipedia.org/wiki/Chetram,en.wikipedia.org,encyclopedia,office-holder | office-holder reference,2,mlas-up-uk
https://en.wikipedia.org/wiki/Chhatrapal_Singh_Gangwar,en.wikipedia.org,encyclopedia,office-holder | office-holder reference,2,parliament-lok-sabha-members
https://en.wikipedia.org/wiki/Chhattisgarh_Public_Service_Commission,en.wikipedia.org,encyclopedia,entity facts | office-holder,2,states-mp-cg-rj-r2
https://en.wikipedia.org/wiki/Chhotelal_Kharwar,en.wikipedia.org,encyclopedia,office-holder | office-holder reference,2,parliament-lok-sabha-members
https://en.wikipedia.org/wiki/Chief_Commissioner_for_Persons_with_Disabilities,en.wikipedia.org,encyclopedia,entity facts | office-holder,2,ministries-f
https://en.wikipedia.org/wiki/Chief_Minister_of_Chhattisgarh,en.wikipedia.org,encyclopedia,entity facts | office-holder,2,states-mp-cg-rj
https://en.wikipedia.org/wiki/Chief_Minister_of_Madhya_Pradesh,en.wikipedia.org,encyclopedia,entity facts | office-holder,2,states-mp-cg-rj
https://en.wikipedia.org/wiki/Chief_Minister_of_Rajasthan,en.wikipedia.org,encyclopedia,entity facts | office-holder,2,states-mp-cg-rj
https://en.wikipedia.org/wiki/Chintamani_Maharaj,en.wikipedia.org,encyclopedia,office-holder | office-holder reference,2,parliament-lok-sabha-members
https://en.wikipedia.org/wiki/Chotelal_Verma,en.wikipedia.org,encyclopedia,office-holder | office-holder reference,2,mlas-up-uk
https://en.wikipedia.org/wiki/Choudhary_Virender_Singh,en.wikipedia.org,encyclopedia,office-holder | office-holder reference,2,mlas-up-uk
https://en.wikipedia.org/wiki/Chowna_Mein,en.wikipedia.org,encyclopedia,office-holder reference,2,mlas-jk-ar-mn-ml | states-ar-mn-ml
https://en.wikipedia.org/wiki/Cochin_Shipyard,en.wikipedia.org,encyclopedia,entity facts | office-holder,2,ministries-c
https://en.wikipedia.org/wiki/Commission_for_Agricultural_Costs_and_Prices,en.wikipedia.org,encyclopedia,entity facts | office-holder,2,ministries-e
https://en.wikipedia.org/wiki/Container_Corporation_of_India,en.wikipedia.org,encyclopedia,entity facts | office-holder,2,ministries-c
https://en.wikipedia.org/wiki/Controller_General_of_Defence_Accounts,en.wikipedia.org,encyclopedia,entity facts | office-holder,2,ministries-b2
https://en.wikipedia.org/wiki/Corporation_of_the_City_of_Panaji,en.wikipedia.org,encyclopedia,entity facts | office-holder,2,states-mh-gj-ga
https://en.wikipedia.org/wiki/Cotton_Corporation_of_India,en.wikipedia.org,encyclopedia,entity facts | office-holder,2,ministries-g
https://en.wikipedia.org/wiki/D._C._Verma,en.wikipedia.org,encyclopedia,office-holder | office-holder reference,2,mlas-up-uk
https://en.wikipedia.org/wiki/D._K._Aruna,en.wikipedia.org,encyclopedia,office-holder | office-holder reference,2,parliament-lok-sabha-members
https://en.wikipedia.org/wiki/D._K._Shivakumar,en.wikipedia.org,encyclopedia,office-holder reference,2,mlas-ka-ap-tg | states-ka-ap-tg
https://en.wikipedia.org/wiki/Daggumalla_Prasada_Rao,en.wikipedia.org,encyclopedia,office-holder | office-holder reference,2,parliament-lok-sabha-members
https://en.wikipedia.org/wiki/Damodar_Agarwal,en.wikipedia.org,encyclopedia,office-holder | office-holder reference,2,parliament-lok-sabha-members
https://en.wikipedia.org/wiki/Damodar_Valley_Corporation,en.wikipedia.org,encyclopedia,entity facts | office-holder,2,ministries-d
https://en.wikipedia.org/wiki/Danish_Azad_Ansari,en.wikipedia.org,encyclopedia,office-holder | office-holder reference,2,mlas-up-uk
https://en.wikipedia.org/wiki/Dara_Singh_Chauhan,en.wikipedia.org,encyclopedia,office-holder | office-holder reference,2,mlas-up-uk
https://en.wikipedia.org/wiki/Daroga_Saroj,en.wikipedia.org,encyclopedia,office-holder | office-holder reference,2,parliament-lok-sabha-members
https://en.wikipedia.org/wiki/Darshan_Singh_Choudhary,en.wikipedia.org,encyclopedia,office-holder | office-holder reference,2,parliament-lok-sabha-members
https://en.wikipedia.org/wiki/Daya_Shankar_Mishra,en.wikipedia.org,encyclopedia,office-holder | office-holder reference,2,mlas-up-uk
https://en.wikipedia.org/wiki/Daya_Shankar_Singh,en.wikipedia.org,encyclopedia,office-holder | office-holder reference,2,mlas-up-uk
https://en.wikipedia.org/wiki/Dayanidhi_Maran,en.wikipedia.org,encyclopedia,office-holder | office-holder reference,2,parliament-lok-sabha-members
https://en.wikipedia.org/wiki/Dean_Kuriakose,en.wikipedia.org,encyclopedia,office-holder | office-holder reference,2,parliament-lok-sabha-members
https://en.wikipedia.org/wiki/Dedicated_freight_corridors_in_India,en.wikipedia.org,encyclopedia,entity facts | office-holder,2,ministries-c
https://en.wikipedia.org/wiki/Deepak_Kumar_Mishra,en.wikipedia.org,encyclopedia,office-holder | office-holder reference,2,mlas-up-uk
https://en.wikipedia.org/wiki/Deepak_Patel,en.wikipedia.org,encyclopedia,office-holder | office-holder reference,2,mlas-up-uk
https://en.wikipedia.org/wiki/Deepender_Singh_Hooda,en.wikipedia.org,encyclopedia,office-holder | office-holder reference,2,parliament-lok-sabha-members
https://en.wikipedia.org/wiki/Defence_Research_and_Development_Organisation,en.wikipedia.org,encyclopedia,entity facts,2,ministries-b2
https://en.wikipedia.org/wiki/Delhi_Development_Authority,en.wikipedia.org,encyclopedia,entity facts | office-holder,2,ministries-c
https://en.wikipedia.org/wiki/Delhi_Legislative_Assembly,en.wikipedia.org,encyclopedia,entity facts | office-holder,2,states-dl-jk-la
https://en.wikipedia.org/wiki/Delhi_Lokayukta,en.wikipedia.org,encyclopedia,entity facts | office-holder,2,states-dl-jk-la
https://en.wikipedia.org/wiki/Delhi_Metro_Rail_Corporation,en.wikipedia.org,encyclopedia,entity facts | office-holder,2,ministries-c
https://en.wikipedia.org/wiki/Deputy_Chairman_of_the_Rajya_Sabha,en.wikipedia.org,encyclopedia,office-holder | relationship,2,parliament-rajya-sabha
https://en.wikipedia.org/wiki/Dev_(Bengali_actor),en.wikipedia.org,encyclopedia,office-holder | office-holder reference,2,parliament-lok-sabha-members
https://en.wikipedia.org/wiki/Devendra_Fadnavis,en.wikipedia.org,encyclopedia,office-holder reference,2,mlas-mh-gj-ga | states-mh-gj-ga
https://en.wikipedia.org/wiki/Devendra_Kumar_Nim,en.wikipedia.org,encyclopedia,office-holder | office-holder reference,2,mlas-up-uk
"https://en.wikipedia.org/wiki/Devendra_Pratap_Singh_(UP_politician,_born_1954)",en.wikipedia.org,encyclopedia,office-holder | office-holder reference,2,mlas-up-uk
"https://en.wikipedia.org/wiki/Devendra_Pratap_Singh_(UP_politician,_born_1958)",en.wikipedia.org,encyclopedia,office-holder | office-holder reference,2,mlas-up-uk
https://en.wikipedia.org/wiki/Devendra_Singh_Bhole,en.wikipedia.org,encyclopedia,office-holder | office-holder reference,2,parliament-lok-sabha-members
https://en.wikipedia.org/wiki/Devendra_Singh_Lodhi,en.wikipedia.org,encyclopedia,office-holder | office-holder reference,2,mlas-up-uk
https://en.wikipedia.org/wiki/Devendra_Singh_Rajput,en.wikipedia.org,encyclopedia,office-holder | office-holder reference,2,mlas-up-uk
https://en.wikipedia.org/wiki/Devesh_Chandra_Thakur,en.wikipedia.org,encyclopedia,office-holder | office-holder reference,2,parliament-lok-sabha-members
https://en.wikipedia.org/wiki/Devesh_Shakya,en.wikipedia.org,encyclopedia,office-holder | office-holder reference,2,parliament-lok-sabha-members
https://en.wikipedia.org/wiki/Devusinh_Jesingbhai_Chauhan,en.wikipedia.org,encyclopedia,office-holder | office-holder reference,2,parliament-lok-sabha-members
https://en.wikipedia.org/wiki/Dhairyasheel_Patil,en.wikipedia.org,encyclopedia,office-holder | office-holder reference,2,parliament-lok-sabha-members
https://en.wikipedia.org/wiki/Dhairyasheel_Sambhajirao_Mane,en.wikipedia.org,encyclopedia,office-holder | office-holder reference,2,parliament-lok-sabha-members
https://en.wikipedia.org/wiki/Dhan_Singh_Rawat,en.wikipedia.org,encyclopedia,office-holder | office-holder reference,2,mlas-up-uk
https://en.wikipedia.org/wiki/Dharambir_Singh_Chaudhary,en.wikipedia.org,encyclopedia,office-holder | office-holder reference,2,parliament-lok-sabha-members
https://en.wikipedia.org/wiki/Dharampal_Singh,en.wikipedia.org,encyclopedia,office-holder | office-holder reference,2,mlas-up-uk
https://en.wikipedia.org/wiki/Dharamvir_Gandhi,en.wikipedia.org,encyclopedia,office-holder | office-holder reference,2,parliament-lok-sabha-members
https://en.wikipedia.org/wiki/Dharmapuri_Arvind,en.wikipedia.org,encyclopedia,office-holder | office-holder reference,2,parliament-lok-sabha-members
https://en.wikipedia.org/wiki/Dharmendra_Pradhan,en.wikipedia.org,encyclopedia,office-holder | office-holder reference,2,parliament-lok-sabha-members
https://en.wikipedia.org/wiki/Dharmendra_Singh_(politician),en.wikipedia.org,encyclopedia,office-holder | office-holder reference,2,mlas-up-uk
https://en.wikipedia.org/wiki/Dharmendra_Yadav,en.wikipedia.org,encyclopedia,office-holder | office-holder reference,2,parliament-lok-sabha-members
https://en.wikipedia.org/wiki/Dharmesh_Singh_Tomar,en.wikipedia.org,encyclopedia,office-holder | office-holder reference,2,mlas-up-uk
https://en.wikipedia.org/wiki/Dharmpal_Singh,en.wikipedia.org,encyclopedia,office-holder | office-holder reference,2,mlas-up-uk
https://en.wikipedia.org/wiki/Dharmraj_Nishad,en.wikipedia.org,encyclopedia,office-holder | office-holder reference,2,mlas-up-uk
https://en.wikipedia.org/wiki/Dharmraj_Singh_Yadav,en.wikipedia.org,encyclopedia,office-holder | office-holder reference,2,mlas-up-uk
https://en.wikipedia.org/wiki/Dharmveer_Prajapati,en.wikipedia.org,encyclopedia,office-holder | office-holder reference,2,mlas-up-uk
https://en.wikipedia.org/wiki/Dhavalbhai_Patel,en.wikipedia.org,encyclopedia,office-holder | office-holder reference,2,parliament-lok-sabha-members
https://en.wikipedia.org/wiki/Dhiraj_Seth,en.wikipedia.org,encyclopedia,office-holder | office-holder reference,2,ministries-b2
https://en.wikipedia.org/wiki/Dhirendra_Singh,en.wikipedia.org,encyclopedia,office-holder | office-holder reference,2,mlas-up-uk
https://en.wikipedia.org/wiki/Digital_India_Corporation,en.wikipedia.org,encyclopedia,entity facts | office-holder,2,ministries-g
https://en.wikipedia.org/wiki/Dileshwar_Kamait,en.wikipedia.org,encyclopedia,office-holder | office-holder reference,2,parliament-lok-sabha-members
https://en.wikipedia.org/wiki/Dilip_Saikia,en.wikipedia.org,encyclopedia,office-holder | office-holder reference,2,parliament-lok-sabha-members
https://en.wikipedia.org/wiki/Dilip_Singh_Rawat,en.wikipedia.org,encyclopedia,office-holder | office-holder reference,2,mlas-up-uk
https://en.wikipedia.org/wiki/Dimple_Yadav,en.wikipedia.org,encyclopedia,office-holder | office-holder reference,2,parliament-lok-sabha-members
https://en.wikipedia.org/wiki/Dinanath_Bhaskar,en.wikipedia.org,encyclopedia,office-holder | office-holder reference,2,mlas-up-uk
https://en.wikipedia.org/wiki/Dinesh_Chandra_Yadav_(Indian_politician),en.wikipedia.org,encyclopedia,office-holder | office-holder reference,2,parliament-lok-sabha-members
https://en.wikipedia.org/wiki/Dinesh_Khatik,en.wikipedia.org,encyclopedia,office-holder | office-holder reference,2,mlas-up-uk
https://en.wikipedia.org/wiki/Dinesh_Maheshwari,en.wikipedia.org,encyclopedia,office-holder | office-holder reference,2,ministries-b3
https://en.wikipedia.org/wiki/Dinesh_Pratap_Singh,en.wikipedia.org,encyclopedia,office-holder | office-holder reference,2,mlas-up-uk
https://en.wikipedia.org/wiki/Dinesh_Rawat,en.wikipedia.org,encyclopedia,office-holder | office-holder reference,2,mlas-up-uk
https://en.wikipedia.org/wiki/Dineshbhai_Makwana,en.wikipedia.org,encyclopedia,office-holder | office-holder reference,2,parliament-lok-sabha-members
https://en.wikipedia.org/wiki/Director_General_of_the_Assam_Rifles,en.wikipedia.org,encyclopedia,entity facts | office-holder,2,ministries-b1
https://en.wikipedia.org/wiki/Director_General_of_the_Border_Security_Force,en.wikipedia.org,encyclopedia,entity facts | office-holder,2,ministries-b1
https://en.wikipedia.org/wiki/Director_General_of_the_National_Investigation_Agency,en.wikipedia.org,encyclopedia,entity facts | office-holder,2,ministries-b1
https://en.wikipedia.org/wiki/Directorate_General_of_Civil_Aviation_(India),en.wikipedia.org,encyclopedia,entity facts | office-holder,2,ministries-c
https://en.wikipedia.org/wiki/Directorate_General_of_Shipping,en.wikipedia.org,encyclopedia,entity facts | office-holder,2,ministries-c
https://en.wikipedia.org/wiki/Diwan_Singh_Bisht,en.wikipedia.org,encyclopedia,office-holder | office-holder reference,2,mlas-up-uk
https://en.wikipedia.org/wiki/Dola_Sen,en.wikipedia.org,encyclopedia,office-holder reference,2,parliament-committees | parliament-rajya-sabha
https://en.wikipedia.org/wiki/Dr._Balbir_Singh,en.wikipedia.org,encyclopedia,office-holder reference,2,mlas-pb-hr-hp-dl | states-pb-hr-ch-r2
https://en.wikipedia.org/wiki/Dudhram,en.wikipedia.org,encyclopedia,office-holder | office-holder reference,2,mlas-up-uk
https://en.wikipedia.org/wiki/Dulu_Mahato,en.wikipedia.org,encyclopedia,office-holder | office-holder reference,2,parliament-lok-sabha-members
https://en.wikipedia.org/wiki/Durai_Vaiyapuri,en.wikipedia.org,encyclopedia,office-holder | office-holder reference,2,parliament-lok-sabha-members
https://en.wikipedia.org/wiki/Durga_Prasad_Yadav,en.wikipedia.org,encyclopedia,office-holder | office-holder reference,2,mlas-up-uk
https://en.wikipedia.org/wiki/Durgeshwar_Lal,en.wikipedia.org,encyclopedia,office-holder | office-holder reference,2,mlas-up-uk
https://en.wikipedia.org/wiki/Dushyant_Singh,en.wikipedia.org,encyclopedia,office-holder | office-holder reference,2,parliament-lok-sabha-members
https://en.wikipedia.org/wiki/E._T._Muhammed_Basheer,en.wikipedia.org,encyclopedia,office-holder | office-holder reference,2,parliament-lok-sabha-members
https://en.wikipedia.org/wiki/E._Tukaram,en.wikipedia.org,encyclopedia,office-holder | office-holder reference,2,parliament-lok-sabha-members
https://en.wikipedia.org/wiki/Eknath_Shinde,en.wikipedia.org,encyclopedia,office-holder reference,2,mlas-mh-gj-ga | states-mh-gj-ga
https://en.wikipedia.org/wiki/Engineers_India,en.wikipedia.org,encyclopedia,entity facts | office-holder,2,ministries-d
https://en.wikipedia.org/wiki/Eswarasamy,en.wikipedia.org,encyclopedia,office-holder | office-holder reference,2,parliament-lok-sabha-members
https://en.wikipedia.org/wiki/Etela_Rajender,en.wikipedia.org,encyclopedia,office-holder | office-holder reference,2,parliament-lok-sabha-members
https://en.wikipedia.org/wiki/Faggan_Singh_Kulaste,en.wikipedia.org,encyclopedia,office-holder | office-holder reference,2,parliament-lok-sabha-members
https://en.wikipedia.org/wiki/Fakir_Ram_Tamta,en.wikipedia.org,encyclopedia,office-holder | office-holder reference,2,mlas-up-uk
https://en.wikipedia.org/wiki/Fareed_Mahfooz_Kidwai,en.wikipedia.org,encyclopedia,office-holder | office-holder reference,2,mlas-up-uk
https://en.wikipedia.org/wiki/Fateh_Bahadur_Singh,en.wikipedia.org,encyclopedia,office-holder | office-holder reference,2,mlas-up-uk
https://en.wikipedia.org/wiki/Film_and_Television_Institute_of_India,en.wikipedia.org,encyclopedia,entity facts | office-holder,2,ministries-g
https://en.wikipedia.org/wiki/Forest_Survey_of_India,en.wikipedia.org,encyclopedia,entity facts | office-holder,2,ministries-g
https://en.wikipedia.org/wiki/Francis_George_(politician),en.wikipedia.org,encyclopedia,office-holder | office-holder reference,2,parliament-lok-sabha-members
https://en.wikipedia.org/wiki/Furqan_Ahmad,en.wikipedia.org,encyclopedia,office-holder | office-holder reference,2,mlas-up-uk
https://en.wikipedia.org/wiki/G_Kumar_Naik,en.wikipedia.org,encyclopedia,office-holder | office-holder reference,2,parliament-lok-sabha-members
https://en.wikipedia.org/wiki/G._Lakshminarayana,en.wikipedia.org,encyclopedia,office-holder | office-holder reference,2,parliament-lok-sabha-members
https://en.wikipedia.org/wiki/G._Parameshwara,en.wikipedia.org,encyclopedia,office-holder reference,2,mlas-ka-ap-tg | states-ka-ap-tg
https://en.wikipedia.org/wiki/G._Selvam,en.wikipedia.org,encyclopedia,office-holder | office-holder reference,2,parliament-lok-sabha-members
https://en.wikipedia.org/wiki/Gajendra_Patel,en.wikipedia.org,encyclopedia,office-holder | office-holder reference,2,parliament-lok-sabha-members
https://en.wikipedia.org/wiki/Ganapathi_P._Raj_Kumar,en.wikipedia.org,encyclopedia,office-holder | office-holder reference,2,parliament-lok-sabha-members
https://en.wikipedia.org/wiki/Ganesh_Chandra_Chauhan,en.wikipedia.org,encyclopedia,office-holder | office-holder reference,2,mlas-up-uk
https://en.wikipedia.org/wiki/Ganesh_Joshi,en.wikipedia.org,encyclopedia,office-holder | office-holder reference,2,mlas-up-uk
https://en.wikipedia.org/wiki/Ganesh_Singh,en.wikipedia.org,encyclopedia,office-holder | office-holder reference,2,parliament-lok-sabha-members
https://en.wikipedia.org/wiki/Ganti_Harish_Madhur,en.wikipedia.org,encyclopedia,office-holder | office-holder reference,2,parliament-lok-sabha-members
https://en.wikipedia.org/wiki/Gaurav_Gautam,en.wikipedia.org,encyclopedia,office-holder reference,2,mlas-pb-hr-hp-dl | states-pb-hr-ch-r2
https://en.wikipedia.org/wiki/Gaurav_Gogoi,en.wikipedia.org,encyclopedia,office-holder | office-holder reference,2,parliament-lok-sabha-members
https://en.wikipedia.org/wiki/Gaurav_Kumar_(politician),en.wikipedia.org,encyclopedia,office-holder | office-holder reference,2,mlas-up-uk
https://en.wikipedia.org/wiki/Gaurav_Yadav_(police_officer),en.wikipedia.org,encyclopedia,office-holder | office-holder reference,2,states-pb-hr-ch-r2
https://en.wikipedia.org/wiki/Gauri_Shankar_Verma,en.wikipedia.org,encyclopedia,office-holder | office-holder reference,2,mlas-up-uk
https://en.wikipedia.org/wiki/Geeta_Shastri,en.wikipedia.org,encyclopedia,office-holder | office-holder reference,2,mlas-up-uk
https://en.wikipedia.org/wiki/Geniben_Thakor,en.wikipedia.org,encyclopedia,office-holder | office-holder reference,2,parliament-lok-sabha-members
https://en.wikipedia.org/wiki/Geological_Survey_of_India,en.wikipedia.org,encyclopedia,entity facts | budget,2,ministries-d
https://en.wikipedia.org/wiki/Ghulam_Mohammed_(politician),en.wikipedia.org,encyclopedia,office-holder | office-holder reference,2,mlas-up-uk
https://en.wikipedia.org/wiki/Giridhari_Yadav,en.wikipedia.org,encyclopedia,office-holder | office-holder reference,2,parliament-lok-sabha-members
https://en.wikipedia.org/wiki/Girish_Chandra_Yadav,en.wikipedia.org,encyclopedia,office-holder | office-holder reference,2,mlas-up-uk
https://en.wikipedia.org/wiki/Girraj_Singh_Dharmesh,en.wikipedia.org,encyclopedia,office-holder | office-holder reference,2,mlas-up-uk
https://en.wikipedia.org/wiki/Goa_Human_Rights_Commission,en.wikipedia.org,encyclopedia,entity facts | office-holder,2,states-mh-gj-ga
https://en.wikipedia.org/wiki/Goa_Lokayukta,en.wikipedia.org,encyclopedia,entity facts | office-holder,2,states-mh-gj-ga
https://en.wikipedia.org/wiki/Goa_Public_Service_Commission,en.wikipedia.org,encyclopedia,entity facts | office-holder,2,states-mh-gj-ga
https://en.wikipedia.org/wiki/Goa_Shipyard_Limited,en.wikipedia.org,encyclopedia,entity facts | office-holder,2,ministries-b2
https://en.wikipedia.org/wiki/Goa_State_Election_Commission,en.wikipedia.org,encyclopedia,entity facts | office-holder,2,states-mh-gj-ga
https://en.wikipedia.org/wiki/Godam_Nagesh,en.wikipedia.org,encyclopedia,office-holder | office-holder reference,2,parliament-lok-sabha-members
https://en.wikipedia.org/wiki/Gopal_Jee_Thakur,en.wikipedia.org,encyclopedia,office-holder | office-holder reference,2,parliament-lok-sabha-members
https://en.wikipedia.org/wiki/Gopal_Singh_Rana,en.wikipedia.org,encyclopedia,office-holder | office-holder reference,2,mlas-up-uk
https://en.wikipedia.org/wiki/Government_of_Arunachal_Pradesh,en.wikipedia.org,encyclopedia,entity facts | relationship,2,states-ar-mn-ml
https://en.wikipedia.org/wiki/Government_of_Himachal_Pradesh,en.wikipedia.org,encyclopedia,entity facts | office-holder,2,states-up-uk-hp
https://en.wikipedia.org/wiki/Government_of_Jammu_and_Kashmir,en.wikipedia.org,encyclopedia,entity facts | office-holder,2,states-dl-jk-la
https://en.wikipedia.org/wiki/Government_of_Manipur,en.wikipedia.org,encyclopedia,entity facts | relationship,2,states-ar-mn-ml
https://en.wikipedia.org/wiki/Government_of_Meghalaya,en.wikipedia.org,encyclopedia,entity facts | relationship,2,states-ar-mn-ml
"https://en.wikipedia.org/wiki/Government_of_Punjab,_India",en.wikipedia.org,encyclopedia,entity facts | office-holder,2,states-pb-hr-ch-r2
https://en.wikipedia.org/wiki/Governor_of_Kerala,en.wikipedia.org,encyclopedia,office-holder | relationship,2,states-tn-kl-py
https://en.wikipedia.org/wiki/Governor_of_Maharashtra,en.wikipedia.org,encyclopedia,office-holder | relationship,2,states-mh-gj-ga
https://en.wikipedia.org/wiki/Governor_of_Tamil_Nadu,en.wikipedia.org,encyclopedia,office-holder | relationship,2,states-tn-kl-py
https://en.wikipedia.org/wiki/Govind_Karjol,en.wikipedia.org,encyclopedia,office-holder | office-holder reference,2,parliament-lok-sabha-members
https://en.wikipedia.org/wiki/Govind_Narayan_Shukla,en.wikipedia.org,encyclopedia,office-holder | office-holder reference,2,mlas-up-uk
https://en.wikipedia.org/wiki/Gowaal_Kagada_Padavi,en.wikipedia.org,encyclopedia,office-holder | office-holder reference,2,parliament-lok-sabha-members
https://en.wikipedia.org/wiki/Grid_Controller_of_India_Limited,en.wikipedia.org,encyclopedia,entity facts | office-holder,2,ministries-d
https://en.wikipedia.org/wiki/Gudiya_Katheriya,en.wikipedia.org,encyclopedia,office-holder | office-holder reference,2,mlas-up-uk
https://en.wikipedia.org/wiki/Gujarat_Lokayukta,en.wikipedia.org,encyclopedia,entity facts | office-holder,2,states-mh-gj-ga
https://en.wikipedia.org/wiki/Gujarat_Public_Service_Commission,en.wikipedia.org,encyclopedia,entity facts | office-holder,2,states-mh-gj-ga
https://en.wikipedia.org/wiki/Gujarat_State_Election_Commission,en.wikipedia.org,encyclopedia,entity facts | office-holder,2,states-mh-gj-ga
https://en.wikipedia.org/wiki/Gulab_Devi,en.wikipedia.org,encyclopedia,office-holder | office-holder reference,2,mlas-up-uk
https://en.wikipedia.org/wiki/Gumma_Thanuja_Rani,en.wikipedia.org,encyclopedia,office-holder | office-holder reference,2,parliament-lok-sabha-members
https://en.wikipedia.org/wiki/Gurjeet_Singh_Aujla,en.wikipedia.org,encyclopedia,office-holder | office-holder reference,2,parliament-lok-sabha-members
https://en.wikipedia.org/wiki/Gurmeet_Singh_Khudian,en.wikipedia.org,encyclopedia,office-holder reference,2,mlas-pb-hr-hp-dl | states-pb-hr-ch-r2
https://en.wikipedia.org/wiki/Gurmeet_Singh_Meet_Hayer,en.wikipedia.org,encyclopedia,office-holder | office-holder reference,2,parliament-lok-sabha-members
https://en.wikipedia.org/wiki/Guru_Prasad_Maurya,en.wikipedia.org,encyclopedia,office-holder | office-holder reference,2,mlas-up-uk
https://en.wikipedia.org/wiki/Gyan_Tiwari,en.wikipedia.org,encyclopedia,office-holder | office-holder reference,2,mlas-up-uk
https://en.wikipedia.org/wiki/Gyanendra_Pratap_Singh,en.wikipedia.org,encyclopedia,entity facts | office-holder,2,ministries-b1
https://en.wikipedia.org/wiki/Gyanendra_Singh,en.wikipedia.org,encyclopedia,office-holder | office-holder reference,2,mlas-up-uk
https://en.wikipedia.org/wiki/Gyaneswar_Patil,en.wikipedia.org,encyclopedia,office-holder | office-holder reference,2,parliament-lok-sabha-members
https://en.wikipedia.org/wiki/Hakim_Lal_Bind,en.wikipedia.org,encyclopedia,office-holder | office-holder reference,2,mlas-up-uk
https://en.wikipedia.org/wiki/Hansu_Ram,en.wikipedia.org,encyclopedia,office-holder | office-holder reference,2,mlas-up-uk
https://en.wikipedia.org/wiki/Hanuman_Beniwal,en.wikipedia.org,encyclopedia,office-holder | office-holder reference,2,parliament-lok-sabha-members
https://en.wikipedia.org/wiki/Hardeep_Singh_Mundian,en.wikipedia.org,encyclopedia,office-holder reference,2,mlas-pb-hr-hp-dl | states-pb-hr-ch-r2
https://en.wikipedia.org/wiki/Harendra_Singh_Malik,en.wikipedia.org,encyclopedia,office-holder | office-holder reference,2,parliament-lok-sabha-members
https://en.wikipedia.org/wiki/Harendra_Singh_Tewatia,en.wikipedia.org,encyclopedia,office-holder | office-holder reference,2,mlas-up-uk
https://en.wikipedia.org/wiki/Hari_Om_Pandey,en.wikipedia.org,encyclopedia,office-holder | office-holder reference,2,mlas-up-uk
https://en.wikipedia.org/wiki/Hari_Prakash_Verma,en.wikipedia.org,encyclopedia,office-holder | office-holder reference,2,mlas-up-uk
https://en.wikipedia.org/wiki/Haribhai_Patel,en.wikipedia.org,encyclopedia,office-holder | office-holder reference,2,parliament-lok-sabha-members
https://en.wikipedia.org/wiki/Haribhau_Bagade,en.wikipedia.org,encyclopedia,office-holder reference,2,states-mp-cg-rj-r2 | states-mp-cg-rj
https://en.wikipedia.org/wiki/Hariom_Verma,en.wikipedia.org,encyclopedia,office-holder | office-holder reference,2,mlas-up-uk
https://en.wikipedia.org/wiki/Harish_Meena,en.wikipedia.org,encyclopedia,office-holder | office-holder reference,2,parliament-lok-sabha-members
https://en.wikipedia.org/wiki/Harish_Shakya,en.wikipedia.org,encyclopedia,office-holder | office-holder reference,2,mlas-up-uk
https://en.wikipedia.org/wiki/Harish_Singh_Dhami,en.wikipedia.org,encyclopedia,office-holder | office-holder reference,2,mlas-up-uk
https://en.wikipedia.org/wiki/Harjot_Singh_Bains,en.wikipedia.org,encyclopedia,office-holder reference,2,mlas-pb-hr-hp-dl | states-pb-hr-ch-r2
https://en.wikipedia.org/wiki/Harpal_Singh_Cheema,en.wikipedia.org,encyclopedia,office-holder reference,2,mlas-pb-hr-hp-dl | states-pb-hr-ch-r2
https://en.wikipedia.org/wiki/Harshvardhan_Bajpai,en.wikipedia.org,encyclopedia,office-holder | office-holder reference,2,mlas-up-uk
https://en.wikipedia.org/wiki/Harsimrat_Kaur_Badal,en.wikipedia.org,encyclopedia,office-holder | office-holder reference,2,parliament-lok-sabha-members
https://en.wikipedia.org/wiki/Harvindar_Kumar_Sahani,en.wikipedia.org,encyclopedia,office-holder | office-holder reference,2,mlas-up-uk
https://en.wikipedia.org/wiki/Harvinder_Kalyan,en.wikipedia.org,encyclopedia,office-holder reference,2,mlas-pb-hr-hp-dl | states-pb-hr-ch-r2
https://en.wikipedia.org/wiki/Haryana,en.wikipedia.org,encyclopedia,entity facts,2,states-pb-hr-ch-r2 | states-pb-hr-ch
https://en.wikipedia.org/wiki/Hema_Malini,en.wikipedia.org,encyclopedia,office-holder | office-holder reference,2,parliament-lok-sabha-members
https://en.wikipedia.org/wiki/Hemang_Joshi,en.wikipedia.org,encyclopedia,office-holder | office-holder reference,2,parliament-lok-sabha-members
https://en.wikipedia.org/wiki/Hemant_Savara,en.wikipedia.org,encyclopedia,office-holder | office-holder reference,2,parliament-lok-sabha-members
https://en.wikipedia.org/wiki/Hibi_Eden,en.wikipedia.org,encyclopedia,office-holder | office-holder reference,2,parliament-lok-sabha-members
https://en.wikipedia.org/wiki/Himachal_Pradesh_Public_Service_Commission,en.wikipedia.org,encyclopedia,entity facts | office-holder,2,states-up-uk-hp
https://en.wikipedia.org/wiki/Himachal_Pradesh_State_Election_Commission,en.wikipedia.org,encyclopedia,entity facts | office-holder,2,states-up-uk-hp
https://en.wikipedia.org/wiki/Himadri_Singh,en.wikipedia.org,encyclopedia,office-holder | office-holder reference,2,parliament-lok-sabha-members
https://en.wikipedia.org/wiki/Himanshu_Yadav,en.wikipedia.org,encyclopedia,office-holder | office-holder reference,2,mlas-up-uk
https://en.wikipedia.org/wiki/Himanta_Biswa_Sarma,en.wikipedia.org,encyclopedia,office-holder reference,2,mlas-wb-as-sk | states-wb-as-sk
https://en.wikipedia.org/wiki/Hindustan_Aeronautics_Limited,en.wikipedia.org,encyclopedia,entity facts | office-holder,2,ministries-b2
https://en.wikipedia.org/wiki/Housing_and_Urban_Development_Corporation,en.wikipedia.org,encyclopedia,entity facts | office-holder,2,ministries-c
https://en.wikipedia.org/wiki/Hriday_Narayan_Singh_Patel,en.wikipedia.org,encyclopedia,office-holder | office-holder reference,2,mlas-up-uk
https://en.wikipedia.org/wiki/Imran_Masood,en.wikipedia.org,encyclopedia,office-holder | office-holder reference,2,parliament-lok-sabha-members
https://en.wikipedia.org/wiki/India_Meteorological_Department,en.wikipedia.org,encyclopedia,entity facts | office-holder,2,ministries-g
https://en.wikipedia.org/wiki/India_Post_Payments_Bank,en.wikipedia.org,encyclopedia,entity facts | office-holder,2,ministries-c
https://en.wikipedia.org/wiki/India_Tourism_Development_Corporation,en.wikipedia.org,encyclopedia,entity facts | office-holder,2,ministries-g
https://en.wikipedia.org/wiki/India_Trade_Promotion_Organisation,en.wikipedia.org,encyclopedia,entity facts | office-holder,2,ministries-a
https://en.wikipedia.org/wiki/Indian_Army,en.wikipedia.org,encyclopedia,entity facts | office-holder,2,ministries-b2
https://en.wikipedia.org/wiki/Indian_Coast_Guard,en.wikipedia.org,encyclopedia,entity facts | office-holder,2,ministries-b2
https://en.wikipedia.org/wiki/Indian_Computer_Emergency_Response_Team,en.wikipedia.org,encyclopedia,entity facts | office-holder,2,ministries-g
https://en.wikipedia.org/wiki/Indian_Institute_of_Mass_Communication,en.wikipedia.org,encyclopedia,entity facts | office-holder,2,ministries-g
https://en.wikipedia.org/wiki/Indian_Institute_of_Tropical_Meteorology,en.wikipedia.org,encyclopedia,entity facts | office-holder,2,ministries-g
https://en.wikipedia.org/wiki/Indian_Railway_Catering_and_Tourism_Corporation,en.wikipedia.org,encyclopedia,entity facts | office-holder,2,ministries-c
https://en.wikipedia.org/wiki/Indian_Railway_Finance_Corporation,en.wikipedia.org,encyclopedia,entity facts | office-holder,2,ministries-c
https://en.wikipedia.org/wiki/Indian_Rare_Earths,en.wikipedia.org,encyclopedia,entity facts | office-holder,2,ministries-d
https://en.wikipedia.org/wiki/Indra_Hang_Subba,en.wikipedia.org,encyclopedia,office-holder | office-holder reference,2,parliament-lok-sabha-members
https://en.wikipedia.org/wiki/Indrajit_Saroj,en.wikipedia.org,encyclopedia,office-holder | office-holder reference,2,mlas-up-uk
https://en.wikipedia.org/wiki/Indrani_Devi,en.wikipedia.org,encyclopedia,office-holder | office-holder reference,2,mlas-up-uk
https://en.wikipedia.org/wiki/Inland_Waterways_Authority_of_India,en.wikipedia.org,encyclopedia,entity facts | office-holder,2,ministries-c
https://en.wikipedia.org/wiki/Institute_of_Secretariat_Training_and_Management,en.wikipedia.org,encyclopedia,entity facts | office-holder,2,ministries-b3
https://en.wikipedia.org/wiki/Iqbal_Mehmood,en.wikipedia.org,encyclopedia,office-holder | office-holder reference,2,mlas-up-uk
https://en.wikipedia.org/wiki/Iqra_Choudhary,en.wikipedia.org,encyclopedia,office-holder | office-holder reference,2,parliament-lok-sabha-members
https://en.wikipedia.org/wiki/Ircon_International,en.wikipedia.org,encyclopedia,entity facts | office-holder,2,ministries-c
https://en.wikipedia.org/wiki/Isha_Khan_Choudhury,en.wikipedia.org,encyclopedia,office-holder | office-holder reference,2,parliament-lok-sabha-members
https://en.wikipedia.org/wiki/Jagadish_Chandra_Barma_Basunia,en.wikipedia.org,encyclopedia,office-holder | office-holder reference,2,parliament-lok-sabha-members
https://en.wikipedia.org/wiki/Jagadish_Shettar,en.wikipedia.org,encyclopedia,office-holder | office-holder reference,2,parliament-lok-sabha-members
https://en.wikipedia.org/wiki/Jagannath_Sarkar_(BJP_politician),en.wikipedia.org,encyclopedia,office-holder | office-holder reference,2,parliament-lok-sabha-members
https://en.wikipedia.org/wiki/Jagdish_Narayan_(politician),en.wikipedia.org,encyclopedia,office-holder | office-holder reference,2,mlas-up-uk
https://en.wikipedia.org/wiki/Jai_Devi,en.wikipedia.org,encyclopedia,office-holder | office-holder reference,2,mlas-up-uk
https://en.wikipedia.org/wiki/Jai_Kishan_Sahu,en.wikipedia.org,encyclopedia,office-holder | office-holder reference,2,mlas-up-uk
https://en.wikipedia.org/wiki/Jai_Krishan_Singh,en.wikipedia.org,encyclopedia,office-holder reference,2,mlas-pb-hr-hp-dl | states-pb-hr-ch-r2
https://en.wikipedia.org/wiki/Jai_Kumar_Singh_Jaiki,en.wikipedia.org,encyclopedia,office-holder | office-holder reference,2,mlas-up-uk
https://en.wikipedia.org/wiki/Jai_Mangal_Kanojiya,en.wikipedia.org,encyclopedia,office-holder | office-holder reference,2,mlas-up-uk
https://en.wikipedia.org/wiki/Jai_Pal_Singh_(politician),en.wikipedia.org,encyclopedia,office-holder | office-holder reference,2,mlas-up-uk
https://en.wikipedia.org/wiki/Jai_Parkash,en.wikipedia.org,encyclopedia,office-holder | office-holder reference,2,parliament-lok-sabha-members
https://en.wikipedia.org/wiki/Jai_Prakash,en.wikipedia.org,encyclopedia,office-holder | office-holder reference,2,parliament-lok-sabha-members
https://en.wikipedia.org/wiki/Jai_Prakash_Anchal,en.wikipedia.org,encyclopedia,office-holder | office-holder reference,2,mlas-up-uk
https://en.wikipedia.org/wiki/Jai_Prakash_Nishad_(Rudrapur),en.wikipedia.org,encyclopedia,office-holder | office-holder reference,2,mlas-up-uk
https://en.wikipedia.org/wiki/Jai_Pratap_Singh,en.wikipedia.org,encyclopedia,office-holder | office-holder reference,2,mlas-up-uk
https://en.wikipedia.org/wiki/Jai_Ram_Thakur,en.wikipedia.org,encyclopedia,office-holder reference,2,mlas-pb-hr-hp-dl | states-up-uk-hp
https://en.wikipedia.org/wiki/Jaiveer_Singh,en.wikipedia.org,encyclopedia,office-holder | office-holder reference,2,mlas-up-uk
https://en.wikipedia.org/wiki/Jammu_and_Kashmir_Public_Service_Commission,en.wikipedia.org,encyclopedia,entity facts | office-holder,2,states-dl-jk-la
https://en.wikipedia.org/wiki/Jammu_Municipal_Corporation,en.wikipedia.org,encyclopedia,entity facts | office-holder,2,states-dl-jk-la
https://en.wikipedia.org/wiki/Janardan_Mishra,en.wikipedia.org,encyclopedia,office-holder | office-holder reference,2,parliament-lok-sabha-members
https://en.wikipedia.org/wiki/Janardan_Singh_Sigriwal,en.wikipedia.org,encyclopedia,office-holder | office-holder reference,2,parliament-lok-sabha-members
https://en.wikipedia.org/wiki/Jashubhai_Rathva,en.wikipedia.org,encyclopedia,office-holder | office-holder reference,2,parliament-lok-sabha-members
https://en.wikipedia.org/wiki/Jasvantsinh_Bhabhor,en.wikipedia.org,encyclopedia,office-holder | office-holder reference,2,parliament-lok-sabha-members
https://en.wikipedia.org/wiki/Jawahar_Lal_Rajput,en.wikipedia.org,encyclopedia,office-holder | office-holder reference,2,mlas-up-uk
https://en.wikipedia.org/wiki/Jayanta_Kumar_Roy,en.wikipedia.org,encyclopedia,office-holder | office-holder reference,2,parliament-lok-sabha-members
https://en.wikipedia.org/wiki/Jeet_Lal,en.wikipedia.org,encyclopedia,office-holder | office-holder reference,2,mlas-up-uk
https://en.wikipedia.org/wiki/Jharkhand_Human_Rights_Commission,en.wikipedia.org,encyclopedia,entity facts | office-holder,2,states-br-jh-od
https://en.wikipedia.org/wiki/Jitendra_Kumar_Dohare,en.wikipedia.org,encyclopedia,office-holder | office-holder reference,2,parliament-lok-sabha-members
https://en.wikipedia.org/wiki/Jitendra_Singh_Rana,en.wikipedia.org,encyclopedia,office-holder | office-holder reference,2,parliament-lok-sabha-members
https://en.wikipedia.org/wiki/Joba_Majhi,en.wikipedia.org,encyclopedia,office-holder | office-holder reference,2,parliament-lok-sabha-members
https://en.wikipedia.org/wiki/Jothimani,en.wikipedia.org,encyclopedia,office-holder | office-holder reference,2,parliament-lok-sabha-members
https://en.wikipedia.org/wiki/Joyanta_Basumatary,en.wikipedia.org,encyclopedia,office-holder | office-holder reference,2,parliament-lok-sabha-members
https://en.wikipedia.org/wiki/Jugal_Kishore_Sharma,en.wikipedia.org,encyclopedia,office-holder | office-holder reference,2,parliament-lok-sabha-members
https://en.wikipedia.org/wiki/June_Malia,en.wikipedia.org,encyclopedia,office-holder | office-holder reference,2,parliament-lok-sabha-members
https://en.wikipedia.org/wiki/Jyotirmay_Singh_Mahato,en.wikipedia.org,encyclopedia,office-holder | office-holder reference,2,parliament-lok-sabha-members
https://en.wikipedia.org/wiki/Jyotsna_Mahant,en.wikipedia.org,encyclopedia,office-holder | office-holder reference,2,parliament-lok-sabha-members
https://en.wikipedia.org/wiki/K._E._Prakash,en.wikipedia.org,encyclopedia,office-holder | office-holder reference,2,parliament-lok-sabha-members
https://en.wikipedia.org/wiki/K._Gopinath,en.wikipedia.org,encyclopedia,office-holder | office-holder reference,2,parliament-lok-sabha-members
https://en.wikipedia.org/wiki/K._Laxman,en.wikipedia.org,encyclopedia,office-holder reference,2,parliament-committees | parliament-rajya-sabha
https://en.wikipedia.org/wiki/K._Radhakrishnan_(politician),en.wikipedia.org,encyclopedia,office-holder | office-holder reference,2,parliament-lok-sabha-members
https://en.wikipedia.org/wiki/K._Rajashekar_Basavaraj_Hitnal,en.wikipedia.org,encyclopedia,office-holder | office-holder reference,2,parliament-lok-sabha-members
https://en.wikipedia.org/wiki/K._Sanjay_Murthy,en.wikipedia.org,encyclopedia,office-holder reference,2,constitutional-bodies-r2 | constitutional-bodies
https://en.wikipedia.org/wiki/K._Subbarayan,en.wikipedia.org,encyclopedia,office-holder | office-holder reference,2,parliament-lok-sabha-members
https://en.wikipedia.org/wiki/K._Sudhakar_(politician),en.wikipedia.org,encyclopedia,office-holder | office-holder reference,2,parliament-lok-sabha-members
https://en.wikipedia.org/wiki/K._Sudhakaran,en.wikipedia.org,encyclopedia,office-holder | office-holder reference,2,parliament-lok-sabha-members
https://en.wikipedia.org/wiki/Kadiyam_Kavya,en.wikipedia.org,encyclopedia,office-holder | office-holder reference,2,parliament-lok-sabha-members
https://en.wikipedia.org/wiki/Kailash_Kharwar,en.wikipedia.org,encyclopedia,office-holder | office-holder reference,2,mlas-up-uk
https://en.wikipedia.org/wiki/Kailash_Nath_Shukla,en.wikipedia.org,encyclopedia,office-holder | office-holder reference,2,mlas-up-uk
https://en.wikipedia.org/wiki/Kailash_Singh_Rajput,en.wikipedia.org,encyclopedia,office-holder | office-holder reference,2,mlas-up-uk
https://en.wikipedia.org/wiki/Kakoli_Ghosh_Dastidar,en.wikipedia.org,encyclopedia,office-holder | office-holder reference,2,parliament-lok-sabha-members
https://en.wikipedia.org/wiki/Kalaben_Delkar,en.wikipedia.org,encyclopedia,office-holder | office-holder reference,2,parliament-lok-sabha-members
https://en.wikipedia.org/wiki/Kalanidhi_Veeraswamy,en.wikipedia.org,encyclopedia,office-holder | office-holder reference,2,parliament-lok-sabha-members
https://en.wikipedia.org/wiki/Kalge_Shivaji_Bandappa,en.wikipedia.org,encyclopedia,office-holder | office-holder reference,2,parliament-lok-sabha-members
https://en.wikipedia.org/wiki/Kali_Charan_Munda,en.wikipedia.org,encyclopedia,office-holder | office-holder reference,2,parliament-lok-sabha-members
https://en.wikipedia.org/wiki/Kalicharan_Singh,en.wikipedia.org,encyclopedia,office-holder | office-holder reference,2,parliament-lok-sabha-members
https://en.wikipedia.org/wiki/Kalipada_Soren,en.wikipedia.org,encyclopedia,office-holder | office-holder reference,2,parliament-lok-sabha-members
https://en.wikipedia.org/wiki/Kalyan_Banerjee_(politician),en.wikipedia.org,encyclopedia,office-holder | office-holder reference,2,parliament-lok-sabha-members
https://en.wikipedia.org/wiki/Kalyan_Kale,en.wikipedia.org,encyclopedia,office-holder | office-holder reference,2,parliament-lok-sabha-members
https://en.wikipedia.org/wiki/Kamakhya_Prasad_Tasa,en.wikipedia.org,encyclopedia,office-holder | office-holder reference,2,parliament-lok-sabha-members
https://en.wikipedia.org/wiki/Kamal_Akhtar,en.wikipedia.org,encyclopedia,office-holder | office-holder reference,2,mlas-up-uk
https://en.wikipedia.org/wiki/Kamaljeet_Sehrawat,en.wikipedia.org,encyclopedia,office-holder | office-holder reference,2,parliament-lok-sabha-members
https://en.wikipedia.org/wiki/Kamarajar_Port,en.wikipedia.org,encyclopedia,entity facts | office-holder,2,ministries-c
https://en.wikipedia.org/wiki/Kambhampati_Hari_Babu,en.wikipedia.org,encyclopedia,office-holder | office-holder reference,2,states-br-jh-od
https://en.wikipedia.org/wiki/Kamlakant_Rajbhar,en.wikipedia.org,encyclopedia,office-holder | office-holder reference,2,mlas-up-uk
https://en.wikipedia.org/wiki/Kamlesh_Jangde,en.wikipedia.org,encyclopedia,office-holder | office-holder reference,2,parliament-lok-sabha-members
https://en.wikipedia.org/wiki/Kangana_Ranaut,en.wikipedia.org,encyclopedia,office-holder | office-holder reference,2,parliament-lok-sabha-members
https://en.wikipedia.org/wiki/Kani_K._Navas,en.wikipedia.org,encyclopedia,office-holder | office-holder reference,2,parliament-lok-sabha-members
https://en.wikipedia.org/wiki/Kanimozhi,en.wikipedia.org,encyclopedia,office-holder | office-holder reference,2,parliament-lok-sabha-members
https://en.wikipedia.org/wiki/Kanwar_Singh_Tanwar,en.wikipedia.org,encyclopedia,office-holder | office-holder reference,2,parliament-lok-sabha-members
https://en.wikipedia.org/wiki/Kapil_Dev_Aggarwal,en.wikipedia.org,encyclopedia,office-holder | office-holder reference,2,mlas-up-uk
https://en.wikipedia.org/wiki/Karan_Bhushan_Singh_(politician),en.wikipedia.org,encyclopedia,office-holder | office-holder reference,2,parliament-lok-sabha-members
https://en.wikipedia.org/wiki/Karnataka_Lokayukta,en.wikipedia.org,encyclopedia,entity facts | office-holder,2,states-ka-ap-tg
https://en.wikipedia.org/wiki/Karnataka_Public_Service_Commission,en.wikipedia.org,encyclopedia,entity facts | office-holder,2,states-ka-ap-tg
https://en.wikipedia.org/wiki/Karnataka_State_Election_Commission,en.wikipedia.org,encyclopedia,entity facts | office-holder,2,states-ka-ap-tg
https://en.wikipedia.org/wiki/Karnataka_State_Police,en.wikipedia.org,encyclopedia,entity facts | office-holder,2,states-ka-ap-tg
https://en.wikipedia.org/wiki/Karti_Chidambaram,en.wikipedia.org,encyclopedia,office-holder | office-holder reference,2,parliament-lok-sabha-members
https://en.wikipedia.org/wiki/Kartick_Chandra_Paul,en.wikipedia.org,encyclopedia,office-holder | office-holder reference,2,parliament-lok-sabha-members
https://en.wikipedia.org/wiki/Kathir_Anand,en.wikipedia.org,encyclopedia,office-holder | office-holder reference,2,parliament-lok-sabha-members
https://en.wikipedia.org/wiki/Kaushalendra_Kumar,en.wikipedia.org,encyclopedia,office-holder | office-holder reference,2,parliament-lok-sabha-members
https://en.wikipedia.org/wiki/Kavinder_Gupta,en.wikipedia.org,encyclopedia,office-holder | office-holder reference,2,states-up-uk-hp
https://en.wikipedia.org/wiki/Kavindra_Chaudhary,en.wikipedia.org,encyclopedia,office-holder | office-holder reference,2,mlas-up-uk
https://en.wikipedia.org/wiki/Kerala,en.wikipedia.org,encyclopedia,entity facts,2,states-tn-kl-py
https://en.wikipedia.org/wiki/Kerala_Lokayukta,en.wikipedia.org,encyclopedia,entity facts | office-holder,2,states-tn-kl-py
https://en.wikipedia.org/wiki/Kerala_Public_Service_Commission,en.wikipedia.org,encyclopedia,entity facts | office-holder,2,states-tn-kl-py
https://en.wikipedia.org/wiki/Kerala_State_Election_Commission,en.wikipedia.org,encyclopedia,entity facts | office-holder,2,states-tn-kl-py
https://en.wikipedia.org/wiki/Kesineni_Sivanath,en.wikipedia.org,encyclopedia,office-holder | office-holder reference,2,parliament-lok-sabha-members
https://en.wikipedia.org/wiki/Ketakee_Singh,en.wikipedia.org,encyclopedia,office-holder | office-holder reference,2,mlas-up-uk
https://en.wikipedia.org/wiki/Khagen_Murmu,en.wikipedia.org,encyclopedia,office-holder | office-holder reference,2,parliament-lok-sabha-members
https://en.wikipedia.org/wiki/Khajan_Dass,en.wikipedia.org,encyclopedia,office-holder | office-holder reference,2,mlas-up-uk
https://en.wikipedia.org/wiki/Khalilur_Rahaman,en.wikipedia.org,encyclopedia,office-holder | office-holder reference,2,parliament-lok-sabha-members
https://en.wikipedia.org/wiki/Khushal_Singh_Adhikari,en.wikipedia.org,encyclopedia,office-holder | office-holder reference,2,mlas-up-uk
https://en.wikipedia.org/wiki/KIOCL_Limited,en.wikipedia.org,encyclopedia,entity facts | office-holder,2,ministries-d
https://en.wikipedia.org/wiki/Kirat_Singh_Gurjar,en.wikipedia.org,encyclopedia,office-holder | office-holder reference,2,mlas-up-uk
https://en.wikipedia.org/wiki/Kirti_Azad,en.wikipedia.org,encyclopedia,office-holder | office-holder reference,2,parliament-lok-sabha-members
https://en.wikipedia.org/wiki/Kishore_Upadhyaya,en.wikipedia.org,encyclopedia,office-holder | office-holder reference,2,mlas-up-uk
https://en.wikipedia.org/wiki/Kishori_Lal_Sharma,en.wikipedia.org,encyclopedia,office-holder | office-holder reference,2,parliament-lok-sabha-members
https://en.wikipedia.org/wiki/Kodikkunnil_Suresh,en.wikipedia.org,encyclopedia,office-holder | office-holder reference,2,parliament-lok-sabha-members
https://en.wikipedia.org/wiki/Konda_Vishweshwar_Reddy,en.wikipedia.org,encyclopedia,office-holder | office-holder reference,2,parliament-lok-sabha-members
https://en.wikipedia.org/wiki/Konkan_Railway_Corporation,en.wikipedia.org,encyclopedia,entity facts | office-holder,2,ministries-c
https://en.wikipedia.org/wiki/Kota_Srinivas_Poojary,en.wikipedia.org,encyclopedia,office-holder | office-holder reference,2,parliament-lok-sabha-members
https://en.wikipedia.org/wiki/Kripanath_Mallah,en.wikipedia.org,encyclopedia,office-holder | office-holder reference,2,parliament-lok-sabha-members
https://en.wikipedia.org/wiki/Krishan_Kumar_(Narwana_politician),en.wikipedia.org,encyclopedia,office-holder reference,2,mlas-pb-hr-hp-dl | states-pb-hr-ch-r2
https://en.wikipedia.org/wiki/Krishan_Lal_Middha,en.wikipedia.org,encyclopedia,office-holder reference,2,mlas-pb-hr-hp-dl | states-pb-hr-ch-r2
https://en.wikipedia.org/wiki/Krishan_Lal_Panwar,en.wikipedia.org,encyclopedia,office-holder reference,2,mlas-pb-hr-hp-dl | states-pb-hr-ch-r2
https://en.wikipedia.org/wiki/Krishna_Devi_Shivshanker_Patel,en.wikipedia.org,encyclopedia,office-holder | office-holder reference,2,parliament-lok-sabha-members
https://en.wikipedia.org/wiki/Krishna_Paswan,en.wikipedia.org,encyclopedia,office-holder | office-holder reference,2,mlas-up-uk
https://en.wikipedia.org/wiki/Krishna_Prasad_Tenneti,en.wikipedia.org,encyclopedia,office-holder | office-holder reference,2,parliament-lok-sabha-members
https://en.wikipedia.org/wiki/Krishna_Swaminathan,en.wikipedia.org,encyclopedia,office-holder | office-holder reference,2,ministries-b2
https://en.wikipedia.org/wiki/Krishnapal_Malik,en.wikipedia.org,encyclopedia,office-holder | office-holder reference,2,mlas-up-uk
https://en.wikipedia.org/wiki/Kriti_Devi_Debbarman,en.wikipedia.org,encyclopedia,office-holder | office-holder reference,2,parliament-lok-sabha-members
https://en.wikipedia.org/wiki/Kuldeep_Indora,en.wikipedia.org,encyclopedia,office-holder | office-holder reference,2,parliament-lok-sabha-members
https://en.wikipedia.org/wiki/Kunduru_Raghuveer,en.wikipedia.org,encyclopedia,office-holder | office-holder reference,2,parliament-lok-sabha-members
https://en.wikipedia.org/wiki/Kunwar_Manvendra_Singh,en.wikipedia.org,encyclopedia,office-holder | office-holder reference,2,mlas-up-uk
https://en.wikipedia.org/wiki/Kunwar_Sushant_Singh,en.wikipedia.org,encyclopedia,office-holder | office-holder reference,2,mlas-up-uk
https://en.wikipedia.org/wiki/Ladakh,en.wikipedia.org,encyclopedia,entity facts,2,states-dl-jk-la
"https://en.wikipedia.org/wiki/Ladakh_Autonomous_Hill_Development_Council,_Kargil",en.wikipedia.org,encyclopedia,entity facts | office-holder,2,states-dl-jk-la
"https://en.wikipedia.org/wiki/Ladakh_Autonomous_Hill_Development_Council,_Leh",en.wikipedia.org,encyclopedia,entity facts | office-holder,2,states-dl-jk-la
https://en.wikipedia.org/wiki/Lakhpat_Singh_Butola,en.wikipedia.org,encyclopedia,office-holder | office-holder reference,2,mlas-up-uk
https://en.wikipedia.org/wiki/Lakshmi_Raj_Singh,en.wikipedia.org,encyclopedia,office-holder | office-holder reference,2,mlas-up-uk
https://en.wikipedia.org/wiki/Lal_Chand_Kataruchakk,en.wikipedia.org,encyclopedia,office-holder reference,2,mlas-pb-hr-hp-dl | states-pb-hr-ch-r2
https://en.wikipedia.org/wiki/Lalit_Kala_Akademi,en.wikipedia.org,encyclopedia,entity facts | office-holder,2,ministries-g
https://en.wikipedia.org/wiki/Lalji_Verma,en.wikipedia.org,encyclopedia,office-holder | office-holder reference,2,parliament-lok-sabha-members
https://en.wikipedia.org/wiki/Laljit_Singh_Bhullar,en.wikipedia.org,encyclopedia,office-holder reference,2,mlas-pb-hr-hp-dl | states-pb-hr-ch-r2
https://en.wikipedia.org/wiki/Lata_Wankhede,en.wikipedia.org,encyclopedia,office-holder | office-holder reference,2,parliament-lok-sabha-members
https://en.wikipedia.org/wiki/Lavu_Sri_Krishna_Devarayalu,en.wikipedia.org,encyclopedia,office-holder | office-holder reference,2,parliament-lok-sabha-members
https://en.wikipedia.org/wiki/Laxmikant_Bajpai,en.wikipedia.org,encyclopedia,office-holder reference,2,parliament-committees | parliament-rajya-sabha
https://en.wikipedia.org/wiki/Laxmikant_Nishad,en.wikipedia.org,encyclopedia,office-holder | office-holder reference,2,parliament-lok-sabha-members
"https://en.wikipedia.org/wiki/Legal_Services_Authorities_Act,_1987",en.wikipedia.org,encyclopedia,legal basis,2,judiciary-supreme-court
https://en.wikipedia.org/wiki/Lieutenant_Governor_of_Puducherry,en.wikipedia.org,encyclopedia,office-holder | relationship,2,states-tn-kl-py
https://en.wikipedia.org/wiki/Liquid_Propulsion_Systems_Centre,en.wikipedia.org,encyclopedia,entity facts | office-holder,2,ministries-d
https://en.wikipedia.org/wiki/List_of_governors_of_Uttar_Pradesh,en.wikipedia.org,encyclopedia,office-holder | relationship,2,states-up-uk-hp
https://en.wikipedia.org/wiki/List_of_governors_of_Uttarakhand,en.wikipedia.org,encyclopedia,office-holder | relationship,2,states-up-uk-hp
https://en.wikipedia.org/wiki/Lokendra_Pratap_Singh,en.wikipedia.org,encyclopedia,office-holder | office-holder reference,2,mlas-up-uk
https://en.wikipedia.org/wiki/Lovely_Anand,en.wikipedia.org,encyclopedia,office-holder | office-holder reference,2,parliament-lok-sabha-members
https://en.wikipedia.org/wiki/Lucky_Yadav,en.wikipedia.org,encyclopedia,office-holder | office-holder reference,2,mlas-up-uk
https://en.wikipedia.org/wiki/Lumbaram_Choudhary,en.wikipedia.org,encyclopedia,office-holder | office-holder reference,2,parliament-lok-sabha-members
https://en.wikipedia.org/wiki/M._K._Raghavan,en.wikipedia.org,encyclopedia,office-holder | office-holder reference,2,parliament-lok-sabha-members
https://en.wikipedia.org/wiki/M._K._Vishnu_Prasad,en.wikipedia.org,encyclopedia,office-holder | office-holder reference,2,parliament-lok-sabha-members
https://en.wikipedia.org/wiki/M._Mallesh_Babu,en.wikipedia.org,encyclopedia,office-holder | office-holder reference,2,parliament-lok-sabha-members
https://en.wikipedia.org/wiki/M._P._Abdussamad_Samadani,en.wikipedia.org,encyclopedia,office-holder | office-holder reference,2,parliament-lok-sabha-members
https://en.wikipedia.org/wiki/M._P._Arya,en.wikipedia.org,encyclopedia,office-holder | office-holder reference,2,mlas-up-uk
https://en.wikipedia.org/wiki/M.S._Tharanivendhan,en.wikipedia.org,encyclopedia,office-holder | office-holder reference,2,parliament-lok-sabha-members
https://en.wikipedia.org/wiki/Madan_Bhaiya,en.wikipedia.org,encyclopedia,office-holder | office-holder reference,2,mlas-up-uk
https://en.wikipedia.org/wiki/Madan_Kaushik,en.wikipedia.org,encyclopedia,office-holder | office-holder reference,2,mlas-up-uk
https://en.wikipedia.org/wiki/Madan_Singh_Bisht,en.wikipedia.org,encyclopedia,office-holder | office-holder reference,2,mlas-up-uk
https://en.wikipedia.org/wiki/Maddila_Gurumoorthy,en.wikipedia.org,encyclopedia,office-holder | office-holder reference,2,parliament-lok-sabha-members
https://en.wikipedia.org/wiki/Madhvendra_Pratap_Singh,en.wikipedia.org,encyclopedia,office-holder | office-holder reference,2,mlas-up-uk
https://en.wikipedia.org/wiki/Madhya_Pradesh_Public_Service_Commission,en.wikipedia.org,encyclopedia,entity facts | office-holder,2,states-mp-cg-rj-r2
https://en.wikipedia.org/wiki/Madhya_Pradesh_State_Election_Commission,en.wikipedia.org,encyclopedia,entity facts | office-holder,2,states-mp-cg-rj-r2
https://en.wikipedia.org/wiki/Mahanagar_Telephone_Nigam_Limited,en.wikipedia.org,encyclopedia,entity facts | office-holder,2,ministries-c
https://en.wikipedia.org/wiki/Maharaji_Prajapati,en.wikipedia.org,encyclopedia,office-holder | office-holder reference,2,mlas-up-uk
https://en.wikipedia.org/wiki/Maharashtra_Public_Service_Commission,en.wikipedia.org,encyclopedia,entity facts | office-holder,2,states-mh-gj-ga
https://en.wikipedia.org/wiki/Maharashtra_State_Election_Commission,en.wikipedia.org,encyclopedia,entity facts | office-holder,2,states-mh-gj-ga
https://en.wikipedia.org/wiki/Mahender_Singh_Khadakvanshi,en.wikipedia.org,encyclopedia,office-holder | office-holder reference,2,mlas-up-uk
https://en.wikipedia.org/wiki/Mahendra_Kumar_Singh,en.wikipedia.org,encyclopedia,office-holder | office-holder reference,2,mlas-up-uk
https://en.wikipedia.org/wiki/Mahendra_Nath_Yadav,en.wikipedia.org,encyclopedia,office-holder | office-holder reference,2,mlas-up-uk
https://en.wikipedia.org/wiki/Mahendra_Pal_Singh_(politician),en.wikipedia.org,encyclopedia,office-holder | office-holder reference,2,mlas-up-uk
https://en.wikipedia.org/wiki/Mahendra_Solanki,en.wikipedia.org,encyclopedia,office-holder | office-holder reference,2,parliament-lok-sabha-members
https://en.wikipedia.org/wiki/Mahesh_Chandra_Gupta,en.wikipedia.org,encyclopedia,office-holder | office-holder reference,2,mlas-up-uk
https://en.wikipedia.org/wiki/Mahesh_Kashyap,en.wikipedia.org,encyclopedia,office-holder | office-holder reference,2,parliament-lok-sabha-members
https://en.wikipedia.org/wiki/Mahesh_Sharma,en.wikipedia.org,encyclopedia,office-holder | office-holder reference,2,parliament-lok-sabha-members
https://en.wikipedia.org/wiki/Mahesh_Singh_Jeena,en.wikipedia.org,encyclopedia,office-holder | office-holder reference,2,mlas-up-uk
https://en.wikipedia.org/wiki/Mahesh_Trivedi,en.wikipedia.org,encyclopedia,office-holder | office-holder reference,2,mlas-up-uk
https://en.wikipedia.org/wiki/Mahima_Kumari_Mewar,en.wikipedia.org,encyclopedia,office-holder | office-holder reference,2,parliament-lok-sabha-members
https://en.wikipedia.org/wiki/Mahipal_Dhanda,en.wikipedia.org,encyclopedia,office-holder reference,2,mlas-pb-hr-hp-dl | states-pb-hr-ch-r2
https://en.wikipedia.org/wiki/Mahua_Moitra,en.wikipedia.org,encyclopedia,office-holder | office-holder reference,2,parliament-lok-sabha-members
https://en.wikipedia.org/wiki/Mala_Rajya_Laxmi_Shah,en.wikipedia.org,encyclopedia,office-holder | office-holder reference,2,parliament-lok-sabha-members
https://en.wikipedia.org/wiki/Mala_Roy,en.wikipedia.org,encyclopedia,office-holder | office-holder reference,2,parliament-lok-sabha-members
https://en.wikipedia.org/wiki/Malaiyarasan_D,en.wikipedia.org,encyclopedia,office-holder | office-holder reference,2,parliament-lok-sabha-members
https://en.wikipedia.org/wiki/Mallu_Bhatti_Vikramarka,en.wikipedia.org,encyclopedia,office-holder reference,2,mlas-ka-ap-tg | states-ka-ap-tg
https://en.wikipedia.org/wiki/Mallu_Ravi,en.wikipedia.org,encyclopedia,office-holder | office-holder reference,2,parliament-lok-sabha-members
https://en.wikipedia.org/wiki/Malvika_Devi,en.wikipedia.org,encyclopedia,office-holder | office-holder reference,2,parliament-lok-sabha-members
https://en.wikipedia.org/wiki/Malwinder_Singh_Kang,en.wikipedia.org,encyclopedia,office-holder | office-holder reference,2,parliament-lok-sabha-members
https://en.wikipedia.org/wiki/Mamta_Rakesh,en.wikipedia.org,encyclopedia,office-holder | office-holder reference,2,mlas-up-uk
https://en.wikipedia.org/wiki/Mangubhai_C._Patel,en.wikipedia.org,encyclopedia,office-holder reference,2,states-mp-cg-rj-r2 | states-mp-cg-rj
https://en.wikipedia.org/wiki/Manickam_Tagore,en.wikipedia.org,encyclopedia,office-holder | office-holder reference,2,parliament-lok-sabha-members
https://en.wikipedia.org/wiki/Manipur_Public_Service_Commission,en.wikipedia.org,encyclopedia,entity facts | office-holder,2,states-ar-mn-ml
https://en.wikipedia.org/wiki/Manipur_State_Election_Commission,en.wikipedia.org,encyclopedia,entity facts | office-holder,2,states-ar-mn-ml
https://en.wikipedia.org/wiki/Manish_Asija,en.wikipedia.org,encyclopedia,office-holder | office-holder reference,2,mlas-up-uk
https://en.wikipedia.org/wiki/Manish_Jaiswal,en.wikipedia.org,encyclopedia,office-holder | office-holder reference,2,parliament-lok-sabha-members
https://en.wikipedia.org/wiki/Manish_Kumar_Jaiswal,en.wikipedia.org,encyclopedia,office-holder | office-holder reference,2,mlas-up-uk
https://en.wikipedia.org/wiki/Manish_Rawat,en.wikipedia.org,encyclopedia,office-holder | office-holder reference,2,mlas-up-uk
https://en.wikipedia.org/wiki/Manish_Tewari,en.wikipedia.org,encyclopedia,office-holder | office-holder reference,2,parliament-lok-sabha-members
https://en.wikipedia.org/wiki/Manisha_Anuragi,en.wikipedia.org,encyclopedia,office-holder | office-holder reference,2,mlas-up-uk
https://en.wikipedia.org/wiki/Manju_Sharma_(politician),en.wikipedia.org,encyclopedia,office-holder | office-holder reference,2,parliament-lok-sabha-members
https://en.wikipedia.org/wiki/Manju_Shivach,en.wikipedia.org,encyclopedia,office-holder | office-holder reference,2,mlas-up-uk
https://en.wikipedia.org/wiki/Manju_Tyagi,en.wikipedia.org,encyclopedia,office-holder | office-holder reference,2,mlas-up-uk
https://en.wikipedia.org/wiki/Manna_Lal_Rawat,en.wikipedia.org,encyclopedia,office-holder | office-holder reference,2,parliament-lok-sabha-members
https://en.wikipedia.org/wiki/Manohar_Lal_Panth,en.wikipedia.org,encyclopedia,office-holder | office-holder reference,2,mlas-up-uk
https://en.wikipedia.org/wiki/Manoj_Kumar_(Sasaram_politician),en.wikipedia.org,encyclopedia,office-holder | office-holder reference,2,parliament-lok-sabha-members
https://en.wikipedia.org/wiki/Manoj_Kumar_Pandey_(politician),en.wikipedia.org,encyclopedia,office-holder | office-holder reference,2,mlas-up-uk
https://en.wikipedia.org/wiki/Manoj_Kumar_Paras,en.wikipedia.org,encyclopedia,office-holder | office-holder reference,2,mlas-up-uk
https://en.wikipedia.org/wiki/Manoj_Kumar_Prajapati,en.wikipedia.org,encyclopedia,office-holder | office-holder reference,2,mlas-up-uk
https://en.wikipedia.org/wiki/Manoj_Sinha,en.wikipedia.org,encyclopedia,office-holder | office-holder reference,2,states-dl-jk-la
https://en.wikipedia.org/wiki/Manoj_Tigga,en.wikipedia.org,encyclopedia,office-holder | office-holder reference,2,parliament-lok-sabha-members
https://en.wikipedia.org/wiki/Manoj_Tiwari_(Delhi_politician),en.wikipedia.org,encyclopedia,office-holder | office-holder reference,2,parliament-lok-sabha-members
https://en.wikipedia.org/wiki/Manoj_Tiwari_(Uttarakhand_politician),en.wikipedia.org,encyclopedia,office-holder | office-holder reference,2,mlas-up-uk
https://en.wikipedia.org/wiki/Mansukhbhai_Vasava,en.wikipedia.org,encyclopedia,office-holder | office-holder reference,2,parliament-lok-sabha-members
https://en.wikipedia.org/wiki/Manvendra_Pratap_Singh,en.wikipedia.org,encyclopedia,office-holder | office-holder reference,2,mlas-up-uk
https://en.wikipedia.org/wiki/Mariya_Shah,en.wikipedia.org,encyclopedia,office-holder | office-holder reference,2,mlas-up-uk
https://en.wikipedia.org/wiki/Mathukumilli_Bharat,en.wikipedia.org,encyclopedia,office-holder | office-holder reference,2,parliament-lok-sabha-members
https://en.wikipedia.org/wiki/Mayankeshwar_Sharan_Singh,en.wikipedia.org,encyclopedia,office-holder | office-holder reference,2,mlas-up-uk
https://en.wikipedia.org/wiki/Mayukh_Singh_Mahar,en.wikipedia.org,encyclopedia,office-holder | office-holder reference,2,mlas-up-uk
https://en.wikipedia.org/wiki/MECON_Limited,en.wikipedia.org,encyclopedia,entity facts | office-holder,2,ministries-d
https://en.wikipedia.org/wiki/Meenakshi_Singh,en.wikipedia.org,encyclopedia,office-holder | office-holder reference,2,mlas-up-uk
https://en.wikipedia.org/wiki/Meghalaya_Public_Service_Commission,en.wikipedia.org,encyclopedia,entity facts | office-holder,2,states-ar-mn-ml
https://en.wikipedia.org/wiki/Meghalaya_State_Election_Commission,en.wikipedia.org,encyclopedia,entity facts | office-holder,2,states-ar-mn-ml
https://en.wikipedia.org/wiki/Meghshyam_Singh,en.wikipedia.org,encyclopedia,office-holder | office-holder reference,2,mlas-up-uk
https://en.wikipedia.org/wiki/Mehboob_Ali_(Uttar_Pradesh_politician),en.wikipedia.org,encyclopedia,office-holder | office-holder reference,2,mlas-up-uk
https://en.wikipedia.org/wiki/Mian_Altaf_Ahmed_Larvi,en.wikipedia.org,encyclopedia,office-holder | office-holder reference,2,parliament-lok-sabha-members
https://en.wikipedia.org/wiki/Milind_Deora,en.wikipedia.org,encyclopedia,office-holder reference,2,parliament-committees | parliament-rajya-sabha
https://en.wikipedia.org/wiki/Military_Engineer_Services_(India),en.wikipedia.org,encyclopedia,entity facts | office-holder,2,ministries-b2
https://en.wikipedia.org/wiki/Ministry_of_Co-operation,en.wikipedia.org,encyclopedia,entity facts | office-holder,2,ministries-b3
https://en.wikipedia.org/wiki/Ministry_of_Finance_(India),en.wikipedia.org,encyclopedia,entity facts | office-holder,2,ministries-a
https://en.wikipedia.org/wiki/Ministry_of_Parliamentary_Affairs_(India),en.wikipedia.org,encyclopedia,entity facts | office-holder,2,ministries-b3
https://en.wikipedia.org/wiki/Ministry_of_Planning_(India),en.wikipedia.org,encyclopedia,entity facts | office-holder,2,ministries-a
https://en.wikipedia.org/wiki/Ministry_of_Youth_Affairs_and_Sports,en.wikipedia.org,encyclopedia,entity facts | office-holder,2,ministries-g
https://en.wikipedia.org/wiki/Misa_Bharti,en.wikipedia.org,encyclopedia,office-holder | office-holder reference,2,parliament-lok-sabha-members
https://en.wikipedia.org/wiki/Mitesh_Rameshbhai_Patel,en.wikipedia.org,encyclopedia,office-holder | office-holder reference,2,parliament-lok-sabha-members
https://en.wikipedia.org/wiki/Mithlesh_Pal,en.wikipedia.org,encyclopedia,office-holder | office-holder reference,2,mlas-up-uk
https://en.wikipedia.org/wiki/Mizoram,en.wikipedia.org,encyclopedia,entity facts | relationship,2,states-mz-nl-tr
https://en.wikipedia.org/wiki/Mizoram_Lokayukta,en.wikipedia.org,encyclopedia,entity facts | office-holder,2,states-mz-nl-tr
https://en.wikipedia.org/wiki/Mizoram_Public_Service_Commission,en.wikipedia.org,encyclopedia,entity facts | office-holder,2,states-mz-nl-tr
https://en.wikipedia.org/wiki/Mizoram_State_Election_Commission,en.wikipedia.org,encyclopedia,entity facts | office-holder,2,states-mz-nl-tr
https://en.wikipedia.org/wiki/Mohammad_Hassan_Roomi,en.wikipedia.org,encyclopedia,office-holder | office-holder reference,2,mlas-up-uk
https://en.wikipedia.org/wiki/Mohammad_Jasmir_Ansari,en.wikipedia.org,encyclopedia,office-holder | office-holder reference,2,mlas-up-uk
https://en.wikipedia.org/wiki/Mohammad_Jawed,en.wikipedia.org,encyclopedia,office-holder | office-holder reference,2,parliament-lok-sabha-members
https://en.wikipedia.org/wiki/Mohammad_Tahir_Khan,en.wikipedia.org,encyclopedia,office-holder | office-holder reference,2,mlas-up-uk
https://en.wikipedia.org/wiki/Mohammed_Faeem,en.wikipedia.org,encyclopedia,office-holder | office-holder reference,2,mlas-up-uk
https://en.wikipedia.org/wiki/Mohammed_Ziauddin_Rizvi,en.wikipedia.org,encyclopedia,office-holder | office-holder reference,2,mlas-up-uk
https://en.wikipedia.org/wiki/Mohan_Singh_Bisht_(Uttarakhand_politician),en.wikipedia.org,encyclopedia,office-holder | office-holder reference,2,mlas-up-uk
https://en.wikipedia.org/wiki/Mohan_Singh_Mahara,en.wikipedia.org,encyclopedia,office-holder | office-holder reference,2,mlas-up-uk
https://en.wikipedia.org/wiki/Mohan_Verma,en.wikipedia.org,encyclopedia,office-holder | office-holder reference,2,mlas-up-uk
https://en.wikipedia.org/wiki/Mohd_Nasir_Qureshi,en.wikipedia.org,encyclopedia,office-holder | office-holder reference,2,mlas-up-uk
https://en.wikipedia.org/wiki/Mohibbullah_Nadvi,en.wikipedia.org,encyclopedia,office-holder | office-holder reference,2,parliament-lok-sabha-members
https://en.wikipedia.org/wiki/Mohit_Beniwal,en.wikipedia.org,encyclopedia,office-holder | office-holder reference,2,mlas-up-uk
https://en.wikipedia.org/wiki/Mohmad_Haneefa,en.wikipedia.org,encyclopedia,office-holder | office-holder reference,2,parliament-lok-sabha-members
https://en.wikipedia.org/wiki/MOIL,en.wikipedia.org,encyclopedia,entity facts | office-holder,2,ministries-d
https://en.wikipedia.org/wiki/Moolchandra_Singh,en.wikipedia.org,encyclopedia,office-holder | office-holder reference,2,mlas-up-uk
https://en.wikipedia.org/wiki/Muhammad_Nizamuddin,en.wikipedia.org,encyclopedia,office-holder | office-holder reference,2,mlas-up-uk
https://en.wikipedia.org/wiki/Muhammad_Shahzad_(politician),en.wikipedia.org,encyclopedia,office-holder | office-holder reference,2,mlas-up-uk
https://en.wikipedia.org/wiki/Muhammed_Hamdulla_Sayeed,en.wikipedia.org,encyclopedia,office-holder | office-holder reference,2,parliament-lok-sabha-members
https://en.wikipedia.org/wiki/Mukesh_Choudhary_(politician),en.wikipedia.org,encyclopedia,office-holder | office-holder reference,2,mlas-up-uk
https://en.wikipedia.org/wiki/Mukesh_Dalal,en.wikipedia.org,encyclopedia,office-holder | office-holder reference,2,parliament-lok-sabha-members
https://en.wikipedia.org/wiki/Mukesh_Rajput,en.wikipedia.org,encyclopedia,office-holder | office-holder reference,2,parliament-lok-sabha-members
https://en.wikipedia.org/wiki/Mukesh_Verma,en.wikipedia.org,encyclopedia,office-holder | office-holder reference,2,mlas-up-uk
https://en.wikipedia.org/wiki/Mukta_Raja,en.wikipedia.org,encyclopedia,office-holder | office-holder reference,2,mlas-up-uk
https://en.wikipedia.org/wiki/Mukul_Sangma,en.wikipedia.org,encyclopedia,office-holder reference,2,mlas-jk-ar-mn-ml | states-ar-mn-ml
https://en.wikipedia.org/wiki/Mukul_Wasnik,en.wikipedia.org,encyclopedia,office-holder reference,2,parliament-committees | parliament-rajya-sabha
https://en.wikipedia.org/wiki/Mumbai_Railway_Vikas_Corporation,en.wikipedia.org,encyclopedia,entity facts | office-holder,2,ministries-c
https://en.wikipedia.org/wiki/Munna_Singh_Chauhan,en.wikipedia.org,encyclopedia,office-holder | office-holder reference,2,mlas-up-uk
https://en.wikipedia.org/wiki/Murari_Lal_Meena,en.wikipedia.org,encyclopedia,office-holder | office-holder reference,2,parliament-lok-sabha-members
https://en.wikipedia.org/wiki/MyGov.in,en.wikipedia.org,encyclopedia,entity facts | office-holder,2,ministries-g
https://en.wikipedia.org/wiki/N._Chandrababu_Naidu,en.wikipedia.org,encyclopedia,office-holder reference,2,mlas-ka-ap-tg | states-ka-ap-tg
https://en.wikipedia.org/wiki/N._K._Premachandran,en.wikipedia.org,encyclopedia,office-holder | office-holder reference,2,parliament-lok-sabha-members
https://en.wikipedia.org/wiki/N._S._Raja_Subramani,en.wikipedia.org,encyclopedia,office-holder | office-holder reference,2,ministries-b2
https://en.wikipedia.org/wiki/Naba_Charan_Majhi,en.wikipedia.org,encyclopedia,office-holder | office-holder reference,2,parliament-lok-sabha-members
https://en.wikipedia.org/wiki/Nadira_Sultan,en.wikipedia.org,encyclopedia,office-holder | office-holder reference,2,mlas-up-uk
https://en.wikipedia.org/wiki/Nafees_Ahmad,en.wikipedia.org,encyclopedia,office-holder | office-holder reference,2,mlas-up-uk
https://en.wikipedia.org/wiki/Nagaland,en.wikipedia.org,encyclopedia,entity facts | relationship,2,states-mz-nl-tr
https://en.wikipedia.org/wiki/Nagaland_Public_Service_Commission,en.wikipedia.org,encyclopedia,entity facts | office-holder,2,states-mz-nl-tr
https://en.wikipedia.org/wiki/Nagaland_State_Election_Commission,en.wikipedia.org,encyclopedia,entity facts | office-holder,2,states-mz-nl-tr
https://en.wikipedia.org/wiki/Nagendra_Singh,en.wikipedia.org,encyclopedia,office-holder reference,2,mlas-mp-cg-rj
https://en.wikipedia.org/wiki/Nagendra_Singh_Rathore,en.wikipedia.org,encyclopedia,office-holder | office-holder reference,2,mlas-up-uk
https://en.wikipedia.org/wiki/Nagesh_Bapurao_Patil_Ashtikar,en.wikipedia.org,encyclopedia,office-holder | office-holder reference,2,parliament-lok-sabha-members
https://en.wikipedia.org/wiki/Nahid_Hasan,en.wikipedia.org,encyclopedia,office-holder | office-holder reference,2,mlas-up-uk
https://en.wikipedia.org/wiki/Nalin_Soren,en.wikipedia.org,encyclopedia,office-holder | office-holder reference,2,parliament-lok-sabha-members
https://en.wikipedia.org/wiki/Namami_Gange,en.wikipedia.org,encyclopedia,entity facts | office-holder,2,ministries-c
https://en.wikipedia.org/wiki/Namdeo_Kirsan,en.wikipedia.org,encyclopedia,office-holder | office-holder reference,2,parliament-lok-sabha-members
https://en.wikipedia.org/wiki/Nand_Gopal_Gupta_Nandi,en.wikipedia.org,encyclopedia,office-holder | office-holder reference,2,mlas-up-uk
https://en.wikipedia.org/wiki/Nand_Kishor_Gurjar,en.wikipedia.org,encyclopedia,office-holder | office-holder reference,2,mlas-up-uk
https://en.wikipedia.org/wiki/Nara_Lokesh,en.wikipedia.org,encyclopedia,office-holder reference,2,mlas-ka-ap-tg | states-ka-ap-tg
https://en.wikipedia.org/wiki/Narayan_Das_Ahirwar,en.wikipedia.org,encyclopedia,office-holder | office-holder reference,2,parliament-lok-sabha-members
https://en.wikipedia.org/wiki/Narayan_Deka,en.wikipedia.org,encyclopedia,office-holder reference | correction,2,mlas-wb-as-sk | audit-2026-09-25.json
https://en.wikipedia.org/wiki/Narayan_Rane,en.wikipedia.org,encyclopedia,office-holder | office-holder reference,2,parliament-lok-sabha-members
https://en.wikipedia.org/wiki/Narcotics_Control_Bureau,en.wikipedia.org,encyclopedia,entity facts | office-holder,2,ministries-b1
https://en.wikipedia.org/wiki/Narendra_Bhati,en.wikipedia.org,encyclopedia,office-holder | office-holder reference,2,mlas-up-uk
https://en.wikipedia.org/wiki/Narendra_Kumar_Kashyap,en.wikipedia.org,encyclopedia,office-holder | office-holder reference,2,mlas-up-uk
https://en.wikipedia.org/wiki/Naresh_Mhaske,en.wikipedia.org,encyclopedia,office-holder | office-holder reference,2,parliament-lok-sabha-members
https://en.wikipedia.org/wiki/Naresh_Uttam_Patel,en.wikipedia.org,encyclopedia,office-holder | office-holder reference,2,parliament-lok-sabha-members
https://en.wikipedia.org/wiki/Naseer_Ahmad_Khan,en.wikipedia.org,encyclopedia,office-holder | office-holder reference,2,mlas-up-uk
https://en.wikipedia.org/wiki/National_Aluminium_Company,en.wikipedia.org,encyclopedia,entity facts | office-holder,2,ministries-d
https://en.wikipedia.org/wiki/National_Anti-Doping_Agency_(India),en.wikipedia.org,encyclopedia,entity facts | office-holder,2,ministries-g
https://en.wikipedia.org/wiki/National_Archives_of_India,en.wikipedia.org,encyclopedia,entity facts | office-holder,2,ministries-g
https://en.wikipedia.org/wiki/National_Biodiversity_Authority,en.wikipedia.org,encyclopedia,entity facts | office-holder,2,ministries-g
https://en.wikipedia.org/wiki/National_Cadet_Corps_(India),en.wikipedia.org,encyclopedia,entity facts | office-holder,2,ministries-b2
https://en.wikipedia.org/wiki/National_Capital_Region_Transport_Corporation,en.wikipedia.org,encyclopedia,entity facts | office-holder,2,ministries-c
https://en.wikipedia.org/wiki/National_Centre_for_Polar_and_Ocean_Research,en.wikipedia.org,encyclopedia,entity facts | office-holder,2,ministries-g
https://en.wikipedia.org/wiki/National_Commission_for_Safai_Karamcharis,en.wikipedia.org,encyclopedia,entity facts | office-holder,2,ministries-f
https://en.wikipedia.org/wiki/National_Company_Law_Tribunal,en.wikipedia.org,encyclopedia,entity facts | relationship,2,judiciary-tribunals
https://en.wikipedia.org/wiki/National_Council_of_Educational_Research_and_Training,en.wikipedia.org,encyclopedia,entity facts | office-holder,2,ministries-f
https://en.wikipedia.org/wiki/National_Council_of_Science_Museums,en.wikipedia.org,encyclopedia,entity facts | office-holder,2,ministries-g
https://en.wikipedia.org/wiki/National_Dairy_Development_Board,en.wikipedia.org,encyclopedia,entity facts | office-holder,2,ministries-e
https://en.wikipedia.org/wiki/National_Film_Development_Corporation_of_India,en.wikipedia.org,encyclopedia,entity facts | office-holder,2,ministries-g
https://en.wikipedia.org/wiki/National_Gallery_of_Modern_Art,en.wikipedia.org,encyclopedia,entity facts | office-holder,2,ministries-g
https://en.wikipedia.org/wiki/National_High_Speed_Rail_Corporation,en.wikipedia.org,encyclopedia,entity facts | office-holder,2,ministries-c
https://en.wikipedia.org/wiki/National_Highways_and_Infrastructure_Development_Corporation_Limited,en.wikipedia.org,encyclopedia,entity facts | office-holder,2,ministries-c
https://en.wikipedia.org/wiki/National_Highways_Authority_of_India,en.wikipedia.org,encyclopedia,entity facts | office-holder,2,ministries-c
https://en.wikipedia.org/wiki/National_Informatics_Centre,en.wikipedia.org,encyclopedia,entity facts | office-holder,2,ministries-g
https://en.wikipedia.org/wiki/National_Institute_of_Fashion_Technology,en.wikipedia.org,encyclopedia,entity facts | office-holder,2,ministries-g
https://en.wikipedia.org/wiki/National_Institute_of_Ocean_Technology,en.wikipedia.org,encyclopedia,entity facts | office-holder,2,ministries-g
https://en.wikipedia.org/wiki/National_Institute_of_Open_Schooling,en.wikipedia.org,encyclopedia,entity facts | office-holder,2,ministries-f
https://en.wikipedia.org/wiki/National_Judicial_Academy,en.wikipedia.org,encyclopedia,entity facts | office-holder,2,ministries-b3
https://en.wikipedia.org/wiki/National_Library_of_India,en.wikipedia.org,encyclopedia,entity facts | office-holder,2,ministries-g
"https://en.wikipedia.org/wiki/National_Museum,_New_Delhi",en.wikipedia.org,encyclopedia,entity facts | office-holder,2,ministries-g
https://en.wikipedia.org/wiki/National_Pharmaceutical_Pricing_Authority,en.wikipedia.org,encyclopedia,entity facts | office-holder,2,ministries-e
https://en.wikipedia.org/wiki/National_Remote_Sensing_Centre,en.wikipedia.org,encyclopedia,entity facts | office-holder,2,ministries-d
https://en.wikipedia.org/wiki/National_Security_Advisor_(India),en.wikipedia.org,encyclopedia,office-holder | relationship,2,core-apex
https://en.wikipedia.org/wiki/Naveen_Jindal,en.wikipedia.org,encyclopedia,office-holder | office-holder reference,2,parliament-lok-sabha-members
https://en.wikipedia.org/wiki/Nawab_Jan,en.wikipedia.org,encyclopedia,office-holder | office-holder reference,2,mlas-up-uk
https://en.wikipedia.org/wiki/NBCC_(India)_Limited,en.wikipedia.org,encyclopedia,entity facts | office-holder,2,ministries-c
https://en.wikipedia.org/wiki/Neel_Ratan,en.wikipedia.org,encyclopedia,office-holder | office-holder reference,2,mlas-up-uk
https://en.wikipedia.org/wiki/Neelima_Katiyar,en.wikipedia.org,encyclopedia,office-holder | office-holder reference,2,mlas-up-uk
https://en.wikipedia.org/wiki/Neelkanth_Tiwari,en.wikipedia.org,encyclopedia,office-holder | office-holder reference,2,mlas-up-uk
https://en.wikipedia.org/wiki/Neeraj_Bora,en.wikipedia.org,encyclopedia,office-holder | office-holder reference,2,mlas-up-uk
https://en.wikipedia.org/wiki/Neeraj_Kushwaha_Maurya,en.wikipedia.org,encyclopedia,office-holder | office-holder reference,2,parliament-lok-sabha-members
https://en.wikipedia.org/wiki/New_Delhi_Municipal_Council,en.wikipedia.org,encyclopedia,entity facts | office-holder,2,states-dl-jk-la
https://en.wikipedia.org/wiki/NHPC_Limited,en.wikipedia.org,encyclopedia,entity facts | office-holder,2,ministries-d
https://en.wikipedia.org/wiki/Nilesh_Dnyandev_Lanke,en.wikipedia.org,encyclopedia,office-holder | office-holder reference,2,parliament-lok-sabha-members
https://en.wikipedia.org/wiki/Nirmal_Verma_(politician),en.wikipedia.org,encyclopedia,office-holder | office-holder reference,2,mlas-up-uk
https://en.wikipedia.org/wiki/Nitin_Agarwal,en.wikipedia.org,encyclopedia,office-holder | office-holder reference,2,mlas-up-uk
https://en.wikipedia.org/wiki/NMDC_Limited,en.wikipedia.org,encyclopedia,entity facts | office-holder,2,ministries-d
https://en.wikipedia.org/wiki/Nuclear_Power_Corporation_of_India,en.wikipedia.org,encyclopedia,entity facts | office-holder,2,ministries-d
https://en.wikipedia.org/wiki/O._P._Srivastava,en.wikipedia.org,encyclopedia,office-holder | office-holder reference,2,mlas-up-uk
https://en.wikipedia.org/wiki/Odisha_Human_Rights_Commission,en.wikipedia.org,encyclopedia,entity facts | office-holder,2,states-br-jh-od
https://en.wikipedia.org/wiki/Odisha_Public_Service_Commission,en.wikipedia.org,encyclopedia,entity facts | office-holder,2,states-br-jh-od
https://en.wikipedia.org/wiki/Om_Kumar,en.wikipedia.org,encyclopedia,office-holder | office-holder reference,2,mlas-up-uk
https://en.wikipedia.org/wiki/Om_Prakash_Rajbhar,en.wikipedia.org,encyclopedia,office-holder | office-holder reference,2,mlas-up-uk
https://en.wikipedia.org/wiki/Omar_Abdullah,en.wikipedia.org,encyclopedia,office-holder reference,2,mlas-jk-ar-mn-ml | states-dl-jk-la
https://en.wikipedia.org/wiki/Ommani_Verma,en.wikipedia.org,encyclopedia,office-holder | office-holder reference,2,mlas-up-uk
https://en.wikipedia.org/wiki/Omprakash_Rajenimbalkar,en.wikipedia.org,encyclopedia,office-holder | office-holder reference,2,parliament-lok-sabha-members
https://en.wikipedia.org/wiki/Omprakash_Singh,en.wikipedia.org,encyclopedia,office-holder | office-holder reference,2,mlas-up-uk
"https://en.wikipedia.org/wiki/One_Nation,_One_Election",en.wikipedia.org,encyclopedia,entity facts | office-holder,2,parliament-committees
https://en.wikipedia.org/wiki/Oriental_Insurance_Company,en.wikipedia.org,encyclopedia,entity facts | office-holder,2,ministries-a
https://en.wikipedia.org/wiki/P._C._Gaddigoudar,en.wikipedia.org,encyclopedia,office-holder | office-holder reference,2,parliament-lok-sabha-members
https://en.wikipedia.org/wiki/P._S._Dinesh_Kumar,en.wikipedia.org,encyclopedia,office-holder | office-holder reference,2,judiciary-tribunals
https://en.wikipedia.org/wiki/P._V._Midhun_Reddy,en.wikipedia.org,encyclopedia,office-holder | office-holder reference,2,parliament-lok-sabha-members
https://en.wikipedia.org/wiki/Padamsen_Chaudhary,en.wikipedia.org,encyclopedia,office-holder | office-holder reference,2,mlas-up-uk
https://en.wikipedia.org/wiki/Pallavi_Patel,en.wikipedia.org,encyclopedia,office-holder | office-holder reference,2,mlas-up-uk
https://en.wikipedia.org/wiki/Paltu_Ram,en.wikipedia.org,encyclopedia,office-holder | office-holder reference,2,mlas-up-uk
https://en.wikipedia.org/wiki/Panchanand_Pathak,en.wikipedia.org,encyclopedia,office-holder | office-holder reference,2,mlas-up-uk
https://en.wikipedia.org/wiki/Pankaj_Gupta_(BJP_Politician),en.wikipedia.org,encyclopedia,office-holder | office-holder reference,2,mlas-up-uk
https://en.wikipedia.org/wiki/Pankaj_Kumar_Malik,en.wikipedia.org,encyclopedia,office-holder | office-holder reference,2,mlas-up-uk
https://en.wikipedia.org/wiki/Pankaj_Patel_(politician),en.wikipedia.org,encyclopedia,office-holder | office-holder reference,2,mlas-up-uk
https://en.wikipedia.org/wiki/Pankaj_Singh_(politician),en.wikipedia.org,encyclopedia,office-holder | office-holder reference,2,mlas-up-uk
https://en.wikipedia.org/wiki/Pappu_Yadav,en.wikipedia.org,encyclopedia,office-holder | office-holder reference,2,parliament-lok-sabha-members
https://en.wikipedia.org/wiki/Parag_Jain,en.wikipedia.org,encyclopedia,office-holder | office-holder reference,2,core-apex
https://en.wikipedia.org/wiki/Parbhubhai_Vasava,en.wikipedia.org,encyclopedia,office-holder | office-holder reference,2,parliament-lok-sabha-members
https://en.wikipedia.org/wiki/Parimal_Suklabaidya,en.wikipedia.org,encyclopedia,office-holder | office-holder reference,2,parliament-lok-sabha-members
https://en.wikipedia.org/wiki/Parshottam_Rupala,en.wikipedia.org,encyclopedia,office-holder | office-holder reference,2,parliament-lok-sabha-members
https://en.wikipedia.org/wiki/Partha_Bhowmick,en.wikipedia.org,encyclopedia,office-holder | office-holder reference,2,parliament-lok-sabha-members
https://en.wikipedia.org/wiki/Parwati_Das,en.wikipedia.org,encyclopedia,office-holder | office-holder reference,2,mlas-up-uk
https://en.wikipedia.org/wiki/Pawan_Hans,en.wikipedia.org,encyclopedia,entity facts | office-holder,2,ministries-c
https://en.wikipedia.org/wiki/Pawan_Kalyan,en.wikipedia.org,encyclopedia,office-holder reference,2,mlas-ka-ap-tg | states-ka-ap-tg
https://en.wikipedia.org/wiki/Pawan_Singh_Chauhan,en.wikipedia.org,encyclopedia,office-holder | office-holder reference,2,mlas-up-uk
https://en.wikipedia.org/wiki/Persann_Kumar_Chaudhary,en.wikipedia.org,encyclopedia,office-holder | office-holder reference,2,mlas-up-uk
https://en.wikipedia.org/wiki/Phani_Bhusan_Choudhury,en.wikipedia.org,encyclopedia,office-holder | office-holder reference,2,parliament-lok-sabha-members
https://en.wikipedia.org/wiki/Pinarayi_Vijayan,en.wikipedia.org,encyclopedia,office-holder reference,2,mlas-tn-kl-py | states-tn-kl-py
https://en.wikipedia.org/wiki/Pinki_Singh_Yadav,en.wikipedia.org,encyclopedia,office-holder | office-holder reference,2,mlas-up-uk
https://en.wikipedia.org/wiki/Piyush_Anand,en.wikipedia.org,encyclopedia,office-holder | office-holder reference,2,ministries-b1
https://en.wikipedia.org/wiki/Piyush_Ranjan_Nishad,en.wikipedia.org,encyclopedia,office-holder | office-holder reference,2,mlas-up-uk
https://en.wikipedia.org/wiki/Pooja_Pal,en.wikipedia.org,encyclopedia,office-holder | office-holder reference,2,mlas-up-uk
https://en.wikipedia.org/wiki/Poonam_Sankhwar,en.wikipedia.org,encyclopedia,office-holder | office-holder reference,2,mlas-up-uk
https://en.wikipedia.org/wiki/Poonamben_Maadam,en.wikipedia.org,encyclopedia,office-holder | office-holder reference,2,parliament-lok-sabha-members
https://en.wikipedia.org/wiki/Pooran_Prakash,en.wikipedia.org,encyclopedia,office-holder | office-holder reference,2,mlas-up-uk
https://en.wikipedia.org/wiki/Power_Finance_Corporation,en.wikipedia.org,encyclopedia,entity facts | office-holder,2,ministries-d
https://en.wikipedia.org/wiki/Prabha_Mallikarjun,en.wikipedia.org,encyclopedia,office-holder | office-holder reference,2,parliament-lok-sabha-members
https://en.wikipedia.org/wiki/Prabhash_Kumar,en.wikipedia.org,encyclopedia,office-holder | office-holder reference,2,mlas-up-uk
https://en.wikipedia.org/wiki/Prabhat_Kumar_Verma,en.wikipedia.org,encyclopedia,office-holder | office-holder reference,2,mlas-up-uk
https://en.wikipedia.org/wiki/Prabhunarayan_Yadav,en.wikipedia.org,encyclopedia,office-holder | office-holder reference,2,mlas-up-uk
https://en.wikipedia.org/wiki/Pradan_Baruah,en.wikipedia.org,encyclopedia,office-holder | office-holder reference,2,parliament-lok-sabha-members
https://en.wikipedia.org/wiki/Pradeep_Kumar_Chaudhary,en.wikipedia.org,encyclopedia,office-holder | office-holder reference,2,mlas-up-uk
https://en.wikipedia.org/wiki/Pradeep_Kumar_Panigrahy,en.wikipedia.org,encyclopedia,office-holder | office-holder reference,2,parliament-lok-sabha-members
https://en.wikipedia.org/wiki/Pradeep_Kumar_Singh,en.wikipedia.org,encyclopedia,office-holder | office-holder reference,2,parliament-lok-sabha-members
https://en.wikipedia.org/wiki/Pradeep_Kumar_Singh_(Uttar_Pradesh_politician),en.wikipedia.org,encyclopedia,office-holder | office-holder reference,2,mlas-up-uk
https://en.wikipedia.org/wiki/Pradeep_Kumar_Yadav,en.wikipedia.org,encyclopedia,office-holder | office-holder reference,2,mlas-up-uk
https://en.wikipedia.org/wiki/Pradeep_Shukla,en.wikipedia.org,encyclopedia,office-holder | office-holder reference,2,mlas-up-uk
https://en.wikipedia.org/wiki/Pradip_Batra,en.wikipedia.org,encyclopedia,office-holder | office-holder reference,2,mlas-up-uk
https://en.wikipedia.org/wiki/Pradip_Purohit,en.wikipedia.org,encyclopedia,office-holder | office-holder reference,2,parliament-lok-sabha-members
https://en.wikipedia.org/wiki/Praful_Khoda_Patel,en.wikipedia.org,encyclopedia,office-holder reference,2,states-an-ld-dh
https://en.wikipedia.org/wiki/Prakash_Dwivedi,en.wikipedia.org,encyclopedia,office-holder | office-holder reference,2,mlas-up-uk
https://en.wikipedia.org/wiki/Pramod_Chandra_Mody,en.wikipedia.org,encyclopedia,office-holder | office-holder reference,2,parliament-rajya-sabha
https://en.wikipedia.org/wiki/Pramod_Kumar_Mishra,en.wikipedia.org,encyclopedia,office-holder | office-holder reference,2,core-apex
https://en.wikipedia.org/wiki/Pramod_Nainwal,en.wikipedia.org,encyclopedia,office-holder | office-holder reference,2,mlas-up-uk
https://en.wikipedia.org/wiki/Pramod_Sawant,en.wikipedia.org,encyclopedia,office-holder reference,2,mlas-mh-gj-ga | states-mh-gj-ga
https://en.wikipedia.org/wiki/Praniti_Shinde,en.wikipedia.org,encyclopedia,office-holder | office-holder reference,2,parliament-lok-sabha-members
https://en.wikipedia.org/wiki/Pranshu_Dutt_Dwivedi,en.wikipedia.org,encyclopedia,office-holder | office-holder reference,2,mlas-up-uk
https://en.wikipedia.org/wiki/Prashant_Yadaorao_Padole,en.wikipedia.org,encyclopedia,office-holder | office-holder reference,2,parliament-lok-sabha-members
https://en.wikipedia.org/wiki/Prasun_Banerjee,en.wikipedia.org,encyclopedia,office-holder | office-holder reference,2,parliament-lok-sabha-members
https://en.wikipedia.org/wiki/Pratap_Chandra_Sarangi,en.wikipedia.org,encyclopedia,office-holder | office-holder reference,2,parliament-lok-sabha-members
https://en.wikipedia.org/wiki/Prateek_Bhushan_Singh,en.wikipedia.org,encyclopedia,office-holder | office-holder reference,2,mlas-up-uk
https://en.wikipedia.org/wiki/Pratibha_Dhanorkar,en.wikipedia.org,encyclopedia,office-holder | office-holder reference,2,parliament-lok-sabha-members
https://en.wikipedia.org/wiki/Pratibha_Shukla,en.wikipedia.org,encyclopedia,office-holder | office-holder reference,2,mlas-up-uk
https://en.wikipedia.org/wiki/Pratima_Mondal,en.wikipedia.org,encyclopedia,office-holder | office-holder reference,2,parliament-lok-sabha-members
https://en.wikipedia.org/wiki/Praveen_Khandelwal,en.wikipedia.org,encyclopedia,office-holder | office-holder reference,2,parliament-lok-sabha-members
https://en.wikipedia.org/wiki/Praveen_Patel,en.wikipedia.org,encyclopedia,office-holder | office-holder reference,2,parliament-lok-sabha-members
https://en.wikipedia.org/wiki/Praveen_Sood,en.wikipedia.org,encyclopedia,office-holder | office-holder reference,2,ministries-b3
https://en.wikipedia.org/wiki/Praveer_Ranjan,en.wikipedia.org,encyclopedia,entity facts | office-holder,2,ministries-b1
https://en.wikipedia.org/wiki/Prem_Narayan_Pandey,en.wikipedia.org,encyclopedia,office-holder | office-holder reference,2,mlas-up-uk
https://en.wikipedia.org/wiki/Prem_Sagar_Patel,en.wikipedia.org,encyclopedia,office-holder | office-holder reference,2,mlas-up-uk
https://en.wikipedia.org/wiki/Prem_Singh_Tamang,en.wikipedia.org,encyclopedia,office-holder reference,2,mlas-wb-as-sk | states-wb-as-sk
https://en.wikipedia.org/wiki/Premchand_Aggarwal,en.wikipedia.org,encyclopedia,office-holder | office-holder reference,2,mlas-up-uk
https://en.wikipedia.org/wiki/Prempal_Singh_Dhangar,en.wikipedia.org,encyclopedia,office-holder | office-holder reference,2,mlas-up-uk
https://en.wikipedia.org/wiki/Prestone_Tynsong,en.wikipedia.org,encyclopedia,office-holder reference,2,mlas-jk-ar-mn-ml | states-ar-mn-ml
https://en.wikipedia.org/wiki/Prime_Ministers%27_Museum_and_Library,en.wikipedia.org,encyclopedia,entity facts | office-holder,2,ministries-g
https://en.wikipedia.org/wiki/Principal_Scientific_Adviser_to_the_Government_of_India,en.wikipedia.org,encyclopedia,entity facts | office-holder,2,core-apex
https://en.wikipedia.org/wiki/Pritam_Singh_(Uttarakhand_politician),en.wikipedia.org,encyclopedia,office-holder | office-holder reference,2,mlas-up-uk
https://en.wikipedia.org/wiki/Pritam_Singh_Panwar,en.wikipedia.org,encyclopedia,office-holder | office-holder reference,2,mlas-up-uk
https://en.wikipedia.org/wiki/Priya_Saroj,en.wikipedia.org,encyclopedia,office-holder | office-holder reference,2,parliament-lok-sabha-members
https://en.wikipedia.org/wiki/Priyank_Kharge,en.wikipedia.org,encyclopedia,office-holder reference,2,mlas-ka-ap-tg | states-ka-ap-tg
https://en.wikipedia.org/wiki/Priyanka_Gandhi,en.wikipedia.org,encyclopedia,office-holder | office-holder reference,2,parliament-lok-sabha-members
https://en.wikipedia.org/wiki/Priyanka_Jarkiholi,en.wikipedia.org,encyclopedia,office-holder | office-holder reference,2,parliament-lok-sabha-members
https://en.wikipedia.org/wiki/Puja_Saroj,en.wikipedia.org,encyclopedia,office-holder | office-holder reference,2,mlas-up-uk
https://en.wikipedia.org/wiki/Punjab_Police,en.wikipedia.org,encyclopedia,office-holder | office-holder reference,2,states-pb-hr-ch
https://en.wikipedia.org/wiki/Punjab_State_Human_Rights_Commission,en.wikipedia.org,encyclopedia,entity facts | office-holder,2,states-pb-hr-ch-r2
"https://en.wikipedia.org/wiki/Punjab,_India",en.wikipedia.org,encyclopedia,entity facts,2,states-pb-hr-ch-r2 | states-pb-hr-ch
https://en.wikipedia.org/wiki/Purshottam_Khandelwal,en.wikipedia.org,encyclopedia,office-holder | office-holder reference,2,mlas-up-uk
https://en.wikipedia.org/wiki/Pushpendra_Saroj_(politician),en.wikipedia.org,encyclopedia,office-holder | office-holder reference,2,parliament-lok-sabha-members
https://en.wikipedia.org/wiki/Putta_Mahesh_Kumar,en.wikipedia.org,encyclopedia,office-holder | office-holder reference,2,parliament-lok-sabha-members
https://en.wikipedia.org/wiki/R._K._Chaudhary,en.wikipedia.org,encyclopedia,office-holder | office-holder reference,2,parliament-lok-sabha-members
https://en.wikipedia.org/wiki/R._Sachidanandam,en.wikipedia.org,encyclopedia,office-holder | office-holder reference,2,parliament-lok-sabha-members
https://en.wikipedia.org/wiki/R.K._Patel,en.wikipedia.org,encyclopedia,office-holder | office-holder reference,2,mlas-up-uk
https://en.wikipedia.org/wiki/Rabindra_Narayan_Behera,en.wikipedia.org,encyclopedia,office-holder | office-holder reference,2,parliament-lok-sabha-members
https://en.wikipedia.org/wiki/Rabri_Devi,en.wikipedia.org,encyclopedia,office-holder reference,2,mlas-br-jh-od | states-br-jh-od
https://en.wikipedia.org/wiki/Rachana_Banerjee,en.wikipedia.org,encyclopedia,office-holder | office-holder reference,2,parliament-lok-sabha-members
https://en.wikipedia.org/wiki/Radha_Mohan_Das_Agarwal,en.wikipedia.org,encyclopedia,office-holder reference,2,parliament-committees | parliament-rajya-sabha
https://en.wikipedia.org/wiki/Radhakrishna_(politician),en.wikipedia.org,encyclopedia,office-holder | office-holder reference,2,parliament-lok-sabha-members
https://en.wikipedia.org/wiki/Radheshyam_Rathiya,en.wikipedia.org,encyclopedia,office-holder | office-holder reference,2,parliament-lok-sabha-members
https://en.wikipedia.org/wiki/Rafiq_Ansari,en.wikipedia.org,encyclopedia,office-holder | office-holder reference,2,mlas-up-uk
https://en.wikipedia.org/wiki/Raghav_Chadha,en.wikipedia.org,encyclopedia,office-holder reference,2,parliament-committees | parliament-rajya-sabha
https://en.wikipedia.org/wiki/Raghavendra_Sharma,en.wikipedia.org,encyclopedia,office-holder | office-holder reference,2,mlas-up-uk
https://en.wikipedia.org/wiki/Raghunandan_Rao,en.wikipedia.org,encyclopedia,office-holder | office-holder reference,2,parliament-lok-sabha-members
https://en.wikipedia.org/wiki/Raghuraj_Pratap_Singh,en.wikipedia.org,encyclopedia,office-holder | office-holder reference,2,mlas-up-uk
https://en.wikipedia.org/wiki/Raghvendra_Kumar_Singh,en.wikipedia.org,encyclopedia,office-holder | office-holder reference,2,mlas-up-uk
https://en.wikipedia.org/wiki/Ragini_Sonkar,en.wikipedia.org,encyclopedia,office-holder | office-holder reference,2,mlas-up-uk
https://en.wikipedia.org/wiki/Rahul_Bachha_Sonkar,en.wikipedia.org,encyclopedia,office-holder | office-holder reference,2,mlas-up-uk
https://en.wikipedia.org/wiki/Rahul_Kaswan,en.wikipedia.org,encyclopedia,office-holder | office-holder reference,2,parliament-lok-sabha-members
https://en.wikipedia.org/wiki/Rahul_Lodhi,en.wikipedia.org,encyclopedia,office-holder | office-holder reference,2,parliament-lok-sabha-members
https://en.wikipedia.org/wiki/Rahul_Narwekar,en.wikipedia.org,encyclopedia,office-holder reference,2,mlas-mh-gj-ga | states-mh-gj-ga
https://en.wikipedia.org/wiki/Rail_Land_Development_Authority,en.wikipedia.org,encyclopedia,entity facts | office-holder,2,ministries-c
https://en.wikipedia.org/wiki/Rail_Vikas_Nigam,en.wikipedia.org,encyclopedia,entity facts | office-holder,2,ministries-c
https://en.wikipedia.org/wiki/RailTel,en.wikipedia.org,encyclopedia,entity facts | office-holder,2,ministries-c
https://en.wikipedia.org/wiki/Railway_Claims_Tribunal,en.wikipedia.org,encyclopedia,entity facts | relationship,2,judiciary-tribunals
https://en.wikipedia.org/wiki/Raj_Bahadur_Singh_Chandel,en.wikipedia.org,encyclopedia,office-holder | office-holder reference,2,mlas-up-uk
https://en.wikipedia.org/wiki/Raj_Kumar_Chabbewal,en.wikipedia.org,encyclopedia,office-holder | office-holder reference,2,parliament-lok-sabha-members
https://en.wikipedia.org/wiki/Raj_Prasad_Upadhyay,en.wikipedia.org,encyclopedia,office-holder | office-holder reference,2,mlas-up-uk
https://en.wikipedia.org/wiki/Raja_Ram_Singh_Kushwaha,en.wikipedia.org,encyclopedia,office-holder | office-holder reference,2,parliament-lok-sabha-members
https://en.wikipedia.org/wiki/Rajabhau_Waje,en.wikipedia.org,encyclopedia,office-holder | office-holder reference,2,parliament-lok-sabha-members
https://en.wikipedia.org/wiki/Rajani_Tiwari,en.wikipedia.org,encyclopedia,office-holder | office-holder reference,2,mlas-up-uk
https://en.wikipedia.org/wiki/Rajasthan_Public_Service_Commission,en.wikipedia.org,encyclopedia,entity facts | office-holder,2,states-mp-cg-rj-r2
https://en.wikipedia.org/wiki/Rajasthan_State_Election_Commission,en.wikipedia.org,encyclopedia,entity facts | office-holder,2,states-mp-cg-rj-r2
https://en.wikipedia.org/wiki/Rajbala,en.wikipedia.org,encyclopedia,office-holder | office-holder reference,2,mlas-up-uk
https://en.wikipedia.org/wiki/Rajeev_Bhardwaj,en.wikipedia.org,encyclopedia,office-holder | office-holder reference,2,parliament-lok-sabha-members
https://en.wikipedia.org/wiki/Rajeev_Kumar_Rai,en.wikipedia.org,encyclopedia,office-holder | office-holder reference,2,parliament-lok-sabha-members
https://en.wikipedia.org/wiki/Rajeev_Kumar_Singh_(Dataganj_politician),en.wikipedia.org,encyclopedia,office-holder | office-holder reference,2,mlas-up-uk
https://en.wikipedia.org/wiki/Rajeev_Singh_Parichha,en.wikipedia.org,encyclopedia,office-holder | office-holder reference,2,mlas-up-uk
https://en.wikipedia.org/wiki/Rajeev_Tarara,en.wikipedia.org,encyclopedia,office-holder | office-holder reference,2,mlas-up-uk
https://en.wikipedia.org/wiki/Rajendra_Arlekar,en.wikipedia.org,encyclopedia,office-holder reference,2,states-tn-kl-py
https://en.wikipedia.org/wiki/Rajendra_Chaudhary_(Uttar_Pradesh_politician),en.wikipedia.org,encyclopedia,office-holder | office-holder reference,2,mlas-up-uk
https://en.wikipedia.org/wiki/Rajendra_Kumar_(politician),en.wikipedia.org,encyclopedia,office-holder | office-holder reference,2,mlas-up-uk
https://en.wikipedia.org/wiki/Rajendra_Kumar_Maurya,en.wikipedia.org,encyclopedia,office-holder | office-holder reference,2,mlas-up-uk
https://en.wikipedia.org/wiki/Rajendra_Prasad_Chaudhary,en.wikipedia.org,encyclopedia,office-holder | office-holder reference,2,mlas-up-uk
https://en.wikipedia.org/wiki/Rajendra_Singh_Patel,en.wikipedia.org,encyclopedia,office-holder | office-holder reference,2,mlas-up-uk
https://en.wikipedia.org/wiki/Rajesh_Chaudhary,en.wikipedia.org,encyclopedia,office-holder | office-holder reference,2,mlas-up-uk
https://en.wikipedia.org/wiki/Rajesh_Chudasama,en.wikipedia.org,encyclopedia,office-holder | office-holder reference,2,parliament-lok-sabha-members
https://en.wikipedia.org/wiki/Rajesh_Gautam,en.wikipedia.org,encyclopedia,office-holder | office-holder reference,2,mlas-up-uk
https://en.wikipedia.org/wiki/Rajesh_Kumar_Singh_(civil_servant),en.wikipedia.org,encyclopedia,office-holder | office-holder reference,2,ministries-b2
https://en.wikipedia.org/wiki/Rajesh_Mishra,en.wikipedia.org,encyclopedia,office-holder | office-holder reference,2,parliament-lok-sabha-members
https://en.wikipedia.org/wiki/Rajesh_Nagar,en.wikipedia.org,encyclopedia,office-holder reference,2,mlas-pb-hr-hp-dl | states-pb-hr-ch-r2
https://en.wikipedia.org/wiki/Rajesh_Tripathi,en.wikipedia.org,encyclopedia,office-holder | office-holder reference,2,mlas-up-uk
https://en.wikipedia.org/wiki/Rajesh_Verma_(Khagaria_politician),en.wikipedia.org,encyclopedia,office-holder | office-holder reference,2,parliament-lok-sabha-members
https://en.wikipedia.org/wiki/Rajeshwar_Singh,en.wikipedia.org,encyclopedia,office-holder | office-holder reference,2,mlas-up-uk
https://en.wikipedia.org/wiki/Rajiv_Bahl,en.wikipedia.org,encyclopedia,office-holder | office-holder reference,2,ministries-f
https://en.wikipedia.org/wiki/Rajiv_Gumber,en.wikipedia.org,encyclopedia,office-holder | office-holder reference,2,mlas-up-uk
https://en.wikipedia.org/wiki/Rajiv_Ranjan_Singh,en.wikipedia.org,encyclopedia,office-holder | office-holder reference,2,parliament-lok-sabha-members
https://en.wikipedia.org/wiki/Rajkumar_Chahar,en.wikipedia.org,encyclopedia,office-holder | office-holder reference,2,parliament-lok-sabha-members
https://en.wikipedia.org/wiki/Rajkumar_Pori,en.wikipedia.org,encyclopedia,office-holder | office-holder reference,2,mlas-up-uk
https://en.wikipedia.org/wiki/Rajkumar_Roat,en.wikipedia.org,encyclopedia,office-holder | office-holder reference,2,parliament-lok-sabha-members
https://en.wikipedia.org/wiki/Rajkumar_Sahyogi,en.wikipedia.org,encyclopedia,office-holder | office-holder reference,2,mlas-up-uk
https://en.wikipedia.org/wiki/Rajkumar_Sangwan,en.wikipedia.org,encyclopedia,office-holder | office-holder reference,2,parliament-lok-sabha-members
https://en.wikipedia.org/wiki/Rajmani_Kol,en.wikipedia.org,encyclopedia,office-holder | office-holder reference,2,mlas-up-uk
https://en.wikipedia.org/wiki/Rajmohan_Unnithan,en.wikipedia.org,encyclopedia,office-holder | office-holder reference,2,parliament-lok-sabha-members
https://en.wikipedia.org/wiki/Rajpal_Singh_Baliyan,en.wikipedia.org,encyclopedia,office-holder | office-holder reference,2,mlas-up-uk
https://en.wikipedia.org/wiki/Rajpalsinh_Jadav,en.wikipedia.org,encyclopedia,office-holder | office-holder reference,2,parliament-lok-sabha-members
https://en.wikipedia.org/wiki/Raju_Bista,en.wikipedia.org,encyclopedia,office-holder | office-holder reference,2,parliament-lok-sabha-members
https://en.wikipedia.org/wiki/Rakesh_Kumar_Goswami,en.wikipedia.org,encyclopedia,office-holder | office-holder reference,2,mlas-up-uk
https://en.wikipedia.org/wiki/Rakesh_Kumar_Verma,en.wikipedia.org,encyclopedia,office-holder | office-holder reference,2,mlas-up-uk
https://en.wikipedia.org/wiki/Rakesh_Kumar_Yadav_(politician),en.wikipedia.org,encyclopedia,office-holder | office-holder reference,2,mlas-up-uk
"https://en.wikipedia.org/wiki/Rakesh_Pandey_(politician,_born_1952)",en.wikipedia.org,encyclopedia,office-holder | office-holder reference,2,mlas-up-uk
https://en.wikipedia.org/wiki/Rakesh_Pratap_Singh_(politician),en.wikipedia.org,encyclopedia,office-holder | office-holder reference,2,mlas-up-uk
https://en.wikipedia.org/wiki/Rakesh_Rathore,en.wikipedia.org,encyclopedia,office-holder | office-holder reference,2,parliament-lok-sabha-members
https://en.wikipedia.org/wiki/Rakesh_Rathour,en.wikipedia.org,encyclopedia,office-holder | office-holder reference,2,mlas-up-uk
https://en.wikipedia.org/wiki/Rakesh_Sachan,en.wikipedia.org,encyclopedia,office-holder | office-holder reference,2,mlas-up-uk
https://en.wikipedia.org/wiki/Rakibul_Hussain,en.wikipedia.org,encyclopedia,office-holder | office-holder reference,2,parliament-lok-sabha-members
https://en.wikipedia.org/wiki/Ram_Achal_Rajbhar,en.wikipedia.org,encyclopedia,office-holder | office-holder reference,2,mlas-up-uk
https://en.wikipedia.org/wiki/Ram_Avtar_Singh,en.wikipedia.org,encyclopedia,office-holder | office-holder reference,2,mlas-up-uk
https://en.wikipedia.org/wiki/Ram_Bilash_Chauhan,en.wikipedia.org,encyclopedia,office-holder | office-holder reference,2,mlas-up-uk
https://en.wikipedia.org/wiki/Ram_Chandra_Singh_Pradhan,en.wikipedia.org,encyclopedia,office-holder | office-holder reference,2,mlas-up-uk
https://en.wikipedia.org/wiki/Ram_Chandra_Yadav_(Uttar_Pradesh_politician),en.wikipedia.org,encyclopedia,office-holder | office-holder reference,2,mlas-up-uk
https://en.wikipedia.org/wiki/Ram_Feran_Pandey,en.wikipedia.org,encyclopedia,office-holder | office-holder reference,2,mlas-up-uk
https://en.wikipedia.org/wiki/Ram_Gopal_Yadav,en.wikipedia.org,encyclopedia,office-holder reference,2,parliament-committees | parliament-rajya-sabha
https://en.wikipedia.org/wiki/Ram_Krishna_Bhargava,en.wikipedia.org,encyclopedia,office-holder | office-holder reference,2,mlas-up-uk
https://en.wikipedia.org/wiki/Ram_Murti_Verma,en.wikipedia.org,encyclopedia,office-holder | office-holder reference,2,mlas-up-uk
https://en.wikipedia.org/wiki/Ram_Naresh_Agnihotri,en.wikipedia.org,encyclopedia,office-holder | office-holder reference,2,mlas-up-uk
https://en.wikipedia.org/wiki/Ram_Niwas_Verma,en.wikipedia.org,encyclopedia,office-holder | office-holder reference,2,mlas-up-uk
https://en.wikipedia.org/wiki/Ram_Pal_Verma,en.wikipedia.org,encyclopedia,office-holder | office-holder reference,2,mlas-up-uk
https://en.wikipedia.org/wiki/Ram_Prasad_Chaudhary,en.wikipedia.org,encyclopedia,office-holder | office-holder reference,2,parliament-lok-sabha-members
https://en.wikipedia.org/wiki/Ram_Pratap_Verma,en.wikipedia.org,encyclopedia,office-holder | office-holder reference,2,mlas-up-uk
https://en.wikipedia.org/wiki/Ram_Shiromani_Verma,en.wikipedia.org,encyclopedia,office-holder | office-holder reference,2,parliament-lok-sabha-members
https://en.wikipedia.org/wiki/Ram_Singh_(Uttar_Pradesh_politician),en.wikipedia.org,encyclopedia,office-holder | office-holder reference,2,mlas-up-uk
https://en.wikipedia.org/wiki/Ram_Singh_Kaira,en.wikipedia.org,encyclopedia,office-holder | office-holder reference,2,mlas-up-uk
https://en.wikipedia.org/wiki/Ram_Tirath_Singhal,en.wikipedia.org,encyclopedia,office-holder | office-holder reference,2,mlas-up-uk
https://en.wikipedia.org/wiki/Rama_Shankar_Singh,en.wikipedia.org,encyclopedia,office-holder | office-holder reference,2,mlas-up-uk
https://en.wikipedia.org/wiki/Ramakant_Yadav_(politician),en.wikipedia.org,encyclopedia,office-holder | office-holder reference,2,mlas-up-uk
https://en.wikipedia.org/wiki/Ramakesh_Nishad,en.wikipedia.org,encyclopedia,office-holder | office-holder reference,2,mlas-up-uk
https://en.wikipedia.org/wiki/Ramapati_Shastri,en.wikipedia.org,encyclopedia,office-holder | office-holder reference,2,mlas-up-uk
https://en.wikipedia.org/wiki/Ramasahayam_Raghuram_Reddy,en.wikipedia.org,encyclopedia,office-holder | office-holder reference,2,parliament-lok-sabha-members
https://en.wikipedia.org/wiki/Ramashankar_Rajbhar,en.wikipedia.org,encyclopedia,office-holder | office-holder reference,2,parliament-lok-sabha-members
https://en.wikipedia.org/wiki/Rambhual_Nishad,en.wikipedia.org,encyclopedia,office-holder | office-holder reference,2,parliament-lok-sabha-members
https://en.wikipedia.org/wiki/Ramen_Deka,en.wikipedia.org,encyclopedia,office-holder reference,2,states-mp-cg-rj-r2 | states-mp-cg-rj
https://en.wikipedia.org/wiki/Ramesh_Awasthi,en.wikipedia.org,encyclopedia,office-holder | office-holder reference,2,parliament-lok-sabha-members
https://en.wikipedia.org/wiki/Ramesh_Chandra_Mishra,en.wikipedia.org,encyclopedia,office-holder | office-holder reference,2,mlas-up-uk
https://en.wikipedia.org/wiki/Ramesh_Jaiswal,en.wikipedia.org,encyclopedia,office-holder | office-holder reference,2,mlas-up-uk
https://en.wikipedia.org/wiki/Ramesh_Jigajinagi,en.wikipedia.org,encyclopedia,office-holder | office-holder reference,2,parliament-lok-sabha-members
https://en.wikipedia.org/wiki/Ramesh_Singh,en.wikipedia.org,encyclopedia,office-holder | office-holder reference,2,mlas-up-uk
https://en.wikipedia.org/wiki/Ramkhiladi_Singh_Yadav,en.wikipedia.org,encyclopedia,office-holder | office-holder reference,2,mlas-up-uk
https://en.wikipedia.org/wiki/Ramprit_Mandal,en.wikipedia.org,encyclopedia,office-holder | office-holder reference,2,parliament-lok-sabha-members
https://en.wikipedia.org/wiki/Ramratan_Kushwaha,en.wikipedia.org,encyclopedia,office-holder | office-holder reference,2,mlas-up-uk
https://en.wikipedia.org/wiki/Ramvir_Singh_Bidhuri,en.wikipedia.org,encyclopedia,office-holder | office-holder reference,2,parliament-lok-sabha-members
https://en.wikipedia.org/wiki/Ranbir_Singh_Gangwa,en.wikipedia.org,encyclopedia,office-holder reference,2,mlas-pb-hr-hp-dl | states-pb-hr-ch-r2
https://en.wikipedia.org/wiki/Rani_Pakshalika_Singh,en.wikipedia.org,encyclopedia,office-holder | office-holder reference,2,mlas-up-uk
https://en.wikipedia.org/wiki/Rani_Srikumar,en.wikipedia.org,encyclopedia,office-holder | office-holder reference,2,parliament-lok-sabha-members
https://en.wikipedia.org/wiki/Ranjit_Dutta,en.wikipedia.org,encyclopedia,office-holder | office-holder reference,2,parliament-lok-sabha-members
https://en.wikipedia.org/wiki/Rao_Narbir_Singh,en.wikipedia.org,encyclopedia,office-holder reference,2,mlas-pb-hr-hp-dl | states-pb-hr-ch-r2
https://en.wikipedia.org/wiki/Rao_Rajendra_Singh,en.wikipedia.org,encyclopedia,office-holder | office-holder reference,2,parliament-lok-sabha-members
https://en.wikipedia.org/wiki/Rashmi_Arya,en.wikipedia.org,encyclopedia,office-holder | office-holder reference,2,mlas-up-uk
https://en.wikipedia.org/wiki/Rashtriya_Ispat_Nigam_Limited,en.wikipedia.org,encyclopedia,entity facts | office-holder,2,ministries-d
https://en.wikipedia.org/wiki/Ratnakar_Mishra,en.wikipedia.org,encyclopedia,office-holder | office-holder reference,2,mlas-up-uk
https://en.wikipedia.org/wiki/Ravendra_Pal_Singh_(politician),en.wikipedia.org,encyclopedia,office-holder | office-holder reference,2,mlas-up-uk
https://en.wikipedia.org/wiki/Ravi_Bahadur,en.wikipedia.org,encyclopedia,office-holder | office-holder reference,2,mlas-up-uk
https://en.wikipedia.org/wiki/Ravi_Kishan,en.wikipedia.org,encyclopedia,office-holder | office-holder reference,2,parliament-lok-sabha-members
https://en.wikipedia.org/wiki/Ravi_Shankar_Prasad,en.wikipedia.org,encyclopedia,office-holder | office-holder reference,2,parliament-lok-sabha-members
https://en.wikipedia.org/wiki/Ravi_Sharma_(Uttar_Pradesh_politician),en.wikipedia.org,encyclopedia,office-holder | office-holder reference,2,mlas-up-uk
https://en.wikipedia.org/wiki/Ravidas_Mehrotra,en.wikipedia.org,encyclopedia,office-holder | office-holder reference,2,mlas-up-uk
https://en.wikipedia.org/wiki/Ravikumar_(writer),en.wikipedia.org,encyclopedia,office-holder | office-holder reference,2,parliament-lok-sabha-members
https://en.wikipedia.org/wiki/Ravindra_Jaiswal,en.wikipedia.org,encyclopedia,office-holder | office-holder reference,2,mlas-up-uk
https://en.wikipedia.org/wiki/Ravindra_Vasantrao_Chavan,en.wikipedia.org,encyclopedia,office-holder | office-holder reference,2,parliament-lok-sabha-members
https://en.wikipedia.org/wiki/Ravindra_Waikar,en.wikipedia.org,encyclopedia,office-holder | office-holder reference,2,parliament-lok-sabha-members
https://en.wikipedia.org/wiki/Ravjot_Singh,en.wikipedia.org,encyclopedia,office-holder reference,2,mlas-pb-hr-hp-dl | states-pb-hr-ch-r2
https://en.wikipedia.org/wiki/Registrar_General_and_Census_Commissioner_of_India,en.wikipedia.org,encyclopedia,entity facts | office-holder,2,ministries-b1
https://en.wikipedia.org/wiki/Rekha_Arya,en.wikipedia.org,encyclopedia,office-holder | office-holder reference,2,mlas-up-uk
https://en.wikipedia.org/wiki/Rekha_Verma_(born_1961),en.wikipedia.org,encyclopedia,office-holder | office-holder reference,2,mlas-up-uk
https://en.wikipedia.org/wiki/Renu_Bisht,en.wikipedia.org,encyclopedia,office-holder | office-holder reference,2,mlas-up-uk
https://en.wikipedia.org/wiki/Richard_Vanlalhmangaiha,en.wikipedia.org,encyclopedia,office-holder | office-holder reference,2,parliament-lok-sabha-members
https://en.wikipedia.org/wiki/Rinki_Kol,en.wikipedia.org,encyclopedia,office-holder | office-holder reference,2,mlas-up-uk
https://en.wikipedia.org/wiki/Rishi_Tripathi,en.wikipedia.org,encyclopedia,office-holder | office-holder reference,2,mlas-up-uk
https://en.wikipedia.org/wiki/RITES_Limited,en.wikipedia.org,encyclopedia,entity facts | office-holder,2,ministries-c
https://en.wikipedia.org/wiki/Ritesh_Kumar_Gupta,en.wikipedia.org,encyclopedia,office-holder | office-holder reference,2,mlas-up-uk
https://en.wikipedia.org/wiki/Ritu_Khanduri_Bhushan,en.wikipedia.org,encyclopedia,office-holder | office-holder reference,2,mlas-up-uk
https://en.wikipedia.org/wiki/Robert_Bruce_(Indian_politician),en.wikipedia.org,encyclopedia,office-holder | office-holder reference,2,parliament-lok-sabha-members
https://en.wikipedia.org/wiki/Rodmal_Nagar,en.wikipedia.org,encyclopedia,office-holder | office-holder reference,2,parliament-lok-sabha-members
https://en.wikipedia.org/wiki/Ruchi_Veera,en.wikipedia.org,encyclopedia,office-holder | office-holder reference,2,parliament-lok-sabha-members
https://en.wikipedia.org/wiki/Rudra_Narayan_Pany,en.wikipedia.org,encyclopedia,office-holder | office-holder reference,2,parliament-lok-sabha-members
https://en.wikipedia.org/wiki/Rupkumari_Choudhary,en.wikipedia.org,encyclopedia,office-holder | office-holder reference,2,parliament-lok-sabha-members
https://en.wikipedia.org/wiki/S._Jagathrakshakan,en.wikipedia.org,encyclopedia,office-holder | office-holder reference,2,parliament-lok-sabha-members
https://en.wikipedia.org/wiki/S._Murasoli,en.wikipedia.org,encyclopedia,office-holder | office-holder reference,2,parliament-lok-sabha-members
https://en.wikipedia.org/wiki/S._P._Singh_Patel,en.wikipedia.org,encyclopedia,office-holder | office-holder reference,2,parliament-lok-sabha-members
https://en.wikipedia.org/wiki/S._Supongmeren_Jamir,en.wikipedia.org,encyclopedia,office-holder | office-holder reference,2,parliament-lok-sabha-members
https://en.wikipedia.org/wiki/S._Venkatesan,en.wikipedia.org,encyclopedia,office-holder | office-holder reference,2,parliament-lok-sabha-members
https://en.wikipedia.org/wiki/S.P._Singh_Baghel,en.wikipedia.org,encyclopedia,office-holder | office-holder reference,2,parliament-lok-sabha-members
https://en.wikipedia.org/wiki/Saayoni_Ghosh,en.wikipedia.org,encyclopedia,office-holder | office-holder reference,2,parliament-lok-sabha-members
https://en.wikipedia.org/wiki/Sabhakunwar_Kushawaha,en.wikipedia.org,encyclopedia,office-holder | office-holder reference,2,mlas-up-uk
https://en.wikipedia.org/wiki/Sachin_Yadav_(Jasrana_politician),en.wikipedia.org,encyclopedia,office-holder | office-holder reference,2,mlas-up-uk
https://en.wikipedia.org/wiki/Sagar_Khandre,en.wikipedia.org,encyclopedia,office-holder | office-holder reference,2,parliament-lok-sabha-members
https://en.wikipedia.org/wiki/Sahdev_Singh_Pundir,en.wikipedia.org,encyclopedia,office-holder | office-holder reference,2,mlas-up-uk
https://en.wikipedia.org/wiki/Sahitya_Akademi,en.wikipedia.org,encyclopedia,entity facts | office-holder,2,ministries-g
https://en.wikipedia.org/wiki/Saiyada_Khatoon,en.wikipedia.org,encyclopedia,office-holder | office-holder reference,2,mlas-up-uk
https://en.wikipedia.org/wiki/Sajda_Ahmed,en.wikipedia.org,encyclopedia,office-holder | office-holder reference,2,parliament-lok-sabha-members
https://en.wikipedia.org/wiki/Sakendra_Pratap_Verma,en.wikipedia.org,encyclopedia,office-holder | office-holder reference,2,mlas-up-uk
https://en.wikipedia.org/wiki/Saket_Misra,en.wikipedia.org,encyclopedia,office-holder | office-holder reference,2,mlas-up-uk
https://en.wikipedia.org/wiki/Sakshi_Maharaj,en.wikipedia.org,encyclopedia,office-holder | office-holder reference,2,parliament-lok-sabha-members
https://en.wikipedia.org/wiki/Saleng_A._Sangma,en.wikipedia.org,encyclopedia,office-holder | office-holder reference,2,parliament-lok-sabha-members
https://en.wikipedia.org/wiki/Salil_Vishnoi,en.wikipedia.org,encyclopedia,office-holder | office-holder reference,2,mlas-up-uk
https://en.wikipedia.org/wiki/Salona_Kushwaha,en.wikipedia.org,encyclopedia,office-holder | office-holder reference,2,mlas-up-uk
https://en.wikipedia.org/wiki/Samarpal_Singh,en.wikipedia.org,encyclopedia,office-holder | office-holder reference,2,mlas-up-uk
https://en.wikipedia.org/wiki/Sambit_Patra,en.wikipedia.org,encyclopedia,office-holder | office-holder reference,2,parliament-lok-sabha-members
https://en.wikipedia.org/wiki/Sanatan_Pandey,en.wikipedia.org,encyclopedia,office-holder | office-holder reference,2,parliament-lok-sabha-members
https://en.wikipedia.org/wiki/Sandeep_Jain,en.wikipedia.org,encyclopedia,office-holder | office-holder reference,2,ministries-b2
https://en.wikipedia.org/wiki/Sandeep_Singh_(politician),en.wikipedia.org,encyclopedia,office-holder | office-holder reference,2,mlas-up-uk
https://en.wikipedia.org/wiki/Sandeep_Singh_Patel,en.wikipedia.org,encyclopedia,office-holder | office-holder reference,2,mlas-up-uk
https://en.wikipedia.org/wiki/Sandhya_Ray,en.wikipedia.org,encyclopedia,office-holder | office-holder reference,2,parliament-lok-sabha-members
https://en.wikipedia.org/wiki/Sandipanrao_Bhumre,en.wikipedia.org,encyclopedia,office-holder | office-holder reference,2,parliament-lok-sabha-members
https://en.wikipedia.org/wiki/Sangeet_Natak_Akademi,en.wikipedia.org,encyclopedia,entity facts | office-holder,2,ministries-g
https://en.wikipedia.org/wiki/Sangeeta_Kumari_Singh_Deo,en.wikipedia.org,encyclopedia,office-holder | office-holder reference,2,parliament-lok-sabha-members
https://en.wikipedia.org/wiki/Sangram_Singh_(politician),en.wikipedia.org,encyclopedia,office-holder | office-holder reference,2,mlas-up-uk
https://en.wikipedia.org/wiki/Sangram_Yadav,en.wikipedia.org,encyclopedia,office-holder | office-holder reference,2,mlas-up-uk
https://en.wikipedia.org/wiki/Sanjana_Jatav,en.wikipedia.org,encyclopedia,office-holder | office-holder reference,2,parliament-lok-sabha-members
https://en.wikipedia.org/wiki/Sanjay_Deshmukh,en.wikipedia.org,encyclopedia,office-holder | office-holder reference,2,parliament-lok-sabha-members
https://en.wikipedia.org/wiki/Sanjay_Dina_Patil,en.wikipedia.org,encyclopedia,office-holder | office-holder reference,2,parliament-lok-sabha-members
https://en.wikipedia.org/wiki/Sanjay_Dobhal,en.wikipedia.org,encyclopedia,office-holder | office-holder reference,2,mlas-up-uk
https://en.wikipedia.org/wiki/Sanjay_Haribhau_Jadhav,en.wikipedia.org,encyclopedia,office-holder | office-holder reference,2,parliament-lok-sabha-members
https://en.wikipedia.org/wiki/Sanjay_Kumar_Jha,en.wikipedia.org,encyclopedia,office-holder reference,2,parliament-committees | parliament-rajya-sabha
https://en.wikipedia.org/wiki/Sanjay_Kumar_Sharma,en.wikipedia.org,encyclopedia,office-holder | office-holder reference,2,mlas-up-uk
https://en.wikipedia.org/wiki/Sanjay_Nishad,en.wikipedia.org,encyclopedia,office-holder | office-holder reference,2,mlas-up-uk
https://en.wikipedia.org/wiki/Sanjay_Singh_Gangwar,en.wikipedia.org,encyclopedia,office-holder | office-holder reference,2,mlas-up-uk
https://en.wikipedia.org/wiki/Sanjay_Singhal,en.wikipedia.org,encyclopedia,entity facts | office-holder,2,ministries-b1
https://en.wikipedia.org/wiki/Sanjeev_Agarwal,en.wikipedia.org,encyclopedia,office-holder | office-holder reference,2,mlas-up-uk
https://en.wikipedia.org/wiki/Sanjeev_Arora_(politician),en.wikipedia.org,encyclopedia,office-holder reference,2,mlas-pb-hr-hp-dl | states-pb-hr-ch-r2
https://en.wikipedia.org/wiki/Sanjeev_Kumar_Diwakar,en.wikipedia.org,encyclopedia,office-holder | office-holder reference,2,mlas-up-uk
https://en.wikipedia.org/wiki/Sanjeev_Sharma_(politician),en.wikipedia.org,encyclopedia,office-holder | office-holder reference,2,mlas-up-uk
https://en.wikipedia.org/wiki/Sanjiv_Kumar_(Uttar_Pradesh_politician),en.wikipedia.org,encyclopedia,office-holder | office-holder reference,2,mlas-up-uk
https://en.wikipedia.org/wiki/Santosh_Gangwar,en.wikipedia.org,encyclopedia,office-holder | office-holder reference,2,states-br-jh-od
https://en.wikipedia.org/wiki/Santosh_Pandey_(Chhattisgarh_politician),en.wikipedia.org,encyclopedia,office-holder | office-holder reference,2,parliament-lok-sabha-members
https://en.wikipedia.org/wiki/Santosh_Singh_(politician),en.wikipedia.org,encyclopedia,office-holder | office-holder reference,2,mlas-up-uk
https://en.wikipedia.org/wiki/Sarabjeet_Singh_Khalsa,en.wikipedia.org,encyclopedia,office-holder | office-holder reference,2,parliament-lok-sabha-members
https://en.wikipedia.org/wiki/Sardar_Vallabhbhai_Patel_National_Police_Academy,en.wikipedia.org,encyclopedia,entity facts | office-holder,2,ministries-b1
https://en.wikipedia.org/wiki/Sarita_Arya,en.wikipedia.org,encyclopedia,office-holder | office-holder reference,2,mlas-up-uk
https://en.wikipedia.org/wiki/Sarita_Bhadauria,en.wikipedia.org,encyclopedia,office-holder | office-holder reference,2,mlas-up-uk
https://en.wikipedia.org/wiki/Saroj_Kureel,en.wikipedia.org,encyclopedia,office-holder | office-holder reference,2,mlas-up-uk
https://en.wikipedia.org/wiki/Saroj_Sonkar,en.wikipedia.org,encyclopedia,office-holder | office-holder reference,2,mlas-up-uk
https://en.wikipedia.org/wiki/Sarvan_Kumar_Nishad,en.wikipedia.org,encyclopedia,office-holder | office-holder reference,2,mlas-up-uk
https://en.wikipedia.org/wiki/Sarvesh_Singh_Yadav,en.wikipedia.org,encyclopedia,office-holder | office-holder reference,2,mlas-up-uk
https://en.wikipedia.org/wiki/Sasikanth_Senthil_(politician),en.wikipedia.org,encyclopedia,office-holder | office-holder reference,2,parliament-lok-sabha-members
https://en.wikipedia.org/wiki/Satabdi_Roy,en.wikipedia.org,encyclopedia,office-holder | office-holder reference,2,parliament-lok-sabha-members
https://en.wikipedia.org/wiki/Satish_Chandra_Sharma_(politician),en.wikipedia.org,encyclopedia,office-holder | office-holder reference,2,mlas-up-uk
https://en.wikipedia.org/wiki/Satish_Kumar_Gautam,en.wikipedia.org,encyclopedia,office-holder | office-holder reference,2,parliament-lok-sabha-members
https://en.wikipedia.org/wiki/Satish_Sharma_(politician),en.wikipedia.org,encyclopedia,office-holder | office-holder reference,2,states-dl-jk-la
https://en.wikipedia.org/wiki/Satpal_Brahamchari,en.wikipedia.org,encyclopedia,office-holder | office-holder reference,2,parliament-lok-sabha-members
https://en.wikipedia.org/wiki/Satpal_Maharaj,en.wikipedia.org,encyclopedia,office-holder | office-holder reference,2,mlas-up-uk
https://en.wikipedia.org/wiki/Satyajit_Ray_Film_and_Television_Institute,en.wikipedia.org,encyclopedia,entity facts | office-holder,2,ministries-g
https://en.wikipedia.org/wiki/Satyapal_Singh_Rathore,en.wikipedia.org,encyclopedia,office-holder | office-holder reference,2,mlas-up-uk
https://en.wikipedia.org/wiki/Satyapal_Singh_Saini,en.wikipedia.org,encyclopedia,office-holder | office-holder reference,2,mlas-up-uk
https://en.wikipedia.org/wiki/Saugata_Roy,en.wikipedia.org,encyclopedia,office-holder | office-holder reference,2,parliament-lok-sabha-members
https://en.wikipedia.org/wiki/Saumitra_Khan,en.wikipedia.org,encyclopedia,office-holder | office-holder reference,2,parliament-lok-sabha-members
https://en.wikipedia.org/wiki/Saurabh_Bahuguna,en.wikipedia.org,encyclopedia,office-holder | office-holder reference,2,mlas-up-uk
https://en.wikipedia.org/wiki/Saurabh_Singh_(Uttar_Pradesh_politician),en.wikipedia.org,encyclopedia,office-holder | office-holder reference,2,mlas-up-uk
https://en.wikipedia.org/wiki/Saurabh_Srivastava_(politician),en.wikipedia.org,encyclopedia,office-holder | office-holder reference,2,mlas-up-uk
https://en.wikipedia.org/wiki/Savita_Kapoor,en.wikipedia.org,encyclopedia,office-holder | office-holder reference,2,mlas-up-uk
https://en.wikipedia.org/wiki/Secretary_General_of_the_Rajya_Sabha,en.wikipedia.org,encyclopedia,entity facts | relationship,2,parliament-rajya-sabha
https://en.wikipedia.org/wiki/Secretary_of_the_Research_and_Analysis_Wing,en.wikipedia.org,encyclopedia,entity facts | office-holder,2,core-apex
https://en.wikipedia.org/wiki/Selja_Kumari,en.wikipedia.org,encyclopedia,office-holder | office-holder reference,2,parliament-lok-sabha-members
https://en.wikipedia.org/wiki/Selvaraj_V,en.wikipedia.org,encyclopedia,office-holder | office-holder reference,2,parliament-lok-sabha-members
https://en.wikipedia.org/wiki/Shafeek_Ahmed_Ansari,en.wikipedia.org,encyclopedia,office-holder | office-holder reference,2,mlas-up-uk
https://en.wikipedia.org/wiki/Shafi_Parambil,en.wikipedia.org,encyclopedia,office-holder | office-holder reference,2,parliament-lok-sabha-members
https://en.wikipedia.org/wiki/Shah_Alam_(Indian_politician),en.wikipedia.org,encyclopedia,office-holder | office-holder reference,2,mlas-up-uk
https://en.wikipedia.org/wiki/Shahid_Manzoor,en.wikipedia.org,encyclopedia,office-holder | office-holder reference,2,mlas-up-uk
https://en.wikipedia.org/wiki/Shahu_II_of_Kolhapur,en.wikipedia.org,encyclopedia,office-holder | office-holder reference,2,parliament-lok-sabha-members
https://en.wikipedia.org/wiki/Shakti_Lal_Shah,en.wikipedia.org,encyclopedia,office-holder | office-holder reference,2,mlas-up-uk
https://en.wikipedia.org/wiki/Shaktikanta_Das,en.wikipedia.org,encyclopedia,office-holder | office-holder reference,2,core-apex
https://en.wikipedia.org/wiki/Shalabh_Mani_Tripathi,en.wikipedia.org,encyclopedia,office-holder | office-holder reference,2,mlas-up-uk
https://en.wikipedia.org/wiki/Shambhavi_Choudhary,en.wikipedia.org,encyclopedia,office-holder | office-holder reference,2,parliament-lok-sabha-members
https://en.wikipedia.org/wiki/Shankar_Lalwani,en.wikipedia.org,encyclopedia,office-holder | office-holder reference,2,parliament-lok-sabha-members
https://en.wikipedia.org/wiki/Sharmila_Sarkar,en.wikipedia.org,encyclopedia,office-holder | office-holder reference,2,parliament-lok-sabha-members
https://en.wikipedia.org/wiki/Shashank_Mani,en.wikipedia.org,encyclopedia,office-holder | office-holder reference,2,parliament-lok-sabha-members
https://en.wikipedia.org/wiki/Shashank_Trivedi,en.wikipedia.org,encyclopedia,office-holder | office-holder reference,2,mlas-up-uk
https://en.wikipedia.org/wiki/Shashank_Verma,en.wikipedia.org,encyclopedia,office-holder | office-holder reference,2,mlas-up-uk
https://en.wikipedia.org/wiki/Shashi_Shekhar_Vempati,en.wikipedia.org,encyclopedia,office-holder | office-holder reference,2,ministries-g
https://en.wikipedia.org/wiki/Shatrughan_Sinha,en.wikipedia.org,encyclopedia,office-holder | office-holder reference,2,parliament-lok-sabha-members
https://en.wikipedia.org/wiki/Shazil_Islam_Ansari,en.wikipedia.org,encyclopedia,office-holder | office-holder reference,2,mlas-up-uk
https://en.wikipedia.org/wiki/Sheikh_Abdul_Rashid,en.wikipedia.org,encyclopedia,office-holder | office-holder reference,2,parliament-lok-sabha-members
https://en.wikipedia.org/wiki/Sher_Singh_Ghubaya,en.wikipedia.org,encyclopedia,office-holder | office-holder reference,2,parliament-lok-sabha-members
https://en.wikipedia.org/wiki/Shipping_Corporation_of_India,en.wikipedia.org,encyclopedia,entity facts | office-holder,2,ministries-c
https://en.wikipedia.org/wiki/Shiv_Arora,en.wikipedia.org,encyclopedia,office-holder | office-holder reference,2,mlas-up-uk
https://en.wikipedia.org/wiki/Shivmangal_Singh_Tomar,en.wikipedia.org,encyclopedia,office-holder | office-holder reference,2,parliament-lok-sabha-members
https://en.wikipedia.org/wiki/Shivpal_Singh_Yadav,en.wikipedia.org,encyclopedia,office-holder | office-holder reference,2,mlas-up-uk
https://en.wikipedia.org/wiki/Shivraj_Singh_Chauhan,en.wikipedia.org,encyclopedia,office-holder | office-holder reference,2,parliament-lok-sabha-members
https://en.wikipedia.org/wiki/Shobhanaben_Baraiya,en.wikipedia.org,encyclopedia,office-holder | office-holder reference,2,parliament-lok-sabha-members
https://en.wikipedia.org/wiki/Shreyas_M._Patel,en.wikipedia.org,encyclopedia,office-holder | office-holder reference,2,parliament-lok-sabha-members
https://en.wikipedia.org/wiki/Shrikant_Katiyar,en.wikipedia.org,encyclopedia,office-holder | office-holder reference,2,mlas-up-uk
https://en.wikipedia.org/wiki/Shrikant_Sharma,en.wikipedia.org,encyclopedia,office-holder | office-holder reference,2,mlas-up-uk
https://en.wikipedia.org/wiki/Shrikant_Shinde,en.wikipedia.org,encyclopedia,office-holder | office-holder reference,2,parliament-lok-sabha-members
https://en.wikipedia.org/wiki/Shripad_Naik,en.wikipedia.org,encyclopedia,office-holder | office-holder reference,2,parliament-lok-sabha-members
https://en.wikipedia.org/wiki/Shruti_Choudhry,en.wikipedia.org,encyclopedia,office-holder reference,2,mlas-pb-hr-hp-dl | states-pb-hr-ch-r2
https://en.wikipedia.org/wiki/Shyam_Dhani,en.wikipedia.org,encyclopedia,office-holder | office-holder reference,2,mlas-up-uk
https://en.wikipedia.org/wiki/Shyam_Prakash,en.wikipedia.org,encyclopedia,office-holder | office-holder reference,2,mlas-up-uk
https://en.wikipedia.org/wiki/Shyam_Singh_Rana,en.wikipedia.org,encyclopedia,office-holder reference,2,mlas-pb-hr-hp-dl | states-pb-hr-ch-r2
https://en.wikipedia.org/wiki/Shyam_Sunder_Bharti,en.wikipedia.org,encyclopedia,office-holder | office-holder reference,2,mlas-up-uk
https://en.wikipedia.org/wiki/Shyamkumar_Barve,en.wikipedia.org,encyclopedia,office-holder | office-holder reference,2,parliament-lok-sabha-members
https://en.wikipedia.org/wiki/Sidharth_Nath_Singh,en.wikipedia.org,encyclopedia,office-holder | office-holder reference,2,mlas-up-uk
https://en.wikipedia.org/wiki/Sikkim,en.wikipedia.org,encyclopedia,entity facts | office-holder,2,states-wb-as-sk
https://en.wikipedia.org/wiki/Sitaram_Verma,en.wikipedia.org,encyclopedia,office-holder | office-holder reference,2,mlas-up-uk
https://en.wikipedia.org/wiki/SJVN,en.wikipedia.org,encyclopedia,entity facts | office-holder,2,ministries-d
https://en.wikipedia.org/wiki/Smita_Wagh,en.wikipedia.org,encyclopedia,office-holder | office-holder reference,2,parliament-lok-sabha-members
https://en.wikipedia.org/wiki/Software_Technology_Parks_of_India,en.wikipedia.org,encyclopedia,entity facts | office-holder,2,ministries-g
https://en.wikipedia.org/wiki/Somendra_Tomar,en.wikipedia.org,encyclopedia,office-holder | office-holder reference,2,mlas-up-uk
https://en.wikipedia.org/wiki/Space_Applications_Centre,en.wikipedia.org,encyclopedia,entity facts | office-holder,2,ministries-d
https://en.wikipedia.org/wiki/Speaker_of_the_Lok_Sabha,en.wikipedia.org,encyclopedia,office-holder | relationship,2,parliament-lok-sabha
https://en.wikipedia.org/wiki/Speaker_of_the_Tamil_Nadu_Legislative_Assembly,en.wikipedia.org,encyclopedia,office-holder,2,states-tn-kl-py
https://en.wikipedia.org/wiki/Srinagar_Municipal_Corporation,en.wikipedia.org,encyclopedia,entity facts | office-holder,2,states-dl-jk-la
https://en.wikipedia.org/wiki/Sriram_Chauhan,en.wikipedia.org,encyclopedia,office-holder | office-holder reference,2,mlas-up-uk
https://en.wikipedia.org/wiki/State_Election_Commission_(Delhi),en.wikipedia.org,encyclopedia,entity facts | office-holder,2,states-dl-jk-la
https://en.wikipedia.org/wiki/State_Election_Commission_(Jammu_and_Kashmir),en.wikipedia.org,encyclopedia,entity facts | office-holder,2,states-dl-jk-la
https://en.wikipedia.org/wiki/Steel_Authority_of_India,en.wikipedia.org,encyclopedia,entity facts | office-holder,2,ministries-d
https://en.wikipedia.org/wiki/Subhash_Tripathi,en.wikipedia.org,encyclopedia,office-holder | office-holder reference,2,mlas-up-uk
https://en.wikipedia.org/wiki/Subodh_Uniyal,en.wikipedia.org,encyclopedia,office-holder | office-holder reference,2,mlas-up-uk
https://en.wikipedia.org/wiki/Suchi_(politician),en.wikipedia.org,encyclopedia,office-holder | office-holder reference,2,mlas-up-uk
https://en.wikipedia.org/wiki/Suchismita_Maurya,en.wikipedia.org,encyclopedia,office-holder | office-holder reference,2,mlas-up-uk
https://en.wikipedia.org/wiki/Sudama_Prasad,en.wikipedia.org,encyclopedia,office-holder | office-holder reference,2,parliament-lok-sabha-members
https://en.wikipedia.org/wiki/Sudha_Ramakrishnan,en.wikipedia.org,encyclopedia,office-holder | office-holder reference,2,parliament-lok-sabha-members
https://en.wikipedia.org/wiki/Sudhakar_Singh_(Bihar_politician),en.wikipedia.org,encyclopedia,office-holder | office-holder reference,2,parliament-lok-sabha-members
https://en.wikipedia.org/wiki/Sudhir_Gupta,en.wikipedia.org,encyclopedia,office-holder | office-holder reference,2,parliament-lok-sabha-members
https://en.wikipedia.org/wiki/Sudip_Bandyopadhyay,en.wikipedia.org,encyclopedia,office-holder | office-holder reference,2,parliament-lok-sabha-members
https://en.wikipedia.org/wiki/Suhaib_Ansari,en.wikipedia.org,encyclopedia,office-holder | office-holder reference,2,mlas-up-uk
https://en.wikipedia.org/wiki/Suhil_Kumar_Shakya,en.wikipedia.org,encyclopedia,office-holder | office-holder reference,2,mlas-up-uk
https://en.wikipedia.org/wiki/Sukanta_Kumar_Panigrahi,en.wikipedia.org,encyclopedia,office-holder | office-holder reference,2,parliament-lok-sabha-members
https://en.wikipedia.org/wiki/Sukhbir_Singh_Sandhu,en.wikipedia.org,encyclopedia,office-holder reference,2,constitutional-bodies-r2 | constitutional-bodies
https://en.wikipedia.org/wiki/Sukhdeo_Bhagat,en.wikipedia.org,encyclopedia,office-holder | office-holder reference,2,parliament-lok-sabha-members
https://en.wikipedia.org/wiki/Sukhjinder_Singh_Randhawa,en.wikipedia.org,encyclopedia,office-holder | office-holder reference,2,parliament-lok-sabha-members
https://en.wikipedia.org/wiki/Sumit_Hridayesh,en.wikipedia.org,encyclopedia,office-holder | office-holder reference,2,mlas-up-uk
https://en.wikipedia.org/wiki/Sunil_Bose,en.wikipedia.org,encyclopedia,office-holder | office-holder reference,2,parliament-lok-sabha-members
https://en.wikipedia.org/wiki/Sunil_Dutt_Dwivedi,en.wikipedia.org,encyclopedia,office-holder | office-holder reference,2,mlas-up-uk
https://en.wikipedia.org/wiki/Sunil_Kumar_Kushwaha,en.wikipedia.org,encyclopedia,office-holder | office-holder reference,2,parliament-lok-sabha-members
https://en.wikipedia.org/wiki/Sunil_Kumar_Sharma_(Uttar_Pradesh),en.wikipedia.org,encyclopedia,office-holder | office-holder reference,2,mlas-up-uk
https://en.wikipedia.org/wiki/Sunil_Patel_(politician),en.wikipedia.org,encyclopedia,office-holder | office-holder reference,2,mlas-up-uk
https://en.wikipedia.org/wiki/Supriya_Sule,en.wikipedia.org,encyclopedia,office-holder | office-holder reference,2,parliament-lok-sabha-members
https://en.wikipedia.org/wiki/Surabhi_Singh,en.wikipedia.org,encyclopedia,office-holder | office-holder reference,2,mlas-up-uk
https://en.wikipedia.org/wiki/Surender_Diler,en.wikipedia.org,encyclopedia,office-holder | office-holder reference,2,mlas-up-uk
https://en.wikipedia.org/wiki/Surendra_Chaurasia,en.wikipedia.org,encyclopedia,office-holder | office-holder reference,2,mlas-up-uk
https://en.wikipedia.org/wiki/Surendra_Kumar_Kushwaha,en.wikipedia.org,encyclopedia,office-holder | office-holder reference,2,mlas-up-uk
https://en.wikipedia.org/wiki/Surendra_Maithani,en.wikipedia.org,encyclopedia,office-holder | office-holder reference,2,mlas-up-uk
https://en.wikipedia.org/wiki/Surendra_Prasad_Yadav,en.wikipedia.org,encyclopedia,office-holder | office-holder reference,2,parliament-lok-sabha-members
https://en.wikipedia.org/wiki/Suresh_Kumar_Kashyap,en.wikipedia.org,encyclopedia,office-holder | office-holder reference,2,parliament-lok-sabha-members
https://en.wikipedia.org/wiki/Suresh_Kumar_Khanna,en.wikipedia.org,encyclopedia,office-holder | office-holder reference,2,mlas-up-uk
https://en.wikipedia.org/wiki/Suresh_Mhatre,en.wikipedia.org,encyclopedia,office-holder | office-holder reference,2,parliament-lok-sabha-members
https://en.wikipedia.org/wiki/Suresh_Pasi,en.wikipedia.org,encyclopedia,office-holder | office-holder reference,2,mlas-up-uk
https://en.wikipedia.org/wiki/Suresh_Rahi,en.wikipedia.org,encyclopedia,office-holder | office-holder reference,2,mlas-up-uk
https://en.wikipedia.org/wiki/Suresh_Shetkar,en.wikipedia.org,encyclopedia,office-holder | office-holder reference,2,parliament-lok-sabha-members
https://en.wikipedia.org/wiki/Suresh_Singh_Chauhan,en.wikipedia.org,encyclopedia,office-holder | office-holder reference,2,mlas-up-uk
https://en.wikipedia.org/wiki/Suresh_Singh_Gariya,en.wikipedia.org,encyclopedia,office-holder | office-holder reference,2,mlas-up-uk
https://en.wikipedia.org/wiki/Sureshwar_Singh,en.wikipedia.org,encyclopedia,office-holder | office-holder reference,2,mlas-up-uk
https://en.wikipedia.org/wiki/Survey_of_India,en.wikipedia.org,encyclopedia,entity facts | office-holder,2,ministries-g
https://en.wikipedia.org/wiki/Surya_Pratap_Shahi,en.wikipedia.org,encyclopedia,office-holder | office-holder reference,2,mlas-up-uk
https://en.wikipedia.org/wiki/Sushil_Singh,en.wikipedia.org,encyclopedia,office-holder | office-holder reference,2,mlas-up-uk
https://en.wikipedia.org/wiki/Sushma_Swaraj_Institute_of_Foreign_Service,en.wikipedia.org,encyclopedia,entity facts | office-holder,2,ministries-b3
https://en.wikipedia.org/wiki/Suvendu_Adhikari,en.wikipedia.org,encyclopedia,office-holder reference,2,mlas-wb-as-sk | states-wb-as-sk
https://en.wikipedia.org/wiki/Swami_Omvesh,en.wikipedia.org,encyclopedia,office-holder | office-holder reference,2,mlas-up-uk
https://en.wikipedia.org/wiki/Swami_Pravaktanand,en.wikipedia.org,encyclopedia,office-holder | office-holder reference,2,mlas-up-uk
https://en.wikipedia.org/wiki/Swatantra_Dev_Singh,en.wikipedia.org,encyclopedia,office-holder | office-holder reference,2,mlas-up-uk
https://en.wikipedia.org/wiki/Syed_Ata_Hasnain,en.wikipedia.org,encyclopedia,office-holder | office-holder reference,2,states-br-jh-od
https://en.wikipedia.org/wiki/T._M._Selvaganapathi,en.wikipedia.org,encyclopedia,office-holder | office-holder reference,2,parliament-lok-sabha-members
https://en.wikipedia.org/wiki/T._R._Baalu,en.wikipedia.org,encyclopedia,office-holder | office-holder reference,2,parliament-lok-sabha-members
https://en.wikipedia.org/wiki/Tamil_Nadu_Public_Service_Commission,en.wikipedia.org,encyclopedia,entity facts | office-holder,2,states-tn-kl-py
https://en.wikipedia.org/wiki/Tamil_Nadu_State_Election_Commission,en.wikipedia.org,encyclopedia,entity facts | office-holder,2,states-tn-kl-py
https://en.wikipedia.org/wiki/Tangella_Uday_Srinivas,en.wikipedia.org,encyclopedia,office-holder | office-holder reference,2,parliament-lok-sabha-members
https://en.wikipedia.org/wiki/Tanuj_Punia,en.wikipedia.org,encyclopedia,office-holder | office-holder reference,2,parliament-lok-sabha-members
https://en.wikipedia.org/wiki/Tapir_Gao,en.wikipedia.org,encyclopedia,office-holder | office-holder reference,2,parliament-lok-sabha-members
https://en.wikipedia.org/wiki/Taranjit_Singh_Sandhu,en.wikipedia.org,encyclopedia,office-holder | office-holder reference,2,states-dl-jk-la
https://en.wikipedia.org/wiki/Tariq_Anwar_(politician),en.wikipedia.org,encyclopedia,office-holder | office-holder reference,2,parliament-lok-sabha-members
https://en.wikipedia.org/wiki/Tariq_Mansoor,en.wikipedia.org,encyclopedia,office-holder | office-holder reference,2,mlas-up-uk
https://en.wikipedia.org/wiki/Tarunpreet_Singh_Sond,en.wikipedia.org,encyclopedia,office-holder reference,2,mlas-pb-hr-hp-dl | states-pb-hr-ch-r2
https://en.wikipedia.org/wiki/Tashi_Gyalson,en.wikipedia.org,encyclopedia,entity facts | office-holder,2,states-dl-jk-la
https://en.wikipedia.org/wiki/Tasleem_Ahmad,en.wikipedia.org,encyclopedia,office-holder | office-holder reference,2,mlas-up-uk
https://en.wikipedia.org/wiki/Tej_Pratap_Singh_Yadav,en.wikipedia.org,encyclopedia,office-holder | office-holder reference,2,mlas-up-uk
https://en.wikipedia.org/wiki/Tejasvi_Surya,en.wikipedia.org,encyclopedia,office-holder | office-holder reference,2,parliament-lok-sabha-members
https://en.wikipedia.org/wiki/Tejpal_Singh_Nagar,en.wikipedia.org,encyclopedia,office-holder | office-holder reference,2,mlas-up-uk
https://en.wikipedia.org/wiki/Telangana_Lokayukta,en.wikipedia.org,encyclopedia,entity facts | office-holder,2,states-ka-ap-tg
https://en.wikipedia.org/wiki/Telangana_Public_Service_Commission,en.wikipedia.org,encyclopedia,entity facts | office-holder,2,states-ka-ap-tg
https://en.wikipedia.org/wiki/Telangana_State_Election_Commission,en.wikipedia.org,encyclopedia,entity facts | office-holder,2,states-ka-ap-tg
https://en.wikipedia.org/wiki/Telangana_State_Police,en.wikipedia.org,encyclopedia,entity facts | office-holder,2,states-ka-ap-tg
https://en.wikipedia.org/wiki/Thakur_Jaivir_Singh,en.wikipedia.org,encyclopedia,office-holder | office-holder reference,2,mlas-up-uk
https://en.wikipedia.org/wiki/Thakur_Ramveer_Singh,en.wikipedia.org,encyclopedia,office-holder | office-holder reference,2,mlas-up-uk
https://en.wikipedia.org/wiki/Thamizhachi_Thangapandian,en.wikipedia.org,encyclopedia,office-holder | office-holder reference,2,parliament-lok-sabha-members
https://en.wikipedia.org/wiki/Thanga_Tamil_Selvan,en.wikipedia.org,encyclopedia,office-holder | office-holder reference,2,parliament-lok-sabha-members
https://en.wikipedia.org/wiki/THDC_India_Limited,en.wikipedia.org,encyclopedia,entity facts | office-holder,2,ministries-d
https://en.wikipedia.org/wiki/Thol._Thirumavalavan,en.wikipedia.org,encyclopedia,office-holder | office-holder reference,2,parliament-lok-sabha-members
https://en.wikipedia.org/wiki/Tilak_Raj_Behar,en.wikipedia.org,encyclopedia,office-holder | office-holder reference,2,mlas-up-uk
https://en.wikipedia.org/wiki/Tiruchi_Siva,en.wikipedia.org,encyclopedia,office-holder reference,2,parliament-committees | parliament-rajya-sabha
https://en.wikipedia.org/wiki/Tribhuvan_Dutt,en.wikipedia.org,encyclopedia,office-holder | office-holder reference,2,mlas-up-uk
https://en.wikipedia.org/wiki/Tribhuvan_Ram,en.wikipedia.org,encyclopedia,office-holder | office-holder reference,2,mlas-up-uk
https://en.wikipedia.org/wiki/Tribhuvan_Sahkari_University,en.wikipedia.org,encyclopedia,entity facts | office-holder,2,ministries-b3
https://en.wikipedia.org/wiki/Trilok_Singh_Cheema,en.wikipedia.org,encyclopedia,office-holder | office-holder reference,2,mlas-up-uk
https://en.wikipedia.org/wiki/Tripura,en.wikipedia.org,encyclopedia,entity facts | relationship,2,states-mz-nl-tr
https://en.wikipedia.org/wiki/Tripura_Lokayukta,en.wikipedia.org,encyclopedia,entity facts | office-holder,2,states-mz-nl-tr
https://en.wikipedia.org/wiki/Tripura_Public_Service_Commission,en.wikipedia.org,encyclopedia,entity facts | office-holder,2,states-mz-nl-tr
https://en.wikipedia.org/wiki/Tripura_State_Election_Commission,en.wikipedia.org,encyclopedia,entity facts | office-holder,2,states-mz-nl-tr
https://en.wikipedia.org/wiki/Trivendra_Singh_Rawat,en.wikipedia.org,encyclopedia,office-holder | office-holder reference,2,parliament-lok-sabha-members
https://en.wikipedia.org/wiki/Triveni_Ram,en.wikipedia.org,encyclopedia,office-holder | office-holder reference,2,mlas-up-uk
https://en.wikipedia.org/wiki/Tufani_Saroj,en.wikipedia.org,encyclopedia,office-holder | office-holder reference,2,mlas-up-uk
https://en.wikipedia.org/wiki/Tuhin_Kanta_Pandey,en.wikipedia.org,encyclopedia,office-holder | office-holder reference,2,ministries-a | regulators
https://en.wikipedia.org/wiki/Udayanraje_Bhosale,en.wikipedia.org,encyclopedia,office-holder | office-holder reference,2,parliament-lok-sabha-members
https://en.wikipedia.org/wiki/Udhayanidhi_Stalin,en.wikipedia.org,encyclopedia,office-holder reference,2,mlas-tn-kl-py | states-tn-kl-py
https://en.wikipedia.org/wiki/Ujjwal_Rewati_Raman_Singh,en.wikipedia.org,encyclopedia,office-holder | office-holder reference,2,parliament-lok-sabha-members
https://en.wikipedia.org/wiki/Umar_Ali_Khan,en.wikipedia.org,encyclopedia,office-holder | office-holder reference,2,mlas-up-uk
https://en.wikipedia.org/wiki/Umesh_Dwivedi,en.wikipedia.org,encyclopedia,office-holder | office-holder reference,2,mlas-up-uk
https://en.wikipedia.org/wiki/Umesh_Kumar,en.wikipedia.org,encyclopedia,office-holder | office-holder reference,2,mlas-up-uk
https://en.wikipedia.org/wiki/Umesh_Sharma,en.wikipedia.org,encyclopedia,office-holder | office-holder reference,2,mlas-up-uk
https://en.wikipedia.org/wiki/Umeshbhai_Patel,en.wikipedia.org,encyclopedia,office-holder | office-holder reference,2,parliament-lok-sabha-members
https://en.wikipedia.org/wiki/Ummeda_Ram_Beniwal,en.wikipedia.org,encyclopedia,office-holder | office-holder reference,2,parliament-lok-sabha-members
https://en.wikipedia.org/wiki/University_Grants_Commission_(India),en.wikipedia.org,encyclopedia,entity facts | office-holder,2,ministries-f
https://en.wikipedia.org/wiki/Uranium_Corporation_of_India,en.wikipedia.org,encyclopedia,entity facts | office-holder,2,ministries-d
https://en.wikipedia.org/wiki/Usha_Maurya,en.wikipedia.org,encyclopedia,office-holder | office-holder reference,2,mlas-up-uk
https://en.wikipedia.org/wiki/Utkarsh_Verma,en.wikipedia.org,encyclopedia,office-holder | office-holder reference,2,parliament-lok-sabha-members
https://en.wikipedia.org/wiki/Uttar_Pradesh_Human_Rights_Commission,en.wikipedia.org,encyclopedia,entity facts | office-holder,2,states-up-uk-hp
https://en.wikipedia.org/wiki/Uttar_Pradesh_Legislative_Council,en.wikipedia.org,encyclopedia,entity facts | office-holder,2,states-up-uk-hp
https://en.wikipedia.org/wiki/Uttar_Pradesh_Lokayukta,en.wikipedia.org,encyclopedia,entity facts | office-holder,2,states-up-uk-hp
https://en.wikipedia.org/wiki/Uttar_Pradesh_Public_Service_Commission,en.wikipedia.org,encyclopedia,entity facts | office-holder,2,states-up-uk-hp
https://en.wikipedia.org/wiki/Uttar_Pradesh_State_Election_Commission,en.wikipedia.org,encyclopedia,entity facts | office-holder,2,states-up-uk-hp
https://en.wikipedia.org/wiki/Uttarakhand_Human_Rights_Commission,en.wikipedia.org,encyclopedia,entity facts | office-holder,2,states-up-uk-hp
https://en.wikipedia.org/wiki/Uttarakhand_Lokayukta,en.wikipedia.org,encyclopedia,entity facts | office-holder,2,states-up-uk-hp
https://en.wikipedia.org/wiki/Uttarakhand_Public_Service_Commission,en.wikipedia.org,encyclopedia,entity facts | office-holder,2,states-up-uk-hp
https://en.wikipedia.org/wiki/Uttarakhand_State_Election_Commission,en.wikipedia.org,encyclopedia,entity facts | office-holder,2,states-up-uk-hp
https://en.wikipedia.org/wiki/V._D._Satheesan,en.wikipedia.org,encyclopedia,office-holder reference,2,mlas-tn-kl-py | states-tn-kl-py
https://en.wikipedia.org/wiki/V._D._Sharma,en.wikipedia.org,encyclopedia,office-holder | office-holder reference,2,parliament-lok-sabha-members
https://en.wikipedia.org/wiki/V._K._Sreekandan,en.wikipedia.org,encyclopedia,office-holder | office-holder reference,2,parliament-lok-sabha-members
https://en.wikipedia.org/wiki/V._S._Matheswaran,en.wikipedia.org,encyclopedia,office-holder | office-holder reference,2,parliament-lok-sabha-members
https://en.wikipedia.org/wiki/V._Sampathkumar,en.wikipedia.org,encyclopedia,office-holder reference,2,mlas-tn-kl-py
https://en.wikipedia.org/wiki/V._Vaithilingam,en.wikipedia.org,encyclopedia,office-holder | office-holder reference,2,parliament-lok-sabha-members
https://en.wikipedia.org/wiki/Vachaspati_(politician),en.wikipedia.org,encyclopedia,office-holder | office-holder reference,2,mlas-up-uk
https://en.wikipedia.org/wiki/Vallabhaneni_Balashowry,en.wikipedia.org,encyclopedia,office-holder | office-holder reference,2,parliament-lok-sabha-members
https://en.wikipedia.org/wiki/Vamsi_Krishna_Gaddam,en.wikipedia.org,encyclopedia,office-holder | office-holder reference,2,parliament-lok-sabha-members
https://en.wikipedia.org/wiki/Varsha_Gaikwad,en.wikipedia.org,encyclopedia,office-holder | office-holder reference,2,parliament-lok-sabha-members
https://en.wikipedia.org/wiki/Varun_Chaudhary,en.wikipedia.org,encyclopedia,office-holder | office-holder reference,2,parliament-lok-sabha-members
https://en.wikipedia.org/wiki/Ved_Prakash_Gupta,en.wikipedia.org,encyclopedia,office-holder | office-holder reference,2,mlas-up-uk
https://en.wikipedia.org/wiki/Veena_Devi,en.wikipedia.org,encyclopedia,office-holder | office-holder reference,2,parliament-lok-sabha-members
https://en.wikipedia.org/wiki/Veer_Vikram_Singh,en.wikipedia.org,encyclopedia,office-holder | office-holder reference,2,mlas-up-uk
https://en.wikipedia.org/wiki/Vemireddy_Prabhakar_Reddy,en.wikipedia.org,encyclopedia,office-holder | office-holder reference,2,parliament-lok-sabha-members
https://en.wikipedia.org/wiki/Vice_President_of_India,en.wikipedia.org,encyclopedia,office-holder,2,ministries-b3
https://en.wikipedia.org/wiki/Vichhelal_Rajbhar,en.wikipedia.org,encyclopedia,office-holder | office-holder reference,2,mlas-up-uk
https://en.wikipedia.org/wiki/Vijama_Yadav,en.wikipedia.org,encyclopedia,office-holder | office-holder reference,2,mlas-up-uk
https://en.wikipedia.org/wiki/Vijay_Baghel,en.wikipedia.org,encyclopedia,office-holder | office-holder reference,2,parliament-lok-sabha-members
https://en.wikipedia.org/wiki/Vijay_Bahadur_Pathak,en.wikipedia.org,encyclopedia,office-holder | office-holder reference,2,mlas-up-uk
https://en.wikipedia.org/wiki/Vijay_Hansda,en.wikipedia.org,encyclopedia,office-holder | office-holder reference,2,parliament-lok-sabha-members
https://en.wikipedia.org/wiki/Vijay_Kumar_Dubey,en.wikipedia.org,encyclopedia,office-holder | office-holder reference,2,parliament-lok-sabha-members
https://en.wikipedia.org/wiki/Vijay_Laxmi_Gautam,en.wikipedia.org,encyclopedia,office-holder | office-holder reference,2,mlas-up-uk
https://en.wikipedia.org/wiki/Vijay_Pal,en.wikipedia.org,encyclopedia,office-holder | office-holder reference,2,mlas-up-uk
https://en.wikipedia.org/wiki/Vijay_Vasanth,en.wikipedia.org,encyclopedia,office-holder | office-holder reference,2,parliament-lok-sabha-members
https://en.wikipedia.org/wiki/Vijaylakshmi_Devi,en.wikipedia.org,encyclopedia,office-holder | office-holder reference,2,parliament-lok-sabha-members
https://en.wikipedia.org/wiki/Vikas_Gupta_(politician),en.wikipedia.org,encyclopedia,office-holder | office-holder reference,2,mlas-up-uk
https://en.wikipedia.org/wiki/Vikram_Misri,en.wikipedia.org,encyclopedia,office-holder | office-holder reference,2,ministries-b3
https://en.wikipedia.org/wiki/Vikram_Sarabhai_Space_Centre,en.wikipedia.org,encyclopedia,entity facts | office-holder,2,ministries-d
https://en.wikipedia.org/wiki/Vikram_Singh_Negi,en.wikipedia.org,encyclopedia,office-holder | office-holder reference,2,mlas-up-uk
https://en.wikipedia.org/wiki/Vimlesh_Paswan,en.wikipedia.org,encyclopedia,office-holder | office-holder reference,2,mlas-up-uk
https://en.wikipedia.org/wiki/Vinay_Kumar_Dwivedi,en.wikipedia.org,encyclopedia,office-holder | office-holder reference,2,mlas-up-uk
https://en.wikipedia.org/wiki/Vinay_Prakash_Gond,en.wikipedia.org,encyclopedia,office-holder | office-holder reference,2,mlas-up-uk
https://en.wikipedia.org/wiki/Vinay_Verma,en.wikipedia.org,encyclopedia,office-holder | office-holder reference,2,mlas-up-uk
https://en.wikipedia.org/wiki/Vinod_Chamoli,en.wikipedia.org,encyclopedia,office-holder | office-holder reference,2,mlas-up-uk
https://en.wikipedia.org/wiki/Vinod_Chaturvedi,en.wikipedia.org,encyclopedia,office-holder | office-holder reference,2,mlas-up-uk
https://en.wikipedia.org/wiki/Vinod_Kandari,en.wikipedia.org,encyclopedia,office-holder | office-holder reference,2,mlas-up-uk
https://en.wikipedia.org/wiki/Vinod_Kumar_Bind,en.wikipedia.org,encyclopedia,office-holder | office-holder reference,2,parliament-lok-sabha-members
https://en.wikipedia.org/wiki/Vinod_Saroj,en.wikipedia.org,encyclopedia,office-holder | office-holder reference,2,mlas-up-uk
https://en.wikipedia.org/wiki/Vinod_Shankar_Avasthi,en.wikipedia.org,encyclopedia,office-holder | office-holder reference,2,mlas-up-uk
https://en.wikipedia.org/wiki/Vinod_Singh_(Sultanpur_politician),en.wikipedia.org,encyclopedia,office-holder | office-holder reference,2,mlas-up-uk
https://en.wikipedia.org/wiki/Vinodbhai_Chavda,en.wikipedia.org,encyclopedia,office-holder | office-holder reference,2,parliament-lok-sabha-members
https://en.wikipedia.org/wiki/Vipin_Kumar_David,en.wikipedia.org,encyclopedia,office-holder | office-holder reference,2,mlas-up-uk
https://en.wikipedia.org/wiki/Vipul_Dubey,en.wikipedia.org,encyclopedia,office-holder | office-holder reference,2,mlas-up-uk
https://en.wikipedia.org/wiki/Vipul_Goel,en.wikipedia.org,encyclopedia,office-holder reference,2,mlas-pb-hr-hp-dl | states-pb-hr-ch-r2
https://en.wikipedia.org/wiki/Virendra_Chaudhary,en.wikipedia.org,encyclopedia,office-holder | office-holder reference,2,mlas-up-uk
https://en.wikipedia.org/wiki/Virendra_Kumar_(Uttarakhand_politician),en.wikipedia.org,encyclopedia,office-holder | office-holder reference,2,mlas-up-uk
https://en.wikipedia.org/wiki/Virendra_Kumar_Yadav,en.wikipedia.org,encyclopedia,office-holder | office-holder reference,2,mlas-up-uk
https://en.wikipedia.org/wiki/Virendra_Singh_Lodhi,en.wikipedia.org,encyclopedia,office-holder | office-holder reference,2,mlas-up-uk
https://en.wikipedia.org/wiki/Viriato_Fernandes,en.wikipedia.org,encyclopedia,office-holder | office-holder reference,2,parliament-lok-sabha-members
https://en.wikipedia.org/wiki/Vishal_Patil,en.wikipedia.org,encyclopedia,office-holder | office-holder reference,2,parliament-lok-sabha-members
https://en.wikipedia.org/wiki/Vishambhar_Singh_Yadav,en.wikipedia.org,encyclopedia,office-holder | office-holder reference,2,mlas-up-uk
https://en.wikipedia.org/wiki/Vishnu_Dayal_Ram,en.wikipedia.org,encyclopedia,office-holder | office-holder reference,2,parliament-lok-sabha-members
https://en.wikipedia.org/wiki/Vishweshwar_Hegde_Kageri,en.wikipedia.org,encyclopedia,office-holder | office-holder reference,2,parliament-lok-sabha-members
https://en.wikipedia.org/wiki/Vivek_Kumar_Sahu,en.wikipedia.org,encyclopedia,office-holder | office-holder reference,2,parliament-lok-sabha-members
https://en.wikipedia.org/wiki/Vivek_Kumar_Verma,en.wikipedia.org,encyclopedia,office-holder | office-holder reference,2,mlas-up-uk
https://en.wikipedia.org/wiki/Vivek_Thakur,en.wikipedia.org,encyclopedia,office-holder | office-holder reference,2,parliament-lok-sabha-members
https://en.wikipedia.org/wiki/Viveka_Nand_Pandey,en.wikipedia.org,encyclopedia,office-holder | office-holder reference,2,mlas-up-uk
https://en.wikipedia.org/wiki/WAPCOS_Limited,en.wikipedia.org,encyclopedia,entity facts | office-holder,2,ministries-c
https://en.wikipedia.org/wiki/West_Bengal,en.wikipedia.org,encyclopedia,entity facts | office-holder,2,states-wb-as-sk
https://en.wikipedia.org/wiki/Wildlife_Crime_Control_Bureau,en.wikipedia.org,encyclopedia,entity facts | office-holder,2,ministries-g
https://en.wikipedia.org/wiki/Wildlife_Institute_of_India,en.wikipedia.org,encyclopedia,entity facts | office-holder,2,ministries-g
https://en.wikipedia.org/wiki/Y._S._Avinash_Reddy,en.wikipedia.org,encyclopedia,office-holder | office-holder reference,2,parliament-lok-sabha-members
https://en.wikipedia.org/wiki/Yaduveer_Krishnadatta_Chamaraja_Wadiyar,en.wikipedia.org,encyclopedia,office-holder | office-holder reference,2,parliament-lok-sabha-members
https://en.wikipedia.org/wiki/Yashpal_Arya,en.wikipedia.org,encyclopedia,office-holder | office-holder reference,2,mlas-up-uk
https://en.wikipedia.org/wiki/Yogender_Chandoliya,en.wikipedia.org,encyclopedia,office-holder | office-holder reference,2,parliament-lok-sabha-members
https://en.wikipedia.org/wiki/Yogendra_Upadhyaya,en.wikipedia.org,encyclopedia,office-holder | office-holder reference,2,mlas-up-uk
https://en.wikipedia.org/wiki/Yogesh_Choudhary,en.wikipedia.org,encyclopedia,office-holder | office-holder reference,2,mlas-up-uk
https://en.wikipedia.org/wiki/Yogesh_Dhama,en.wikipedia.org,encyclopedia,office-holder | office-holder reference,2,mlas-up-uk
https://en.wikipedia.org/wiki/Yogesh_Shukla,en.wikipedia.org,encyclopedia,office-holder | office-holder reference,2,mlas-up-uk
https://en.wikipedia.org/wiki/Yogesh_Verma,en.wikipedia.org,encyclopedia,office-holder | office-holder reference,2,mlas-up-uk
https://en.wikipedia.org/wiki/Yusuf_Pathan,en.wikipedia.org,encyclopedia,office-holder | office-holder reference,2,parliament-lok-sabha-members
https://en.wikipedia.org/wiki/Zahid_Beg,en.wikipedia.org,encyclopedia,office-holder | office-holder reference,2,mlas-up-uk
https://en.wikipedia.org/wiki/Zia_ur_Rahman_Barq,en.wikipedia.org,encyclopedia,office-holder | office-holder reference,2,parliament-lok-sabha-members
https://en.wikipedia.org/wiki/Zoological_Survey_of_India,en.wikipedia.org,encyclopedia,entity facts | office-holder,2,ministries-g
https://environment.delhi.gov.in,environment.delhi.gov.in,official,entity facts | official website,2,state-depts-dl-jk-la
https://estateoffice.chd.gov.in/,estateoffice.chd.gov.in,official,entity facts | official website,2,state-depts-pb-hr-ch
https://evigilance.chd.gov.in/Home,evigilance.chd.gov.in,official,entity facts | official website,2,state-depts-pb-hr-ch
https://fard.odisha.gov.in/,fard.odisha.gov.in,official,entity facts | official website,2,state-depts-br-jh-od
https://fci.gov.in,fci.gov.in,official,entity facts | official website,2,ministries-e
https://fert.nic.in,fert.nic.in,official,entity facts | official website,2,ministries-e
https://finance.delhi.gov.in,finance.delhi.gov.in,official,entity facts | official website,2,state-depts-dl-jk-la
https://financialservices.gov.in,financialservices.gov.in,official,entity facts | official website,2,ministries-a
https://fincomindia.nic.in,fincomindia.nic.in,official,official website,2,constitutional-bodies-r2 | constitutional-bodies
https://fincomindia.nic.in/asset/doc/commission-reports/16th-FC/reports/Vol1-Main-Report.pdf,fincomindia.nic.in,official,entity facts | relationship,2,constitutional-bodies-r2
https://fiuindia.gov.in,fiuindia.gov.in,official,entity facts | official website,2,ministries-a
https://forest.delhi.gov.in,forest.delhi.gov.in,official,entity facts | official website,2,state-depts-dl-jk-la
https://fsib.co.in,fsib.co.in,other,entity facts | official website,2,ministries-a
https://ga.odisha.gov.in/,ga.odisha.gov.in,official,entity facts | official website,2,state-depts-br-jh-od
https://gad.delhi.gov.in,gad.delhi.gov.in,official,entity facts | official website,2,state-depts-dl-jk-la
https://gem.gov.in,gem.gov.in,official,entity facts | official website,2,ministries-a
https://gujaratindia.gov.in,gujaratindia.gov.in,official,official website,2,states-mh-gj-ga
https://gurudwara.delhi.gov.in,gurudwara.delhi.gov.in,official,entity facts | official website,2,state-depts-dl-jk-la
https://haryanait.gov.in/,haryanait.gov.in,official,entity facts | official website,2,state-depts-pb-hr-ch
https://health.delhi.gov.in,health.delhi.gov.in,official,entity facts | official website,2,state-depts-dl-jk-la
https://health.odisha.gov.in/,health.odisha.gov.in,official,entity facts | official website,2,state-depts-br-jh-od
https://heavyindustries.gov.in,heavyindustries.gov.in,official,entity facts | official website,2,ministries-d
https://highereduhry.ac.in/,highereduhry.ac.in,other,entity facts | official website,2,state-depts-pb-hr-ch
https://himachal.nic.in/fisheries,himachal.nic.in,official,entity facts | official website,2,state-depts-up-uk-hp
https://home.delhi.gov.in,home.delhi.gov.in,official,entity facts | official website,2,state-depts-dl-jk-la
https://home.odisha.gov.in/,home.odisha.gov.in,official,entity facts | official website,2,state-depts-br-jh-od
https://hpsc.gov.in,hpsc.gov.in,official,official website,2,states-pb-hr-ch-r2 | states-pb-hr-ch
https://hrylabour.gov.in,hrylabour.gov.in,official,entity facts | official website,2,state-depts-pb-hr-ch
https://hurl.net.in,hurl.net.in,other,entity facts | official website,2,ministries-e
https://hwb.gov.in,hwb.gov.in,official,entity facts | official website,2,ministries-d
https://ibbi.gov.in/en/about/jayanti-prasad,ibbi.gov.in,official,entity facts | office-holder,2,regulators
https://icmai.in,icmai.in,other,entity facts | official website,2,ministries-a
https://ifc.delhi.gov.in,ifc.delhi.gov.in,official,entity facts | official website,2,state-depts-dl-jk-la
https://ifsca.gov.in/Pages/Contents/Chairperson,ifsca.gov.in,official,entity facts | office-holder,2,regulators
https://iica.nic.in,iica.nic.in,official,entity facts | official website,2,ministries-a
https://iift.ac.in,iift.ac.in,other,entity facts | official website,2,ministries-a
https://iip-in.com,iip-in.com,other,entity facts | official website,2,ministries-a
https://indianmandarins.com,indianmandarins.com,other,office-holder,2,ministries-d
https://indianmasterminds.com/news/centre-invites-applications-for-lbsnaa-director-post-2026-208576/,indianmasterminds.com,other,entity facts | office-holder,2,ministries-b3
https://industries.delhi.gov.in,industries.delhi.gov.in,official,entity facts | official website,2,state-depts-dl-jk-la
https://ingaf.nic.in,ingaf.nic.in,official,entity facts | official website,2,ministries-a
https://inpr.odisha.gov.in/,inpr.odisha.gov.in,official,entity facts | official website,2,state-depts-br-jh-od
https://ipft.gov.in,ipft.gov.in,official,entity facts | official website,2,ministries-e
https://ipindia.gov.in,ipindia.gov.in,official,entity facts | official website,2,ministries-a
https://isprlltd.com,isprlltd.com,other,official website | office-holder,2,ministries-d
https://it.delhi.gov.in,it.delhi.gov.in,official,entity facts | official website,2,state-depts-dl-jk-la
https://it.odisha.gov.in/,it.odisha.gov.in,official,entity facts | official website,2,state-depts-br-jh-od
https://jharkhand.gov.in,jharkhand.gov.in,official,official website,2,states-br-jh-od
https://jk.gov.in,jk.gov.in,official,official website,2,states-dl-jk-la
https://jnarddc.gov.in,jnarddc.gov.in,official,entity facts | official website,2,ministries-d
https://kerala.gov.in,kerala.gov.in,official,official website,2,states-tn-kl-py
https://kvsangathan.nic.in,kvsangathan.nic.in,official,official website | office-holder,2,ministries-f
https://labour.chd.gov.in/,labour.chd.gov.in,official,entity facts | official website,2,state-depts-pb-hr-ch
https://labour.delhi.gov.in,labour.delhi.gov.in,official,entity facts | official website,2,state-depts-dl-jk-la
https://ladakh.gov.in,ladakh.gov.in,official,official website,2,states-dl-jk-la
https://ladakh.gov.in/agriculture/,ladakh.gov.in,official,entity facts | official website,2,state-depts-dl-jk-la
https://ladakh.gov.in/animal-sheep-husbandry/,ladakh.gov.in,official,entity facts | official website,2,state-depts-dl-jk-la
https://ladakh.gov.in/cooperative-/,ladakh.gov.in,official,entity facts | official website,2,state-depts-dl-jk-la
https://ladakh.gov.in/culture-department/,ladakh.gov.in,official,entity facts | official website,2,state-depts-dl-jk-la
https://ladakh.gov.in/election-department/,ladakh.gov.in,official,entity facts | official website,2,state-depts-dl-jk-la
https://ladakh.gov.in/employment/,ladakh.gov.in,official,entity facts | official website,2,state-depts-dl-jk-la
https://ladakh.gov.in/excise-department/,ladakh.gov.in,official,entity facts | official website,2,state-depts-dl-jk-la
https://ladakh.gov.in/food-civil-supplies-consumer-affairs,ladakh.gov.in,official,entity facts | official website,2,state-depts-dl-jk-la
https://ladakh.gov.in/forest-ecology-environment-department/,ladakh.gov.in,official,entity facts | official website,2,state-depts-dl-jk-la
https://ladakh.gov.in/higher-education/,ladakh.gov.in,official,entity facts | official website,2,state-depts-dl-jk-la
https://ladakh.gov.in/housing-and-urban-development/,ladakh.gov.in,official,entity facts | official website,2,state-depts-dl-jk-la
https://ladakh.gov.in/information-technology/,ladakh.gov.in,official,entity facts | official website,2,state-depts-dl-jk-la
https://ladakh.gov.in/labour-department/,ladakh.gov.in,official,entity facts | official website,2,state-depts-dl-jk-la
https://ladakh.gov.in/law-and-justice/,ladakh.gov.in,official,entity facts | official website,2,state-depts-dl-jk-la
https://ladakh.gov.in/library/,ladakh.gov.in,official,entity facts | official website,2,state-depts-dl-jk-la
https://ladakh.gov.in/phe-department/,ladakh.gov.in,official,entity facts | official website,2,state-depts-dl-jk-la
https://ladakh.gov.in/planning-department/,ladakh.gov.in,official,entity facts | official website,2,state-depts-dl-jk-la
https://ladakh.gov.in/power-development-department/,ladakh.gov.in,official,entity facts | official website,2,state-depts-dl-jk-la
https://ladakh.gov.in/public-works-department/,ladakh.gov.in,official,entity facts | official website,2,state-depts-dl-jk-la
https://ladakh.gov.in/revenue-department/,ladakh.gov.in,official,entity facts | official website,2,state-depts-dl-jk-la
https://ladakh.gov.in/rural-development-panchayati-raj-department/,ladakh.gov.in,official,entity facts | official website,2,state-depts-dl-jk-la
https://ladakh.gov.in/school-education-department/,ladakh.gov.in,official,entity facts | official website,2,state-depts-dl-jk-la
https://ladakh.gov.in/state-taxes-department/,ladakh.gov.in,official,entity facts | official website,2,state-depts-dl-jk-la
https://ladakh.gov.in/technical-education-and-skill-development/,ladakh.gov.in,official,entity facts | official website,2,state-depts-dl-jk-la
https://ladakh.gov.in/tourism-2/,ladakh.gov.in,official,entity facts | official website,2,state-depts-dl-jk-la
https://ladakh.gov.in/transport-department/,ladakh.gov.in,official,entity facts | official website,2,state-depts-dl-jk-la
https://ladakh.gov.in/youth-services-and-sports/,ladakh.gov.in,official,entity facts | official website,2,state-depts-dl-jk-la
https://land.delhi.gov.in,land.delhi.gov.in,official,entity facts | official website,2,state-depts-dl-jk-la
https://language.delhi.gov.in,language.delhi.gov.in,official,entity facts | official website,2,state-depts-dl-jk-la
https://law.delhi.gov.in,law.delhi.gov.in,official,entity facts | official website,2,state-depts-dl-jk-la
https://law.odisha.gov.in/,law.odisha.gov.in,official,entity facts | official website,2,state-depts-br-jh-od
https://legendofficers.com,legendofficers.com,other,office-holder,2,ministries-d
https://legislative.gov.in/constitution-of-india/,legislative.gov.in,official,legal basis,2,parliament-lok-sabha
https://meghalaya.gov.in,meghalaya.gov.in,official,official website,2,states-ar-mn-ml
https://mgiri.org,mgiri.org,other,entity facts | official website,2,ministries-a
https://mizoram.gov.in,mizoram.gov.in,official,official website,2,states-mz-nl-tr
https://mod.gov.in/en,mod.gov.in,official,entity facts,2,ministries-b2
https://mopng.gov.in,mopng.gov.in,official,entity facts | official website,2,ministries-d
https://mpeda.gov.in,mpeda.gov.in,official,entity facts | official website,2,ministries-a
https://msme.gov.in,msme.gov.in,official,entity facts | official website,2,ministries-a
https://naco.gov.in,naco.gov.in,official,official website | office-holder,2,ministries-f
https://nalsa.gov.in/current-patron-in-chief/,nalsa.gov.in,official,entity facts | relationship,2,judiciary-supreme-court
https://natboard.edu.in,natboard.edu.in,other,official website | office-holder,2,ministries-f
https://navodaya.gov.in,navodaya.gov.in,official,official website | office-holder,2,ministries-f
https://ncbc.nic.in,ncbc.nic.in,official,official website,2,constitutional-bodies-r2 | constitutional-bodies
https://ncdc.mohfw.gov.in,ncdc.mohfw.gov.in,official,official website | office-holder,2,ministries-f
https://ncgg.gov.in,ncgg.gov.in,official,entity facts | official website,2,ministries-b3
https://ncrb.gov.in,ncrb.gov.in,official,official website,2,ministries-b1
https://ncsc.nic.in,ncsc.nic.in,official,official website,2,constitutional-bodies-r2 | constitutional-bodies
https://ncst.gov.in,ncst.gov.in,official,official website,2,constitutional-bodies-r2 | constitutional-bodies
https://ncw.gov.in/,ncw.gov.in,official,entity facts | office-holder,2,regulators
https://ndma.gov.in,ndma.gov.in,official,official website,2,ministries-b1
https://nfdb.gov.in,nfdb.gov.in,official,entity facts | official website,2,ministries-e
https://nfra.gov.in,nfra.gov.in,official,entity facts | official website,2,ministries-a
https://nhrc.nic.in/,nhrc.nic.in,official,entity facts | office-holder,2,regulators
https://niapune.org.in,niapune.org.in,other,entity facts | official website,2,ministries-a
https://niesbud.nic.in,niesbud.nic.in,official,entity facts | official website,2,ministries-f
https://nif.org.in,nif.org.in,other,entity facts | official website,2,ministries-g
https://nihfw.ac.in,nihfw.ac.in,other,entity facts | official website,2,ministries-f
https://niifindia.in,niifindia.in,other,entity facts | official website,2,ministries-a
https://niphm.gov.in,niphm.gov.in,official,entity facts | official website,2,ministries-e
https://nise.res.in,nise.res.in,other,entity facts | official website,2,ministries-d
https://niwe.res.in,niwe.res.in,other,entity facts | official website,2,ministries-d
https://npti.gov.in,npti.gov.in,official,entity facts | official website,2,ministries-d
https://nsap.nic.in,nsap.nic.in,official,entity facts | official website,2,ministries-e
https://odisha.gov.in,odisha.gov.in,official,official website,2,states-br-jh-od
https://panchayat.odisha.gov.in/,panchayat.odisha.gov.in,official,entity facts | official website,2,state-depts-br-jh-od
https://pcimh.gov.in,pcimh.gov.in,official,entity facts | official website,2,ministries-f
https://pesb.gov.in,pesb.gov.in,official,entity facts | official website,2,ministries-a
https://pfms.nic.in,pfms.nic.in,official,entity facts | official website,2,ministries-a
https://pharmaceuticals.gov.in,pharmaceuticals.gov.in,official,entity facts | official website,2,ministries-e
https://pmayg.nic.in,pmayg.nic.in,official,entity facts | official website,2,ministries-e
https://pmjdy.gov.in,pmjdy.gov.in,official,entity facts | official website,2,ministries-a
https://pmkisan.gov.in,pmkisan.gov.in,official,entity facts | official website,2,ministries-e
https://pmvishwakarma.gov.in,pmvishwakarma.gov.in,official,entity facts | official website,2,ministries-a
https://power.delhi.gov.in,power.delhi.gov.in,official,entity facts | official website,2,state-depts-dl-jk-la
https://powermin.gov.in,powermin.gov.in,official,entity facts | official website,2,ministries-d
https://ppqs.gov.in,ppqs.gov.in,official,entity facts | official website,2,ministries-e
https://presscouncil.nic.in/,presscouncil.nic.in,official,entity facts | office-holder,2,regulators
https://prsindia.org/billtrack/the-corporate-laws-amendment-bill-2026,prsindia.org,press / analysis,entity facts | official website,2,parliament-committees
https://prsindia.org/billtrack/the-foreign-contribution-regulation-amendment-bill-2026,prsindia.org,press / analysis,entity facts | official website,2,parliament-committees
https://punjab.gov.in/department-of-agriculture/,punjab.gov.in,official,entity facts | official website,2,state-depts-pb-hr-ch
https://punjab.gov.in/department-of-animal-husbandry-dairy-development-and-fisheries/,punjab.gov.in,official,entity facts | official website,2,state-depts-pb-hr-ch
https://punjab.gov.in/department-of-civil-aviation/,punjab.gov.in,official,entity facts | official website,2,state-depts-pb-hr-ch
https://punjab.gov.in/department-of-cooperation/,punjab.gov.in,official,entity facts | official website,2,state-depts-pb-hr-ch
https://punjab.gov.in/department-of-defence-services-welfare/,punjab.gov.in,official,entity facts | official website,2,state-depts-pb-hr-ch
https://punjab.gov.in/department-of-elections/,punjab.gov.in,official,entity facts | official website,2,state-depts-pb-hr-ch
https://punjab.gov.in/department-of-employment-generation-and-training/,punjab.gov.in,official,entity facts | official website,2,state-depts-pb-hr-ch
https://punjab.gov.in/department-of-excise-and-taxation/,punjab.gov.in,official,entity facts | official website,2,state-depts-pb-hr-ch
https://punjab.gov.in/department-of-finance/,punjab.gov.in,official,entity facts | official website,2,state-depts-pb-hr-ch
https://punjab.gov.in/department-of-food-civil-supplies-and-consumer-affairs/,punjab.gov.in,official,entity facts | official website,2,state-depts-pb-hr-ch
https://punjab.gov.in/department-of-forest-wild-life-preservation/,punjab.gov.in,official,entity facts | official website,2,state-depts-pb-hr-ch
https://punjab.gov.in/department-of-general-administration/,punjab.gov.in,official,entity facts | official website,2,state-depts-pb-hr-ch
https://punjab.gov.in/department-of-health-family-welfare/,punjab.gov.in,official,entity facts | official website,2,state-depts-pb-hr-ch
https://punjab.gov.in/department-of-higher-education-and-languages/,punjab.gov.in,official,entity facts | official website,2,state-depts-pb-hr-ch
https://punjab.gov.in/department-of-home-affairs-and-justice/,punjab.gov.in,official,entity facts | official website,2,state-depts-pb-hr-ch
https://punjab.gov.in/department-of-horticulture/,punjab.gov.in,official,entity facts | official website,2,state-depts-pb-hr-ch
https://punjab.gov.in/department-of-housing-and-urban-development/,punjab.gov.in,official,entity facts | official website,2,state-depts-pb-hr-ch
https://punjab.gov.in/department-of-industries-commerce/,punjab.gov.in,official,entity facts | official website,2,state-depts-pb-hr-ch
https://punjab.gov.in/department-of-information-and-public-relation/,punjab.gov.in,official,entity facts | official website,2,state-depts-pb-hr-ch
https://punjab.gov.in/department-of-investment-promotion/,punjab.gov.in,official,entity facts | official website,2,state-depts-pb-hr-ch
https://punjab.gov.in/department-of-irrigation/,punjab.gov.in,official,entity facts | official website,2,state-depts-pb-hr-ch
https://punjab.gov.in/department-of-labour/,punjab.gov.in,official,entity facts | official website,2,state-depts-pb-hr-ch
https://punjab.gov.in/department-of-legal-and-legislative-affairs/,punjab.gov.in,official,entity facts | official website,2,state-depts-pb-hr-ch
https://punjab.gov.in/department-of-local-government/,punjab.gov.in,official,entity facts | official website,2,state-depts-pb-hr-ch
https://punjab.gov.in/department-of-medical-education-and-research/,punjab.gov.in,official,entity facts | official website,2,state-depts-pb-hr-ch
https://punjab.gov.in/department-of-nri-affairs/,punjab.gov.in,official,entity facts | official website,2,state-depts-pb-hr-ch
https://punjab.gov.in/department-of-parliamentary-affairs/,punjab.gov.in,official,entity facts | official website,2,state-depts-pb-hr-ch
https://punjab.gov.in/department-of-personnel/,punjab.gov.in,official,entity facts | official website,2,state-depts-pb-hr-ch
https://punjab.gov.in/department-of-planning/,punjab.gov.in,official,entity facts | official website,2,state-depts-pb-hr-ch
https://punjab.gov.in/department-of-power/,punjab.gov.in,official,entity facts | official website,2,state-depts-pb-hr-ch
https://punjab.gov.in/department-of-printing-and-stationery/,punjab.gov.in,official,entity facts | official website,2,state-depts-pb-hr-ch
https://punjab.gov.in/department-of-program-implementation/,punjab.gov.in,official,entity facts | official website,2,state-depts-pb-hr-ch
https://punjab.gov.in/department-of-public-works/,punjab.gov.in,official,entity facts | official website,2,state-depts-pb-hr-ch
https://punjab.gov.in/department-of-revenue-rehabilitation-disaster-management/,punjab.gov.in,official,entity facts | official website,2,state-depts-pb-hr-ch
https://punjab.gov.in/department-of-rural-development-and-panchayat/,punjab.gov.in,official,entity facts | official website,2,state-depts-pb-hr-ch
https://punjab.gov.in/department-of-school-education/,punjab.gov.in,official,entity facts | official website,2,state-depts-pb-hr-ch
https://punjab.gov.in/department-of-science-technology-environment/,punjab.gov.in,official,entity facts | official website,2,state-depts-pb-hr-ch
https://punjab.gov.in/department-of-soil-water-conservation/,punjab.gov.in,official,entity facts | official website,2,state-depts-pb-hr-ch
https://punjab.gov.in/department-of-sports-and-youth-services/,punjab.gov.in,official,entity facts | official website,2,state-depts-pb-hr-ch
https://punjab.gov.in/department-of-technical-education-and-industrial-training/,punjab.gov.in,official,entity facts | official website,2,state-depts-pb-hr-ch
https://punjab.gov.in/department-of-tourism-and-cultural-affairs/,punjab.gov.in,official,entity facts | official website,2,state-depts-pb-hr-ch
https://punjab.gov.in/department-of-transport/,punjab.gov.in,official,entity facts | official website,2,state-depts-pb-hr-ch
https://punjab.gov.in/department-of-vigilance/,punjab.gov.in,official,entity facts | official website,2,state-depts-pb-hr-ch
https://punjab.gov.in/department-of-water-supply-and-sanitation/,punjab.gov.in,official,entity facts | official website,2,state-depts-pb-hr-ch
https://punjab.gov.in/department-of-welfare-of-freedom-fighters/,punjab.gov.in,official,entity facts | official website,2,state-depts-pb-hr-ch
https://punjab.gov.in/department-of-welfare-of-scs-bcs/,punjab.gov.in,official,entity facts | official website,2,state-depts-pb-hr-ch
https://punjab.gov.in/government/departments/department-of-food-processing/,punjab.gov.in,official,entity facts | official website,2,state-depts-pb-hr-ch
https://punjab.gov.in/government/departments/department-of-mines-and-geology/,punjab.gov.in,official,entity facts | official website,2,state-depts-pb-hr-ch
https://punjab.gov.in/government/departments/department-of-new-renewable-energy-sources/,punjab.gov.in,official,entity facts | official website,2,state-depts-pb-hr-ch
https://punjab.gov.in/government/departments/department-of-promotion-of-information-technology-industry/,punjab.gov.in,official,entity facts | official website,2,state-depts-pb-hr-ch
https://punjab.gov.in/government/departments/departments-of-punjab-prisons-and-correctional-services/,punjab.gov.in,official,entity facts | official website,2,state-depts-pb-hr-ch
https://punjab.gov.in/government/departments/social-security-and-women-child-development/,punjab.gov.in,official,entity facts | official website,2,state-depts-pb-hr-ch
https://pwd.delhi.gov.in,pwd.delhi.gov.in,official,entity facts | official website,2,state-depts-dl-jk-la
https://py.gov.in,py.gov.in,official,official website,2,states-tn-kl-py
https://raitamitra.karnataka.gov.in,raitamitra.karnataka.gov.in,official,official website,2,state-depts-ka-ap-tg
https://rd.odisha.gov.in/,rd.odisha.gov.in,official,entity facts | official website,2,state-depts-br-jh-od
https://revenue.chd.gov.in/,revenue.chd.gov.in,official,entity facts | official website,2,state-depts-pb-hr-ch
https://revenue.delhi.gov.in,revenue.delhi.gov.in,official,entity facts | official website,2,state-depts-dl-jk-la
https://revenue.odisha.gov.in/,revenue.odisha.gov.in,official,entity facts | official website,2,state-depts-br-jh-od
https://rkvy.nic.in,rkvy.nic.in,official,entity facts | official website,2,ministries-e
https://rubberboard.org.in,rubberboard.org.in,other,entity facts | official website,2,ministries-a
https://sclsc.gov.in/about-us/Constitution,sclsc.gov.in,official,entity facts | relationship,2,judiciary-supreme-court
https://scopeonline.in,scopeonline.in,other,entity facts | official website,2,ministries-a
https://scstwelfare.delhi.gov.in,scstwelfare.delhi.gov.in,official,entity facts | official website,2,state-depts-dl-jk-la
https://sdte.odisha.gov.in/,sdte.odisha.gov.in,official,entity facts | official website,2,state-depts-br-jh-od
https://services.delhi.gov.in,services.delhi.gov.in,official,entity facts | official website,2,state-depts-dl-jk-la
https://services.phed.haryana.gov.in,services.phed.haryana.gov.in,official,entity facts | official website,2,state-depts-pb-hr-ch
https://sewa.haryana.gov.in/,sewa.haryana.gov.in,official,entity facts | official website,2,state-depts-pb-hr-ch
https://sfacindia.com,sfacindia.com,other,entity facts | official website,2,ministries-e
https://sfio.nic.in,sfio.nic.in,official,entity facts | official website,2,ministries-a
https://socialwelfare.delhi.gov.in,socialwelfare.delhi.gov.in,official,entity facts | official website,2,state-depts-dl-jk-la
https://sports.odisha.gov.in/,sports.odisha.gov.in,official,entity facts | official website,2,state-depts-br-jh-od
https://ssepd.odisha.gov.in/,ssepd.odisha.gov.in,official,entity facts | official website,2,state-depts-br-jh-od
https://state.bihar.gov.in,state.bihar.gov.in,official,official website,2,states-br-jh-od
https://state.bihar.gov.in/ahd/,state.bihar.gov.in,official,entity facts | official website,2,state-depts-br-jh-od
https://state.bihar.gov.in/bcd/,state.bihar.gov.in,official,entity facts | official website,2,state-depts-br-jh-od
https://state.bihar.gov.in/bcebcwelfare/,state.bihar.gov.in,official,entity facts | official website,2,state-depts-br-jh-od
https://state.bihar.gov.in/biharcommercialtax/,state.bihar.gov.in,official,entity facts | official website,2,state-depts-br-jh-od
https://state.bihar.gov.in/bihartourism/,state.bihar.gov.in,official,entity facts | official website,2,state-depts-br-jh-od
https://state.bihar.gov.in/cooperative/,state.bihar.gov.in,official,entity facts | official website,2,state-depts-br-jh-od
https://state.bihar.gov.in/disastermgmt/,state.bihar.gov.in,official,entity facts | official website,2,state-depts-br-jh-od
https://state.bihar.gov.in/dit/,state.bihar.gov.in,official,entity facts | official website,2,state-depts-br-jh-od
https://state.bihar.gov.in/dst/,state.bihar.gov.in,official,entity facts | official website,2,state-depts-br-jh-od
https://state.bihar.gov.in/educationbihar/,state.bihar.gov.in,official,entity facts | official website,2,state-depts-br-jh-od
https://state.bihar.gov.in/energy/,state.bihar.gov.in,official,entity facts | official website,2,state-depts-br-jh-od
https://state.bihar.gov.in/excise/,state.bihar.gov.in,official,entity facts | official website,2,state-depts-br-jh-od
https://state.bihar.gov.in/fcp/,state.bihar.gov.in,official,entity facts | official website,2,state-depts-br-jh-od
https://state.bihar.gov.in/finance/,state.bihar.gov.in,official,entity facts | official website,2,state-depts-br-jh-od
https://state.bihar.gov.in/forest/,state.bihar.gov.in,official,entity facts | official website,2,state-depts-br-jh-od
https://state.bihar.gov.in/gad/,state.bihar.gov.in,official,entity facts | official website,2,state-depts-br-jh-od
https://state.bihar.gov.in/health/,state.bihar.gov.in,official,entity facts | official website,2,state-depts-br-jh-od
https://state.bihar.gov.in/home/,state.bihar.gov.in,official,entity facts | official website,2,state-depts-br-jh-od
https://state.bihar.gov.in/industries/,state.bihar.gov.in,official,entity facts | official website,2,state-depts-br-jh-od
https://state.bihar.gov.in/krishi/,state.bihar.gov.in,official,entity facts | official website,2,state-depts-br-jh-od
https://state.bihar.gov.in/labour/,state.bihar.gov.in,official,entity facts | official website,2,state-depts-br-jh-od
https://state.bihar.gov.in/law/,state.bihar.gov.in,official,entity facts | official website,2,state-depts-br-jh-od
https://state.bihar.gov.in/lrc/,state.bihar.gov.in,official,entity facts | official website,2,state-depts-br-jh-od
https://state.bihar.gov.in/mines/,state.bihar.gov.in,official,entity facts | official website,2,state-depts-br-jh-od
https://state.bihar.gov.in/minoritywelfare/,state.bihar.gov.in,official,entity facts | official website,2,state-depts-br-jh-od
https://state.bihar.gov.in/mwrd/,state.bihar.gov.in,official,entity facts | official website,2,state-depts-br-jh-od
https://state.bihar.gov.in/pad/,state.bihar.gov.in,official,entity facts | official website,2,state-depts-br-jh-od
https://state.bihar.gov.in/phed/,state.bihar.gov.in,official,entity facts | official website,2,state-depts-br-jh-od
https://state.bihar.gov.in/planning/,state.bihar.gov.in,official,entity facts | official website,2,state-depts-br-jh-od
https://state.bihar.gov.in/prdbihar/,state.bihar.gov.in,official,entity facts | official website,2,state-depts-br-jh-od
https://state.bihar.gov.in/rcd/,state.bihar.gov.in,official,entity facts | official website,2,state-depts-br-jh-od
https://state.bihar.gov.in/rdd/,state.bihar.gov.in,official,entity facts | official website,2,state-depts-br-jh-od
https://state.bihar.gov.in/rwdbihar/,state.bihar.gov.in,official,entity facts | official website,2,state-depts-br-jh-od
https://state.bihar.gov.in/scstwelfare/,state.bihar.gov.in,official,entity facts | official website,2,state-depts-br-jh-od
https://state.bihar.gov.in/socialwelfare/,state.bihar.gov.in,official,entity facts | official website,2,state-depts-br-jh-od
https://state.bihar.gov.in/sport/,state.bihar.gov.in,official,entity facts | official website,2,state-depts-br-jh-od
https://state.bihar.gov.in/sugarcane/,state.bihar.gov.in,official,entity facts | official website,2,state-depts-br-jh-od
https://state.bihar.gov.in/transport/,state.bihar.gov.in,official,entity facts | official website,2,state-depts-br-jh-od
https://state.bihar.gov.in/urban/,state.bihar.gov.in,official,entity facts | official website,2,state-depts-br-jh-od
https://state.bihar.gov.in/vigilance/,state.bihar.gov.in,official,entity facts | official website,2,state-depts-br-jh-od
https://state.bihar.gov.in/wrd/,state.bihar.gov.in,official,entity facts | official website,2,state-depts-br-jh-od
https://state.bihar.gov.in/yac/,state.bihar.gov.in,official,entity facts | official website,2,state-depts-br-jh-od
https://state.bihar.gov.in/yesd/,state.bihar.gov.in,official,entity facts | official website,2,state-depts-br-jh-od
https://stclimited.co.in,stclimited.co.in,other,entity facts | official website,2,ministries-a
https://steel.gov.in,steel.gov.in,official,entity facts | official website,2,ministries-d
https://steelmines.odisha.gov.in/,steelmines.odisha.gov.in,official,entity facts | official website,2,state-depts-br-jh-od
https://theprint.in,theprint.in,press / analysis,office-holder,2,ministries-d
https://timesofindia.indiatimes.com,timesofindia.indiatimes.com,press / analysis,office-holder,2,ministries-d
https://tobaccoboard.com,tobaccoboard.com,other,entity facts | official website,2,ministries-a
https://tourism.delhi.gov.in,tourism.delhi.gov.in,official,entity facts | official website,2,state-depts-dl-jk-la
https://transport.delhi.gov.in,transport.delhi.gov.in,official,entity facts | official website,2,state-depts-dl-jk-la
https://trifed.tribal.gov.in,trifed.tribal.gov.in,official,entity facts | official website,2,ministries-f
https://tripura.gov.in,tripura.gov.in,official,official website,2,states-mz-nl-tr
https://ulbharyana.gov.in//,ulbharyana.gov.in,official,entity facts | official website,2,state-depts-pb-hr-ch
https://urban.odisha.gov.in/,urban.odisha.gov.in,official,entity facts | official website,2,state-depts-br-jh-od
https://urbanplanning.chd.gov.in/,urbanplanning.chd.gov.in,official,entity facts | official website,2,state-depts-pb-hr-ch
https://vicepresidentofindia.nic.in,vicepresidentofindia.nic.in,official,entity facts | official website,2,core-apex
https://vigilance.delhi.gov.in,vigilance.delhi.gov.in,official,entity facts | official website,2,state-depts-dl-jk-la
https://vigyanprasar.gov.in,vigyanprasar.gov.in,official,entity facts | official website,2,ministries-g
https://vvgnli.gov.in,vvgnli.gov.in,official,entity facts | official website,2,ministries-f
https://wcd.delhi.gov.in,wcd.delhi.gov.in,official,entity facts | official website,2,state-depts-dl-jk-la
https://wcd.hp.gov.in,wcd.hp.gov.in,official,entity facts | official website,2,state-depts-up-uk-hp
https://wcd.odisha.gov.in/,wcd.odisha.gov.in,official,entity facts | official website,2,state-depts-br-jh-od
https://wdra.gov.in,wdra.gov.in,official,entity facts | official website,2,ministries-e
https://web.archive.org/web/20260709202359/https://www.nja.gov.in/our-director.html,web.archive.org,other,entity facts | office-holder,2,judiciary-supreme-court
https://works.odisha.gov.in/,works.odisha.gov.in,official,entity facts | official website,2,state-depts-br-jh-od
https://www.aerb.gov.in,aerb.gov.in,official,entity facts | official website,2,ministries-d
https://www.araiindia.com,araiindia.com,other,entity facts | official website,2,ministries-d
https://www.cersai.org.in,cersai.org.in,other,entity facts | official website,2,ministries-a
https://www.cgtmse.in,cgtmse.in,other,entity facts | official website,2,ministries-a
https://www.cpcl.co.in,cpcl.co.in,other,official website | office-holder,2,ministries-d
https://www.csir.res.in/en,csir.res.in,other,entity facts | relationship,2,ministries-g
https://www.dgft.gov.in,dgft.gov.in,official,entity facts | official website,2,ministries-a
https://www.dgtr.gov.in,dgtr.gov.in,official,entity facts | official website,2,ministries-a
https://www.dicgc.org.in,dicgc.org.in,other,entity facts | official website,2,ministries-a
https://www.ecgc.in,ecgc.in,other,entity facts | official website,2,ministries-a
https://www.ecil.co.in,ecil.co.in,other,official website | office-holder,2,ministries-d
https://www.education.gov.in,education.gov.in,official,entity facts | official website,2,ministries-f
https://www.epfindia.gov.in,epfindia.gov.in,official,official website | office-holder,2,ministries-f
https://www.esic.gov.in,esic.gov.in,official,official website | office-holder,2,ministries-f
https://www.fddiindia.com,fddiindia.com,other,entity facts | official website,2,ministries-a
https://www.fieo.org,fieo.org,other,entity facts | official website,2,ministries-a
https://www.finmin.nic.in,finmin.nic.in,official,entity facts | official website,2,ministries-a
https://www.goa.gov.in,goa.gov.in,official,official website,2,states-mh-gj-ga
https://www.greentribunal.gov.in/,greentribunal.gov.in,official,entity facts | office-holder,2,judiciary-tribunals
https://www.gstn.org.in,gstn.org.in,other,entity facts | official website,2,ministries-a
https://www.haryana.gov.in/department-of-medical-education-and-researchdmer-haryana/,haryana.gov.in,official,entity facts | official website,2,state-depts-pb-hr-ch
https://www.icai.org,icai.org,other,entity facts | official website,2,ministries-a
https://www.iccr.gov.in,iccr.gov.in,official,entity facts | official website,2,ministries-b3
https://www.icegate.gov.in,icegate.gov.in,official,entity facts | official website,2,ministries-a
https://www.icsi.edu,icsi.edu,other,entity facts | official website,2,ministries-a
https://www.iepf.gov.in,iepf.gov.in,official,entity facts | official website,2,ministries-a
https://www.ifciltd.com,ifciltd.com,other,entity facts | official website,2,ministries-a
https://www.igcar.gov.in,igcar.gov.in,official,entity facts | official website,2,ministries-d
https://www.iifcl.in,iifcl.in,other,entity facts | official website,2,ministries-a
https://www.iist.ac.in,iist.ac.in,other,entity facts | official website,2,ministries-d
https://www.indiacoffee.org,indiacoffee.org,other,entity facts | official website,2,ministries-a
https://www.indianspices.com,indianspices.com,other,entity facts | official website,2,ministries-a
https://www.indiaseeds.com,indiaseeds.com,other,entity facts | official website,2,ministries-e
https://www.investindia.gov.in,investindia.gov.in,official,entity facts | official website,2,ministries-a
https://www.ipr.res.in,ipr.res.in,other,entity facts | official website,2,ministries-d
https://www.isical.ac.in,isical.ac.in,other,entity facts | official website,2,ministries-a
https://www.kaplltd.co.in,kaplltd.co.in,other,entity facts | official website,2,ministries-e
https://www.karnataka.gov.in,karnataka.gov.in,official,official website,2,states-ka-ap-tg
https://www.law.up.nic.in,law.up.nic.in,official,entity facts | official website,2,state-depts-up-uk-hp
https://www.lifecarehll.com,lifecarehll.com,other,official website | office-holder,2,ministries-f
https://www.madrasfert.co.in,madrasfert.co.in,other,entity facts | official website,2,ministries-e
https://www.maharashtra.gov.in,maharashtra.gov.in,official,official website,2,states-mh-gj-ga
https://www.mea.gov.in/,mea.gov.in,official,entity facts,2,ministries-b3
https://www.mha.gov.in/en/about-us/meet-the-secretary/home-secretary,mha.gov.in,official,office-holder | relationship,2,ministries-b1
https://www.mha.gov.in/en/union-home-minister,mha.gov.in,official,entity facts | office-holder,2,ministries-b1
https://www.mmtclimited.com,mmtclimited.com,other,entity facts | official website,2,ministries-a
https://www.mrpl.co.in,mrpl.co.in,other,official website | office-holder,2,ministries-d
https://www.mudra.org.in,mudra.org.in,other,entity facts | official website,2,ministries-a
https://www.nabfid.org,nabfid.org,other,entity facts | official website,2,ministries-a
https://www.nacin.gov.in,nacin.gov.in,official,entity facts | official website,2,ministries-a
https://www.nadt.gov.in,nadt.gov.in,official,entity facts | official website,2,ministries-a
https://www.ncgtc.in,ncgtc.in,other,entity facts | official website,2,ministries-a
https://www.nddb.coop,nddb.coop,other,entity facts | official website,2,ministries-e
https://www.newsonair.gov.in,newsonair.gov.in,official,office-holder | official website,2,ministries-d | ministries-g
https://www.nfc.gov.in,nfc.gov.in,official,entity facts | official website,2,ministries-d
https://www.nid.edu,nid.edu,other,entity facts | official website,2,ministries-a
https://www.nifm.ac.in,nifm.ac.in,other,entity facts | official website,2,ministries-a
https://www.niftem.ac.in,niftem.ac.in,other,entity facts | official website,2,ministries-e
https://www.nimsme.gov.in,nimsme.gov.in,official,entity facts | official website,2,ministries-a
https://www.nja.gov.in,nja.gov.in,official,official website,2,judiciary-supreme-court | ministries-b3
https://www.nmc.org.in,nmc.org.in,other,official website | office-holder,2,ministries-f
https://www.npcindia.gov.in,npcindia.gov.in,official,entity facts | official website,2,ministries-a
https://www.nsic.co.in,nsic.co.in,other,entity facts | official website,2,ministries-a
https://www.nta.ac.in,nta.ac.in,other,official website | office-holder,2,ministries-f
https://www.panchayatiraj.up.nic.in,panchayatiraj.up.nic.in,official,entity facts | official website,2,state-depts-up-uk-hp
https://www.pec-india.co.in,pec-india.co.in,other,entity facts | official website,2,ministries-a
https://www.pmgatishakti.gov.in,pmgatishakti.gov.in,official,entity facts | official website,2,ministries-a
https://www.presidentofindia.gov.in/press_releases/press-communique-34,presidentofindia.gov.in,official,correction,2,2026-09-25-ravneet-singh-resignation.json
https://www.prl.res.in,prl.res.in,other,entity facts | official website,2,ministries-d
https://www.qcin.org,qcin.org,other,entity facts | official website,2,ministries-a
https://www.rbi.org.in/Scripts/AboutusDisplay.aspx?pg=Governors.htm,rbi.org.in,official,entity facts | office-holder,2,regulators
https://www.ris.org.in/en/about-us/director-general,ris.org.in,other,entity facts | office-holder,2,ministries-b3
https://www.rrcat.gov.in,rrcat.gov.in,official,entity facts | official website,2,ministries-d
https://www.sanskritiias.com/current-affairs/s-radha-chauhan-appointed-as-new-chairperson-of-capacity-building-commission,sanskritiias.com,other,entity facts | office-holder,2,ministries-b3
https://www.scanx.trade,scanx.trade,other,office-holder,2,ministries-d
https://www.seci.co.in/board-of-directors,seci.co.in,other,office-holder,2,ministries-d
https://www.skillreporter.com/news/msde/msde-ministry-skill-development-secretary-ias-debashree-mukherjee/,skillreporter.com,other,office-holder,2,ministries-f
https://www.standupmitra.in,standupmitra.in,other,entity facts | official website,2,ministries-a
https://www.startupindia.gov.in,startupindia.gov.in,official,entity facts | official website,2,ministries-a
https://www.teaboard.gov.in,teaboard.gov.in,official,entity facts | official website,2,ministries-a
https://www.telangana.gov.in/departments/endowments/,telangana.gov.in,official,official website | office-holder,2,state-depts-ka-ap-tg
https://www.telangana.gov.in/departments/finance/,telangana.gov.in,official,official website | office-holder,2,state-depts-ka-ap-tg
https://www.telangana.gov.in/departments/home-department/,telangana.gov.in,official,official website | office-holder,2,state-depts-ka-ap-tg
https://www.telangana.gov.in/departments/revenue/,telangana.gov.in,official,official website | office-holder,2,state-depts-ka-ap-tg
https://www.thehindu.com/news/national/himachal-pradesh/kavinder-gupta-new-governor-of-himachal-pradesh-bjp-leader-lieutenant-governor-of-ladakh/article70710436.ece,thehindu.com,press / analysis,office-holder | relationship,2,states-up-uk-hp
https://www.tifr.res.in,tifr.res.in,other,entity facts | official website,2,ministries-d
https://www.tn.gov.in,tn.gov.in,official,official website,2,states-tn-kl-py
https://www.upexciseportal.in,upexciseportal.in,other,entity facts | relationship,2,state-depts-up-uk-hp
https://www.vecc.gov.in,vecc.gov.in,official,entity facts | official website,2,ministries-d
https://yas.gov.in/,yas.gov.in,official,entity facts,2,ministries-g
http://agri.tripura.gov.in,agri.tripura.gov.in,official,official website,1,state-depts-mz-nl-tr
http://andssw1.and.nic.in/rajbhasha/,andssw1.and.nic.in,official,official website,1,state-depts-an-ld-dh
http://andssw1.and.nic.in/socialwelfare/,andssw1.and.nic.in,official,official website,1,state-depts-an-ld-dh
http://ardd.tripura.gov.in,ardd.tripura.gov.in,official,official website,1,state-depts-mz-nl-tr
http://db.and.nic.in/acvu/home.html,db.and.nic.in,official,official website,1,state-depts-an-ld-dh
http://dcsca.andamannicobar.gov.in/,dcsca.andamannicobar.gov.in,official,official website,1,state-depts-an-ld-dh
http://dif.tripura.gov.in,dif.tripura.gov.in,official,official website,1,state-depts-mz-nl-tr
http://dit.tripura.gov.in,dit.tripura.gov.in,official,official website,1,state-depts-mz-nl-tr
http://ecostat.tripura.gov.in,ecostat.tripura.gov.in,official,official website,1,state-depts-mz-nl-tr
http://fcatripura.gov.in,fcatripura.gov.in,official,official website,1,state-depts-mz-nl-tr
http://finance.tripura.gov.in,finance.tripura.gov.in,official,official website,1,state-depts-mz-nl-tr
http://fireservice.tripura.gov.in,fireservice.tripura.gov.in,official,official website,1,state-depts-mz-nl-tr
http://fisheries.tripura.gov.in,fisheries.tripura.gov.in,official,official website,1,state-depts-mz-nl-tr
http://forest.tripura.gov.in,forest.tripura.gov.in,official,official website,1,state-depts-mz-nl-tr
http://haryanaassembly.gov.in,haryanaassembly.gov.in,official,official website,1,states-pb-hr-ch
http://health.tripura.gov.in,health.tripura.gov.in,official,official website,1,state-depts-mz-nl-tr
http://highereducation.tripura.gov.in,highereducation.tripura.gov.in,official,official website,1,state-depts-mz-nl-tr
http://horti.tripura.gov.in,horti.tripura.gov.in,official,official website,1,state-depts-mz-nl-tr
http://labour.and.nic.in/index.html,labour.and.nic.in,official,official website,1,state-depts-an-ld-dh
http://labour.tripura.gov.in,labour.tripura.gov.in,official,official website,1,state-depts-mz-nl-tr
http://law.tripura.gov.in,law.tripura.gov.in,official,official website,1,state-depts-mz-nl-tr
http://ls1.and.nic.in/doef/index.php,ls1.and.nic.in,official,official website,1,state-depts-an-ld-dh
http://ls1.and.nic.in/Industry/,ls1.and.nic.in,official,official website,1,state-depts-an-ld-dh
http://minoritieswelfare.tripura.gov.in,minoritieswelfare.tripura.gov.in,official,official website,1,state-depts-mz-nl-tr
http://ncm.nic.in,ncm.nic.in,official,official website,1,regulators
http://obcw.tripura.gov.in,obcw.tripura.gov.in,official,official website,1,state-depts-mz-nl-tr
http://planning.tripura.gov.in,planning.tripura.gov.in,official,official website,1,state-depts-mz-nl-tr
http://police.andamannicobar.gov.in/index.php/en/,police.andamannicobar.gov.in,official,official website,1,state-depts-an-ld-dh
http://prisons.tripura.gov.in,prisons.tripura.gov.in,official,official website,1,state-depts-mz-nl-tr
http://publicationsdivision.nic.in,publicationsdivision.nic.in,official,official website,1,ministries-g
http://rct.indianrail.gov.in,rct.indianrail.gov.in,official,official website,1,judiciary-tribunals
http://rct.indianrail.gov.in/,rct.indianrail.gov.in,official,entity facts,1,judiciary-tribunals
http://revenue.tripura.gov.in,revenue.tripura.gov.in,official,official website,1,state-depts-mz-nl-tr
http://rural.tripura.gov.in,rural.tripura.gov.in,official,official website,1,state-depts-mz-nl-tr
http://schooleducation.tripura.gov.in,schooleducation.tripura.gov.in,official,official website,1,state-depts-mz-nl-tr
http://scw.tripura.gov.in,scw.tripura.gov.in,official,official website,1,state-depts-mz-nl-tr
http://taxes.tripura.gov.in,taxes.tripura.gov.in,official,official website,1,state-depts-mz-nl-tr
http://transport.and.nic.in/,transport.and.nic.in,official,official website,1,state-depts-an-ld-dh
http://twd.tripura.gov.in,twd.tripura.gov.in,official,official website,1,state-depts-mz-nl-tr
http://www.punjabassembly.nic.in,punjabassembly.nic.in,official,official website,1,states-pb-hr-ch
http://yas.tripura.gov.in,yas.tripura.gov.in,official,official website,1,state-depts-mz-nl-tr
https://aajeevika.gov.in,aajeevika.gov.in,official,official website,1,ministries-e
https://afmc.nic.in,afmc.nic.in,official,official website,1,ministries-b2
https://aft.gov.in,aft.gov.in,official,official website,1,judiciary-tribunals
https://agartalacity.tripura.gov.in,agartalacity.tripura.gov.in,official,official website,1,states-mz-nl-tr
https://ahvety.mizoram.gov.in,ahvety.mizoram.gov.in,official,official website,1,state-depts-mz-nl-tr
https://ahvs.andamannicobar.gov.in,ahvs.andamannicobar.gov.in,official,official website,1,state-depts-an-ld-dh
https://ahvs.karnataka.gov.in,ahvs.karnataka.gov.in,official,official website,1,state-depts-ka-ap-tg
https://amcmizoram.com,amcmizoram.com,other,official website,1,states-mz-nl-tr
https://anifisheries.andamannicobar.gov.in/,anifisheries.andamannicobar.gov.in,official,official website,1,state-depts-an-ld-dh
https://anrfonline.in,anrfonline.in,other,official website,1,ministries-g
https://anrfonline.in/,anrfonline.in,other,entity facts,1,ministries-g
https://apacmedia.co,apacmedia.co,other,office-holder,1,ministries-d
https://apacnewsnetwork.com/2026/08/ias-sunil-paliwal-appointed-secretary-department-of-youth-affairs/,apacnewsnetwork.com,other,office-holder,1,ministries-g
https://apacnewsnetwork.com/2026/09/ias-sudhansh-pant-assigned-additional-charge-of-disability-empowerment-department/,apacnewsnetwork.com,other,office-holder,1,ministries-f
https://apfinance.gov.in,apfinance.gov.in,official,official website,1,state-depts-ka-ap-tg
https://apindustries.gov.in,apindustries.gov.in,official,official website,1,state-depts-ka-ap-tg
https://appolice.gov.in,appolice.gov.in,official,official website,1,state-depts-ka-ap-tg
https://appsc.gov.in,appsc.gov.in,official,official website,1,states-ar-mn-ml
https://apsche.ap.gov.in,apsche.ap.gov.in,official,official website,1,state-depts-ka-ap-tg
https://apssdc.in,apssdc.in,other,official website,1,state-depts-ka-ap-tg
https://aptel.gov.in,aptel.gov.in,official,official website,1,judiciary-tribunals
https://aptourism.gov.in,aptourism.gov.in,official,official website,1,state-depts-ka-ap-tg
https://aranya.gov.in,aranya.gov.in,official,official website,1,state-depts-ka-ap-tg
https://ard.delhi.gov.in/who-is-who,ard.delhi.gov.in,official,office-holder,1,state-depts-dl-jk-la
https://artculture.andamannicobar.gov.in/,artculture.andamannicobar.gov.in,official,official website,1,state-depts-an-ld-dh
https://arunachalpradeshassembly.gov.in,arunachalpradeshassembly.gov.in,official,official website,1,states-ar-mn-ml
https://arunpol.nic.in/dgp.html,arunpol.nic.in,official,office-holder,1,states-ar-mn-ml
https://ashraya.karnataka.gov.in,ashraya.karnataka.gov.in,official,official website,1,state-depts-ka-ap-tg
https://asi.nic.in,asi.nic.in,official,official website,1,ministries-g
https://assam.gov.in/chief-secretary,assam.gov.in,official,office-holder,1,states-wb-as-sk
https://avnl.co.in,avnl.co.in,other,official website,1,ministries-b2
https://aweil.aweil.co.in,aweil.aweil.co.in,other,official website,1,ministries-b2
https://bank.sbi,bank.sbi,other,official website,1,ministries-a
https://bankofmaharashtra.in,bankofmaharashtra.in,other,official website,1,ministries-a
https://bdl-india.in,bdl-india.in,other,official website,1,ministries-b2
https://birac.nic.in,birac.nic.in,official,official website,1,ministries-g
https://boi.gov.in,boi.gov.in,official,official website,1,ministries-b1
https://bprd.nic.in,bprd.nic.in,official,official website,1,ministries-b1
https://bpsc.bihar.gov.in,bpsc.bihar.gov.in,official,official website,1,states-br-jh-od
https://bro.gov.in,bro.gov.in,official,official website,1,ministries-b2
https://bsi.gov.in,bsi.gov.in,official,official website,1,ministries-g
https://ca.scoreclever.com/current-affairs/amit-garg-appointed-ncrb-director,ca.scoreclever.com,other,office-holder,1,ministries-b1
https://cabsec.gov.in,cabsec.gov.in,official,official website,1,core-apex
https://cacp.dacnet.nic.in,cacp.dacnet.nic.in,official,official website,1,ministries-e
https://canarabank.com,canarabank.com,other,official website,1,ministries-a
https://caqm.nic.in,caqm.nic.in,official,official website,1,ministries-g
https://caqm.nic.in/,caqm.nic.in,official,entity facts,1,ministries-g
https://cara.wcd.gov.in,cara.wcd.gov.in,official,official website,1,ministries-f
https://cbc.gov.in,cbc.gov.in,official,official website,1,ministries-b3
https://cbi.gov.in,cbi.gov.in,official,official website,1,ministries-b3
https://cbse.gov.in,cbse.gov.in,official,official website,1,ministries-f
https://ccpa.gov.in,ccpa.gov.in,official,official website,1,ministries-e
https://cdma.ap.gov.in,cdma.ap.gov.in,official,official website,1,state-depts-ka-ap-tg
https://ceotripura.nic.in,ceotripura.nic.in,official,official website,1,state-depts-mz-nl-tr
https://cercind.gov.in,cercind.gov.in,official,official website,1,regulators
https://cewacor.nic.in,cewacor.nic.in,official,official website,1,ministries-e
https://cfqctifaridabad.nic.in,cfqctifaridabad.nic.in,official,official website,1,ministries-e
https://cga.gov.in,cga.gov.in,official,office-holder,1,ministries-a
https://cgat.gov.in,cgat.gov.in,official,official website,1,judiciary-tribunals
https://cgda.nic.in,cgda.nic.in,official,official website,1,ministries-b2
https://cgda.nic.in/,cgda.nic.in,official,office-holder,1,ministries-b2
https://chemicals.gov.in/who-who,chemicals.gov.in,official,office-holder,1,ministries-e
https://cic.gov.in,cic.gov.in,official,official website,1,regulators
https://clc.gov.in,clc.gov.in,official,official website,1,judiciary-tribunals
https://coal.gov.in/about-us/details-senior-officials,coal.gov.in,official,office-holder,1,ministries-d
https://commons.wikimedia.org/wiki/File:Akhilesh_Yadav_544.jpg,commons.wikimedia.org,encyclopedia,correction,1,2026-09-25-wrong-portraits.json
https://commons.wikimedia.org/wiki/File:Emblem_of_Andhra_Pradesh.svg,commons.wikimedia.org,encyclopedia,correction,1,2026-09-25-wrong-portraits.json
https://commons.wikimedia.org/wiki/File:Emblem_of_Telangana.svg,commons.wikimedia.org,encyclopedia,correction,1,2026-09-25-wrong-portraits.json
https://commons.wikimedia.org/wiki/File:Rajeev_Chandrasekhar_with_PM_Modi_(cropped).jpg,commons.wikimedia.org,encyclopedia,correction,1,2026-09-25-wrong-portraits.json
https://commons.wikimedia.org/wiki/File:Shri_Amit_Shah_in_Raigad.jpg,commons.wikimedia.org,encyclopedia,correction,1,2026-09-25-wrong-portraits.json
https://cooperation.mizoram.gov.in,cooperation.mizoram.gov.in,official,official website,1,state-depts-mz-nl-tr
https://cooperation.tripura.gov.in,cooperation.tripura.gov.in,official,official website,1,state-depts-mz-nl-tr
https://cotcorp.org.in,cotcorp.org.in,other,official website,1,ministries-g
https://cse.ap.gov.in,cse.ap.gov.in,official,official website,1,state-depts-ka-ap-tg
https://culture.gov.in,culture.gov.in,official,official website,1,ministries-g
https://culture.gov.in/,culture.gov.in,official,entity facts,1,ministries-g
https://cvc.gov.in,cvc.gov.in,official,official website,1,regulators
https://cybercrime.gov.in,cybercrime.gov.in,official,official website,1,ministries-b1
https://dahd.gov.in/who-s-who,dahd.gov.in,official,office-holder,1,ministries-e
https://darpg.gov.in,darpg.gov.in,official,official website,1,ministries-b3
https://dbtindia.gov.in,dbtindia.gov.in,official,official website,1,ministries-g
https://dbtindia.gov.in/,dbtindia.gov.in,official,entity facts,1,ministries-g
https://dce.karnataka.gov.in,dce.karnataka.gov.in,official,official website,1,state-depts-ka-ap-tg
https://ddd.gov.in/agriculture-department/,ddd.gov.in,official,official website,1,state-depts-an-ld-dh
https://ddd.gov.in/block-development-office/,ddd.gov.in,official,official website,1,state-depts-an-ld-dh
https://ddd.gov.in/civil-aviation-department/,ddd.gov.in,official,official website,1,state-depts-an-ld-dh
https://ddd.gov.in/co-operative-society/,ddd.gov.in,official,official website,1,state-depts-an-ld-dh
https://ddd.gov.in/coastal-zone-management-authority/,ddd.gov.in,official,official website,1,state-depts-an-ld-dh
https://ddd.gov.in/department-of-legal-metrology-weights-measures/,ddd.gov.in,official,official website,1,state-depts-an-ld-dh
https://ddd.gov.in/department-of-urban-development/,ddd.gov.in,official,official website,1,state-depts-an-ld-dh
https://ddd.gov.in/directorate-of-accounts/,ddd.gov.in,official,official website,1,state-depts-an-ld-dh
https://ddd.gov.in/directorate-of-education/,ddd.gov.in,official,official website,1,state-depts-an-ld-dh
https://ddd.gov.in/directorate-of-public-grievance/,ddd.gov.in,official,official website,1,state-depts-an-ld-dh
https://ddd.gov.in/district-industries-centre/,ddd.gov.in,official,official website,1,state-depts-an-ld-dh
https://ddd.gov.in/district-panchayat/,ddd.gov.in,official,official website,1,state-depts-an-ld-dh
https://ddd.gov.in/electricity-department/,ddd.gov.in,official,official website,1,state-depts-an-ld-dh
https://ddd.gov.in/excise-department/,ddd.gov.in,official,official website,1,state-depts-an-ld-dh
https://ddd.gov.in/fire-and-emergency-services/,ddd.gov.in,official,official website,1,state-depts-an-ld-dh
https://ddd.gov.in/fisheries/,ddd.gov.in,official,official website,1,state-depts-an-ld-dh
https://ddd.gov.in/forest-department/,ddd.gov.in,official,official website,1,state-depts-an-ld-dh
https://ddd.gov.in/health-and-family-welfare/,ddd.gov.in,official,official website,1,state-depts-an-ld-dh
https://ddd.gov.in/higher-technical-education/,ddd.gov.in,official,official website,1,state-depts-an-ld-dh
https://ddd.gov.in/honble-administrator-2/,ddd.gov.in,official,office-holder,1,states-an-ld-dh
https://ddd.gov.in/india-reserve-battalion/,ddd.gov.in,official,official website,1,state-depts-an-ld-dh
https://ddd.gov.in/information-publicity/,ddd.gov.in,official,official website,1,state-depts-an-ld-dh
https://ddd.gov.in/information-technology-department/,ddd.gov.in,official,official website,1,state-depts-an-ld-dh
https://ddd.gov.in/ips/,ddd.gov.in,official,office-holder,1,states-an-ld-dh
https://ddd.gov.in/labour/,ddd.gov.in,official,official website,1,state-depts-an-ld-dh
https://ddd.gov.in/municipal-corporation/,ddd.gov.in,official,official website,1,state-depts-an-ld-dh
https://ddd.gov.in/ojas/,ddd.gov.in,official,official website,1,state-depts-an-ld-dh
https://ddd.gov.in/planning-and-statistics/,ddd.gov.in,official,official website,1,state-depts-an-ld-dh
https://ddd.gov.in/police/,ddd.gov.in,official,official website,1,state-depts-an-ld-dh
https://ddd.gov.in/pollution-control-committee/,ddd.gov.in,official,official website,1,state-depts-an-ld-dh
https://ddd.gov.in/port-and-lighthouse/,ddd.gov.in,official,official website,1,state-depts-an-ld-dh
https://ddd.gov.in/pwd/,ddd.gov.in,official,official website,1,state-depts-an-ld-dh
https://ddd.gov.in/rajbhasha-vibhag-official-language/,ddd.gov.in,official,official website,1,state-depts-an-ld-dh
https://ddd.gov.in/revenue-department-2/,ddd.gov.in,official,official website,1,state-depts-an-ld-dh
https://ddd.gov.in/rural-development/,ddd.gov.in,official,official website,1,state-depts-an-ld-dh
https://ddd.gov.in/science-technology-department/,ddd.gov.in,official,official website,1,state-depts-an-ld-dh
https://ddd.gov.in/social-welfare-department-2/,ddd.gov.in,official,official website,1,state-depts-an-ld-dh
https://ddd.gov.in/state-disaster-management-authority/,ddd.gov.in,official,official website,1,state-depts-an-ld-dh
https://ddd.gov.in/tourism-2/,ddd.gov.in,official,official website,1,state-depts-an-ld-dh
https://ddd.gov.in/town-and-country-planning/,ddd.gov.in,official,official website,1,state-depts-an-ld-dh
https://ddd.gov.in/transport-department/,ddd.gov.in,official,official website,1,state-depts-an-ld-dh
https://ddd.gov.in/ut-election-commission/,ddd.gov.in,official,official website,1,state-depts-an-ld-dh
https://ddd.gov.in/value-added-tax-vat/,ddd.gov.in,official,official website,1,state-depts-an-ld-dh
https://ddd.gov.in/vigilance-department/,ddd.gov.in,official,official website,1,state-depts-an-ld-dh
https://ddm.andamannicobar.gov.in/,ddm.andamannicobar.gov.in,official,official website,1,state-depts-an-ld-dh
https://ddnews.gov.in,ddnews.gov.in,official,official website,1,ministries-g
https://ddnews.gov.in/en/ai-impact-summit-2026-india-showcases-ai-driven-overhaul-of-public-distribution-system/,ddnews.gov.in,official,office-holder,1,ministries-e
https://ddnews.gov.in/en/amit-shah-assumes-charge-as-union-home-minister-for-second-consecutive-term/,ddnews.gov.in,official,office-holder,1,ministries-b1
https://dea.gov.in/whos-who/anuradha-thakur,dea.gov.in,official,office-holder,1,ministries-a
https://dea.gov.in/whos-who/v-anantha-nageswaran,dea.gov.in,official,office-holder,1,ministries-a
https://des.karnataka.gov.in,des.karnataka.gov.in,official,official website,1,state-depts-ka-ap-tg
https://desw.gov.in/en/about-us/whos_who,desw.gov.in,official,office-holder,1,ministries-b2
https://dgde.gov.in,dgde.gov.in,official,official website,1,ministries-b2
https://dhs.andamannicobar.gov.in,dhs.andamannicobar.gov.in,official,official website,1,state-depts-an-ld-dh
https://dic.gov.in,dic.gov.in,official,official website,1,ministries-g
https://digitallearning.eletsonline.com/2026/08/deepti-gaur-mukerjee-appointed-secretary-of-higher-education-department/,digitallearning.eletsonline.com,other,office-holder,1,ministries-f
https://dmr.mizoram.gov.in,dmr.mizoram.gov.in,official,official website,1,state-depts-mz-nl-tr
https://doppw.gov.in,doppw.gov.in,official,official website,1,ministries-b3
https://dopt.gov.in/about-us/wings-or-division-in-dopt/establishment-officer-1,dopt.gov.in,official,office-holder,1,ministries-b3
https://dor.gov.in/revenue-secretary,dor.gov.in,official,office-holder,1,ministries-a
https://dpal.karnataka.gov.in,dpal.karnataka.gov.in,official,official website,1,state-depts-ka-ap-tg
https://dpar.karnataka.gov.in,dpar.karnataka.gov.in,official,official website,1,state-depts-ka-ap-tg
https://dpar.mizoram.gov.in,dpar.mizoram.gov.in,official,official website,1,state-depts-mz-nl-tr
https://dsir.gov.in,dsir.gov.in,official,official website,1,ministries-g
https://dss.andamannicobar.gov.in,dss.andamannicobar.gov.in,official,official website,1,state-depts-an-ld-dh
https://dssc.gov.in,dssc.gov.in,official,official website,1,ministries-b2
https://dst.gov.in,dst.gov.in,official,official website,1,ministries-g
https://dste.tripura.gov.in,dste.tripura.gov.in,official,official website,1,state-depts-mz-nl-tr
https://dstpcc.andamannicobar.gov.in,dstpcc.andamannicobar.gov.in,official,official website,1,state-depts-an-ld-dh
https://dwcd.karnataka.gov.in,dwcd.karnataka.gov.in,official,official website,1,state-depts-ka-ap-tg
https://dws.tripura.gov.in,dws.tripura.gov.in,official,official website,1,state-depts-mz-nl-tr
https://e-gazette.tripura.gov.in/eGazette/aboutus.jsp,e-gazette.tripura.gov.in,official,official website,1,state-depts-mz-nl-tr
https://eacpm.gov.in,eacpm.gov.in,official,official website,1,core-apex
https://echs.gov.in,echs.gov.in,official,official website,1,ministries-b2
https://ecommitteesci.gov.in,ecommitteesci.gov.in,official,official website,1,judiciary-supreme-court
https://economictimes.indiatimes.com,economictimes.indiatimes.com,press / analysis,office-holder,1,ministries-d
https://economictimes.indiatimes.com/news/politics-and-nation/rssfeeds/1052732854.cms,economictimes.indiatimes.com,press / analysis,live news feed,1,live
https://ecostat.andamannicobar.gov.in/,ecostat.andamannicobar.gov.in,official,official website,1,state-depts-an-ld-dh
https://education.andamannicobar.gov.in/,education.andamannicobar.gov.in,official,official website,1,state-depts-an-ld-dh
https://egov.eletsonline.com/2026/04/narendra-bhooshan-named-secretary-land-resources-department/,egov.eletsonline.com,other,office-holder,1,ministries-e
https://egov.eletsonline.com/2026/06/sanjay-lohiya-assumes-charge-as-secretary-department-of-financial-services/,egov.eletsonline.com,other,office-holder,1,ministries-a
https://egov.eletsonline.com/2026/07/keshav-chandra-assumes-charge-as-secretary-ministry-of-mines/,egov.eletsonline.com,other,office-holder,1,ministries-d
https://egov.eletsonline.com/2026/07/ntpc-cmd-gurdeep-singh-gets-six-month-extension/,egov.eletsonline.com,other,office-holder,1,ministries-d
https://egov.eletsonline.com/2026/07/satish-kumar-gets-one-year-extension-as-railway-board-chairman-ceo/,egov.eletsonline.com,other,office-holder,1,ministries-c
https://ehealth.eletsonline.com/2026/01/manoj-joshi-takes-charge-as-secretary-department-of-pharmaceuticals/,ehealth.eletsonline.com,other,office-holder,1,ministries-e
https://elementaryeducation.tripura.gov.in,elementaryeducation.tripura.gov.in,official,official website,1,state-depts-mz-nl-tr
https://en.wikipedia.org/w/api.php,en.wikipedia.org,encyclopedia,portraits (Wikipedia page images),1,images
https://en.wikipedia.org/w/index.php?title=Bharat_Kumar_Jhawar&action=edit&redlink=1,en.wikipedia.org,encyclopedia,office-holder reference,1,mlas-wb-as-sk
https://en.wikipedia.org/w/index.php?title=Ghanshyam_Thakur&action=edit&redlink=1,en.wikipedia.org,encyclopedia,office-holder reference,1,mlas-br-jh-od
https://en.wikipedia.org/w/index.php?title=Pramod_Chandravanshi&action=edit&redlink=1,en.wikipedia.org,encyclopedia,office-holder reference,1,mlas-br-jh-od
https://en.wikipedia.org/w/index.php?title=Surya_Kumar_Sharma&action=edit&redlink=1,en.wikipedia.org,encyclopedia,office-holder reference,1,mlas-br-jh-od
https://en.wikipedia.org/w/index.php?title=Tarak_Nath_Chatterjee&action=edit&redlink=1,en.wikipedia.org,encyclopedia,office-holder reference,1,mlas-wb-as-sk
https://en.wikipedia.org/wiki/2023_Mizoram_Legislative_Assembly_election,en.wikipedia.org,encyclopedia,entity facts,1,states-mz-nl-tr
https://en.wikipedia.org/wiki/2023_Nagaland_Legislative_Assembly_election,en.wikipedia.org,encyclopedia,entity facts,1,states-mz-nl-tr
https://en.wikipedia.org/wiki/2023_Rajasthan_Legislative_Assembly_election,en.wikipedia.org,encyclopedia,entity facts,1,states-mp-cg-rj-r2
https://en.wikipedia.org/wiki/2024_Arunachal_Pradesh_Legislative_Assembly_election,en.wikipedia.org,encyclopedia,entity facts,1,mlas-jk-ar-mn-ml
https://en.wikipedia.org/wiki/2024_Indian_general_election,en.wikipedia.org,encyclopedia,entity facts,1,core-apex
https://en.wikipedia.org/wiki/2026_Tamil_Nadu_Legislative_Assembly_election#Results_by_constituency,en.wikipedia.org,encyclopedia,correction,1,2026-09-25-tn-sampathkumar-link.json
"https://en.wikipedia.org/wiki/A._A._Rahim_(politician,_born_1980)",en.wikipedia.org,encyclopedia,office-holder reference,1,parliament-rajya-sabha
https://en.wikipedia.org/wiki/A._Anbalagan,en.wikipedia.org,encyclopedia,office-holder reference,1,mlas-tn-kl-py
https://en.wikipedia.org/wiki/A._Arunmozhithevan,en.wikipedia.org,encyclopedia,office-holder reference,1,mlas-tn-kl-py
https://en.wikipedia.org/wiki/A._C._Moideen,en.wikipedia.org,encyclopedia,office-holder reference,1,mlas-tn-kl-py
https://en.wikipedia.org/wiki/A._C._Srinivasa,en.wikipedia.org,encyclopedia,office-holder reference,1,mlas-ka-ap-tg
https://en.wikipedia.org/wiki/A._C._Vilwanathan,en.wikipedia.org,encyclopedia,office-holder reference,1,mlas-tn-kl-py
https://en.wikipedia.org/wiki/A._Ganeshkumar,en.wikipedia.org,encyclopedia,office-holder reference,1,mlas-tn-kl-py
https://en.wikipedia.org/wiki/A._Jayathilak,en.wikipedia.org,encyclopedia,office-holder,1,states-tn-kl-py
https://en.wikipedia.org/wiki/A._Johnkumar,en.wikipedia.org,encyclopedia,office-holder reference,1,mlas-tn-kl-py
https://en.wikipedia.org/wiki/A._K._D._Arumugam,en.wikipedia.org,encyclopedia,office-holder reference,1,mlas-tn-kl-py
https://en.wikipedia.org/wiki/A._K._M._Ashraf,en.wikipedia.org,encyclopedia,office-holder reference,1,mlas-tn-kl-py
https://en.wikipedia.org/wiki/A._K._Sai_J._Saravanan_Kumar,en.wikipedia.org,encyclopedia,office-holder reference,1,mlas-tn-kl-py
https://en.wikipedia.org/wiki/A._Kadarkarairaj,en.wikipedia.org,encyclopedia,office-holder reference,1,mlas-tn-kl-py
https://en.wikipedia.org/wiki/A._Kallanai,en.wikipedia.org,encyclopedia,office-holder reference,1,mlas-tn-kl-py
https://en.wikipedia.org/wiki/A._Karthik,en.wikipedia.org,encyclopedia,office-holder reference,1,mlas-tn-kl-py
https://en.wikipedia.org/wiki/A._M._H._Nazeem,en.wikipedia.org,encyclopedia,office-holder reference,1,mlas-tn-kl-py
https://en.wikipedia.org/wiki/A._M._Khanwilkar,en.wikipedia.org,encyclopedia,office-holder reference,1,regulators
https://en.wikipedia.org/wiki/A._M._Shahjahan,en.wikipedia.org,encyclopedia,office-holder reference,1,mlas-tn-kl-py
https://en.wikipedia.org/wiki/A._Maharajan,en.wikipedia.org,encyclopedia,office-holder reference,1,mlas-tn-kl-py
https://en.wikipedia.org/wiki/A._Manju,en.wikipedia.org,encyclopedia,office-holder reference,1,mlas-ka-ap-tg
https://en.wikipedia.org/wiki/A._Muhamed_Mustaque,en.wikipedia.org,encyclopedia,office-holder reference,1,judiciary-high-courts
https://en.wikipedia.org/wiki/A._Nallathambi_(AIADMK_politician),en.wikipedia.org,encyclopedia,office-holder reference,1,mlas-tn-kl-py
https://en.wikipedia.org/wiki/A._Namassivayam,en.wikipedia.org,encyclopedia,office-holder reference,1,mlas-tn-kl-py
https://en.wikipedia.org/wiki/A._Nyamnyei_Konyak,en.wikipedia.org,encyclopedia,office-holder reference,1,mlas-mz-nl-tr
https://en.wikipedia.org/wiki/A._P._Anil_Kumar,en.wikipedia.org,encyclopedia,office-holder reference,1,mlas-tn-kl-py
https://en.wikipedia.org/wiki/A._P._Jayasankaran,en.wikipedia.org,encyclopedia,office-holder reference,1,mlas-tn-kl-py
https://en.wikipedia.org/wiki/A._Pangjung_Jamir,en.wikipedia.org,encyclopedia,office-holder reference,1,mlas-mz-nl-tr
https://en.wikipedia.org/wiki/A._Pongshi_Phom,en.wikipedia.org,encyclopedia,office-holder reference,1,mlas-mz-nl-tr
https://en.wikipedia.org/wiki/A._Prabhakaran,en.wikipedia.org,encyclopedia,office-holder reference,1,mlas-tn-kl-py
https://en.wikipedia.org/wiki/A._R._Krishnamurthy,en.wikipedia.org,encyclopedia,office-holder reference,1,mlas-ka-ap-tg
https://en.wikipedia.org/wiki/A._S._Chandurkar,en.wikipedia.org,encyclopedia,office-holder reference,1,judiciary-supreme-court
https://en.wikipedia.org/wiki/A._S._Ponnanna,en.wikipedia.org,encyclopedia,office-holder reference,1,mlas-ka-ap-tg
https://en.wikipedia.org/wiki/A._Sudhakar,en.wikipedia.org,encyclopedia,office-holder reference,1,mlas-tn-kl-py
https://en.wikipedia.org/wiki/A.D.Thomas,en.wikipedia.org,encyclopedia,office-holder reference,1,mlas-tn-kl-py
https://en.wikipedia.org/wiki/Aadhav_Arjuna,en.wikipedia.org,encyclopedia,office-holder reference,1,mlas-tn-kl-py
https://en.wikipedia.org/wiki/Aaditya_Thackeray,en.wikipedia.org,encyclopedia,office-holder reference,1,mlas-mh-gj-ga
https://en.wikipedia.org/wiki/Aaley_Mohammad_Iqbal,en.wikipedia.org,encyclopedia,office-holder reference,1,mlas-pb-hr-hp-dl
https://en.wikipedia.org/wiki/Aamshya_Padavi,en.wikipedia.org,encyclopedia,office-holder reference,1,mlas-mh-gj-ga
https://en.wikipedia.org/wiki/Aashish_Govind_Sharma,en.wikipedia.org,encyclopedia,office-holder reference,1,mlas-mp-cg-rj
https://en.wikipedia.org/wiki/Abbayya_Prasad,en.wikipedia.org,encyclopedia,office-holder reference,1,mlas-ka-ap-tg
https://en.wikipedia.org/wiki/Abdul_Aziz_Doctor,en.wikipedia.org,encyclopedia,office-holder reference,1,mlas-wb-as-sk
https://en.wikipedia.org/wiki/Abdul_Bari_Siddiqui,en.wikipedia.org,encyclopedia,office-holder reference,1,mlas-br-jh-od
https://en.wikipedia.org/wiki/Abdul_Khaleque_Molla,en.wikipedia.org,encyclopedia,office-holder reference,1,mlas-wb-as-sk
https://en.wikipedia.org/wiki/Abdul_Majeed_Bhat,en.wikipedia.org,encyclopedia,office-holder reference,1,mlas-jk-ar-mn-ml
https://en.wikipedia.org/wiki/Abdul_Matin_Muhammad,en.wikipedia.org,encyclopedia,office-holder reference,1,mlas-wb-as-sk
https://en.wikipedia.org/wiki/Abdul_Sattar_(Maharashtra_politician),en.wikipedia.org,encyclopedia,office-holder reference,1,mlas-mh-gj-ga
https://en.wikipedia.org/wiki/Abdur_Rahim_Ahmed,en.wikipedia.org,encyclopedia,office-holder reference,1,mlas-wb-as-sk
https://en.wikipedia.org/wiki/Abdur_Rahim_Boxi,en.wikipedia.org,encyclopedia,office-holder reference,1,mlas-wb-as-sk
https://en.wikipedia.org/wiki/Abdus_Sobahan_Ali_Sarkar,en.wikipedia.org,encyclopedia,office-holder reference,1,mlas-wb-as-sk
https://en.wikipedia.org/wiki/Abhay_Mishra,en.wikipedia.org,encyclopedia,office-holder reference,1,mlas-mp-cg-rj
https://en.wikipedia.org/wiki/Abhay_Patil,en.wikipedia.org,encyclopedia,office-holder reference,1,mlas-ka-ap-tg
https://en.wikipedia.org/wiki/Abhay_Verma_(politician),en.wikipedia.org,encyclopedia,office-holder reference,1,mlas-pb-hr-hp-dl
https://en.wikipedia.org/wiki/Abhesinh_Tadvi,en.wikipedia.org,encyclopedia,office-holder reference,1,mlas-mh-gj-ga
https://en.wikipedia.org/wiki/Abhijeet_Dhananjay_Patil,en.wikipedia.org,encyclopedia,office-holder reference,1,mlas-mh-gj-ga
https://en.wikipedia.org/wiki/Abhijeet_Shah,en.wikipedia.org,encyclopedia,office-holder reference,1,mlas-mp-cg-rj
https://en.wikipedia.org/wiki/Abhijit_Wanjarri,en.wikipedia.org,encyclopedia,office-holder reference,1,mlas-mh-gj-ga
https://en.wikipedia.org/wiki/Abhilash_Pandey,en.wikipedia.org,encyclopedia,office-holder reference,1,mlas-mp-cg-rj
https://en.wikipedia.org/wiki/Abhimanyu_Dattatray_Pawar,en.wikipedia.org,encyclopedia,office-holder reference,1,mlas-mh-gj-ga
https://en.wikipedia.org/wiki/Abhimanyu_Poonia,en.wikipedia.org,encyclopedia,office-holder reference,1,mlas-mp-cg-rj
https://en.wikipedia.org/wiki/Abhimanyu_Sethi,en.wikipedia.org,encyclopedia,office-holder reference,1,mlas-br-jh-od
https://en.wikipedia.org/wiki/Abhishek_Debroy,en.wikipedia.org,encyclopedia,office-holder reference,1,mlas-mz-nl-tr
https://en.wikipedia.org/wiki/Abhishek_Ranjan,en.wikipedia.org,encyclopedia,office-holder reference,1,mlas-br-jh-od
https://en.wikipedia.org/wiki/Abhishek_Singhvi,en.wikipedia.org,encyclopedia,office-holder reference,1,parliament-rajya-sabha
https://en.wikipedia.org/wiki/Abin_Varkey,en.wikipedia.org,encyclopedia,office-holder reference,1,mlas-tn-kl-py
https://en.wikipedia.org/wiki/Abu_Asim_Azmi,en.wikipedia.org,encyclopedia,office-holder reference,1,mlas-mh-gj-ga
https://en.wikipedia.org/wiki/Abu_Taher_Mondal,en.wikipedia.org,encyclopedia,office-holder reference,1,mlas-jk-ar-mn-ml
https://en.wikipedia.org/wiki/Abul_Kalam_Rasheed_Alam,en.wikipedia.org,encyclopedia,office-holder reference,1,mlas-wb-as-sk
https://en.wikipedia.org/wiki/Achumbemo_Kikon,en.wikipedia.org,encyclopedia,office-holder reference,1,mlas-mz-nl-tr
https://en.wikipedia.org/wiki/Adal_Singh_Kansana,en.wikipedia.org,encyclopedia,office-holder reference,1,mlas-mp-cg-rj
https://en.wikipedia.org/wiki/Addanki_Dayakar,en.wikipedia.org,encyclopedia,office-holder reference,1,mlas-ka-ap-tg
https://en.wikipedia.org/wiki/Adelbert_Nongrum,en.wikipedia.org,encyclopedia,office-holder reference,1,mlas-jk-ar-mn-ml
https://en.wikipedia.org/wiki/Adhikarimayum_Sharda_Devi,en.wikipedia.org,encyclopedia,office-holder reference,1,parliament-rajya-sabha
https://en.wikipedia.org/wiki/Adhiraj_Mohan_Panigrahi,en.wikipedia.org,encyclopedia,office-holder reference,1,mlas-br-jh-od
https://en.wikipedia.org/wiki/Adireddy_Srinivas,en.wikipedia.org,encyclopedia,office-holder reference,1,mlas-ka-ap-tg
https://en.wikipedia.org/wiki/Aditi_Tatkare,en.wikipedia.org,encyclopedia,office-holder reference,1,mlas-mh-gj-ga
https://en.wikipedia.org/wiki/Aditya_Devilal,en.wikipedia.org,encyclopedia,office-holder reference,1,mlas-pb-hr-hp-dl
https://en.wikipedia.org/wiki/Aditya_Sahu,en.wikipedia.org,encyclopedia,office-holder reference,1,parliament-rajya-sabha
https://en.wikipedia.org/wiki/Aditya_Surjewala,en.wikipedia.org,encyclopedia,office-holder reference,1,mlas-pb-hr-hp-dl
https://en.wikipedia.org/wiki/Aditya_Tamang,en.wikipedia.org,encyclopedia,office-holder reference,1,mlas-wb-as-sk
https://en.wikipedia.org/wiki/Adityapur_Municipal_Corporation,en.wikipedia.org,encyclopedia,entity facts,1,states-br-jh-od
https://en.wikipedia.org/wiki/Adluri_Laxman_Kumar,en.wikipedia.org,encyclopedia,office-holder reference,1,mlas-ka-ap-tg
https://en.wikipedia.org/wiki/Administrator_of_Lakshadweep,en.wikipedia.org,encyclopedia,office-holder,1,states-an-ld-dh
https://en.wikipedia.org/wiki/Aduram_Meghwal,en.wikipedia.org,encyclopedia,office-holder reference,1,mlas-mp-cg-rj
https://en.wikipedia.org/wiki/Advanced_Weapons_and_Equipment_India_Limited,en.wikipedia.org,encyclopedia,entity facts,1,ministries-b2
https://en.wikipedia.org/wiki/Afaque_Ahmad_Khan,en.wikipedia.org,encyclopedia,office-holder reference,1,mlas-br-jh-od
https://en.wikipedia.org/wiki/Aftab_Ahmed_(Indian_politician),en.wikipedia.org,encyclopedia,office-holder reference,1,mlas-pb-hr-hp-dl
https://en.wikipedia.org/wiki/Aftabuddin,en.wikipedia.org,encyclopedia,office-holder reference,1,mlas-wb-as-sk
https://en.wikipedia.org/wiki/Aga_Syed_Muntazir_Mehdi,en.wikipedia.org,encyclopedia,office-holder reference,1,mlas-jk-ar-mn-ml
https://en.wikipedia.org/wiki/Agasti_Behera,en.wikipedia.org,encyclopedia,office-holder reference,1,mlas-br-jh-od
https://en.wikipedia.org/wiki/Agnimitra_Paul,en.wikipedia.org,encyclopedia,office-holder reference,1,mlas-wb-as-sk
https://en.wikipedia.org/wiki/Agniswar_Naskar,en.wikipedia.org,encyclopedia,office-holder reference,1,mlas-wb-as-sk
https://en.wikipedia.org/wiki/Agri_S._S._Krishnamurthy,en.wikipedia.org,encyclopedia,office-holder reference,1,mlas-tn-kl-py
https://en.wikipedia.org/wiki/Agricultural_and_Processed_Food_Products_Export_Development_Authority,en.wikipedia.org,encyclopedia,office-holder,1,ministries-a
https://en.wikipedia.org/wiki/Ahmed_bin_Abdullah_Balala,en.wikipedia.org,encyclopedia,office-holder reference,1,mlas-ka-ap-tg
https://en.wikipedia.org/wiki/Ahsanuddin_Amanullah,en.wikipedia.org,encyclopedia,office-holder reference,1,judiciary-supreme-court
https://en.wikipedia.org/wiki/Aithabathula_Anandarao,en.wikipedia.org,encyclopedia,office-holder reference,1,mlas-ka-ap-tg
https://en.wikipedia.org/wiki/Ajanta_Neog,en.wikipedia.org,encyclopedia,office-holder reference,1,mlas-wb-as-sk
https://en.wikipedia.org/wiki/Ajay_Arjun_Singh,en.wikipedia.org,encyclopedia,office-holder reference,1,mlas-mp-cg-rj
https://en.wikipedia.org/wiki/Ajay_Chandrakar,en.wikipedia.org,encyclopedia,office-holder reference,1,mlas-mp-cg-rj
https://en.wikipedia.org/wiki/Ajay_Choudhari,en.wikipedia.org,encyclopedia,office-holder reference,1,mlas-mh-gj-ga
https://en.wikipedia.org/wiki/Ajay_Dutt,en.wikipedia.org,encyclopedia,office-holder reference,1,mlas-pb-hr-hp-dl
https://en.wikipedia.org/wiki/Ajay_Gupta,en.wikipedia.org,encyclopedia,office-holder reference,1,mlas-pb-hr-hp-dl
https://en.wikipedia.org/wiki/Ajay_Kumar_Kushwaha,en.wikipedia.org,encyclopedia,office-holder reference,1,mlas-br-jh-od
https://en.wikipedia.org/wiki/Ajay_Kumar_Poddar,en.wikipedia.org,encyclopedia,office-holder reference,1,mlas-wb-as-sk
"https://en.wikipedia.org/wiki/Ajay_Kumar_Singh_(Bihar_politician,_Rashtriya_Janata_Dal)",en.wikipedia.org,encyclopedia,office-holder reference,1,mlas-br-jh-od
https://en.wikipedia.org/wiki/Ajay_Kumar_Sood,en.wikipedia.org,encyclopedia,office-holder reference,1,core-apex
https://en.wikipedia.org/wiki/Ajay_Kushwaha,en.wikipedia.org,encyclopedia,office-holder reference,1,mlas-br-jh-od
https://en.wikipedia.org/wiki/Ajay_Mahawar,en.wikipedia.org,encyclopedia,office-holder reference,1,mlas-pb-hr-hp-dl
https://en.wikipedia.org/wiki/Ajay_Maken,en.wikipedia.org,encyclopedia,office-holder reference,1,parliament-rajya-sabha
https://en.wikipedia.org/wiki/Ajay_Narayan_Jha,en.wikipedia.org,encyclopedia,office-holder reference,1,constitutional-bodies
https://en.wikipedia.org/wiki/Ajay_Ray,en.wikipedia.org,encyclopedia,office-holder reference,1,mlas-wb-as-sk
https://en.wikipedia.org/wiki/Ajay_Singh_(Karnataka_politician),en.wikipedia.org,encyclopedia,office-holder reference,1,mlas-ka-ap-tg
https://en.wikipedia.org/wiki/Ajay_Singh_Kilak,en.wikipedia.org,encyclopedia,office-holder reference,1,mlas-mp-cg-rj
https://en.wikipedia.org/wiki/Ajay_Solanki,en.wikipedia.org,encyclopedia,office-holder reference,1,mlas-pb-hr-hp-dl
https://en.wikipedia.org/wiki/Ajay_Vishnoi,en.wikipedia.org,encyclopedia,office-holder reference,1,mlas-mp-cg-rj
https://en.wikipedia.org/wiki/Ajaz_Ahmed_Jan,en.wikipedia.org,encyclopedia,office-holder reference,1,mlas-jk-ar-mn-ml
https://en.wikipedia.org/wiki/Ajit_Gopchade,en.wikipedia.org,encyclopedia,office-holder reference,1,parliament-rajya-sabha
https://en.wikipedia.org/wiki/Ajit_Kumar_Jana,en.wikipedia.org,encyclopedia,office-holder reference,1,mlas-wb-as-sk
https://en.wikipedia.org/wiki/Ajit_Pal_Singh_Kohli,en.wikipedia.org,encyclopedia,office-holder reference,1,mlas-pb-hr-hp-dl
https://en.wikipedia.org/wiki/Ajit_Pawar,en.wikipedia.org,encyclopedia,office-holder,1,states-mh-gj-ga
https://en.wikipedia.org/wiki/Ajit_Singh_(Bihar_politician),en.wikipedia.org,encyclopedia,office-holder reference,1,mlas-br-jh-od
https://en.wikipedia.org/wiki/Akash_Dasnayak,en.wikipedia.org,encyclopedia,office-holder reference,1,mlas-br-jh-od
https://en.wikipedia.org/wiki/Akash_Pandurang_Fundkar,en.wikipedia.org,encyclopedia,office-holder reference,1,mlas-mh-gj-ga
https://en.wikipedia.org/wiki/Akbaruddin_Owaisi,en.wikipedia.org,encyclopedia,office-holder reference,1,mlas-ka-ap-tg
https://en.wikipedia.org/wiki/Akepati_Amarnath_Reddy,en.wikipedia.org,encyclopedia,office-holder reference,1,mlas-ka-ap-tg
https://en.wikipedia.org/wiki/Akhil_Gogoi,en.wikipedia.org,encyclopedia,office-holder reference,1,mlas-wb-as-sk
https://en.wikipedia.org/wiki/Akhila_Chandra_Naik,en.wikipedia.org,encyclopedia,office-holder reference,1,mlas-br-jh-od
https://en.wikipedia.org/wiki/Akhilesh_Prasad_Singh,en.wikipedia.org,encyclopedia,office-holder reference,1,parliament-rajya-sabha
https://en.wikipedia.org/wiki/Akhruzzaman,en.wikipedia.org,encyclopedia,office-holder reference,1,mlas-wb-as-sk
https://en.wikipedia.org/wiki/Akhtarul_Iman,en.wikipedia.org,encyclopedia,office-holder reference,1,mlas-br-jh-od
https://en.wikipedia.org/wiki/Akram_Khan_(politician),en.wikipedia.org,encyclopedia,office-holder reference,1,mlas-pb-hr-hp-dl
https://en.wikipedia.org/wiki/Akshaykumar_Patel,en.wikipedia.org,encyclopedia,office-holder reference,1,mlas-mh-gj-ga
https://en.wikipedia.org/wiki/Alapati_Rajendra_Prasad,en.wikipedia.org,encyclopedia,office-holder reference,1,mlas-ka-ap-tg
https://en.wikipedia.org/wiki/Aleixo_Lourenco,en.wikipedia.org,encyclopedia,office-holder reference,1,mlas-mh-gj-ga
https://en.wikipedia.org/wiki/Aleixo_Sequeira,en.wikipedia.org,encyclopedia,office-holder reference,1,mlas-mh-gj-ga
https://en.wikipedia.org/wiki/Alexander_Laloo_Hek,en.wikipedia.org,encyclopedia,office-holder reference,1,mlas-jk-ar-mn-ml
https://en.wikipedia.org/wiki/Ali_Mohammad_Dar,en.wikipedia.org,encyclopedia,office-holder reference,1,mlas-jk-ar-mn-ml
https://en.wikipedia.org/wiki/Ali_Mohammad_Sagar,en.wikipedia.org,encyclopedia,office-holder reference,1,mlas-jk-ar-mn-ml
https://en.wikipedia.org/wiki/Alifa_Ahmed,en.wikipedia.org,encyclopedia,office-holder reference,1,mlas-wb-as-sk
https://en.wikipedia.org/wiki/Alka_Gurjar,en.wikipedia.org,encyclopedia,office-holder reference,1,parliament-rajya-sabha
https://en.wikipedia.org/wiki/All_India_Council_for_Technical_Education,en.wikipedia.org,encyclopedia,entity facts,1,ministries-f
https://en.wikipedia.org/wiki/Allamprabhu_Patil,en.wikipedia.org,encyclopedia,office-holder reference,1,mlas-ka-ap-tg
https://en.wikipedia.org/wiki/Alleti_Maheshwar_Reddy,en.wikipedia.org,encyclopedia,office-holder reference,1,mlas-ka-ap-tg
https://en.wikipedia.org/wiki/Alo_Libang,en.wikipedia.org,encyclopedia,office-holder reference,1,mlas-jk-ar-mn-ml
https://en.wikipedia.org/wiki/Alok_Aradhe,en.wikipedia.org,encyclopedia,office-holder reference,1,judiciary-supreme-court
https://en.wikipedia.org/wiki/Alok_Kumar_Chaurasiya,en.wikipedia.org,encyclopedia,office-holder reference,1,mlas-br-jh-od
https://en.wikipedia.org/wiki/Alok_Kumar_Mehta,en.wikipedia.org,encyclopedia,office-holder reference,1,mlas-br-jh-od
https://en.wikipedia.org/wiki/Alok_Kumar_Soren,en.wikipedia.org,encyclopedia,office-holder reference,1,mlas-br-jh-od
https://en.wikipedia.org/wiki/Alpesh_Thakor,en.wikipedia.org,encyclopedia,office-holder reference,1,mlas-mh-gj-ga
https://en.wikipedia.org/wiki/Altaf_Ahmad_Wani,en.wikipedia.org,encyclopedia,office-holder reference,1,mlas-jk-ar-mn-ml
https://en.wikipedia.org/wiki/Altone_D%27Costa,en.wikipedia.org,encyclopedia,office-holder reference,1,mlas-mh-gj-ga
https://en.wikipedia.org/wiki/Amal_Kumar_Panda,en.wikipedia.org,encyclopedia,office-holder reference,1,mlas-wb-as-sk
https://en.wikipedia.org/wiki/Amal_Mahadik,en.wikipedia.org,encyclopedia,office-holder reference,1,mlas-mh-gj-ga
https://en.wikipedia.org/wiki/Amanatullah_Khan,en.wikipedia.org,encyclopedia,office-holder reference,1,mlas-pb-hr-hp-dl
https://en.wikipedia.org/wiki/Amandeep_Kaur_Arora,en.wikipedia.org,encyclopedia,office-holder reference,1,mlas-pb-hr-hp-dl
https://en.wikipedia.org/wiki/Amandeep_Singh_Musafir,en.wikipedia.org,encyclopedia,office-holder reference,1,mlas-pb-hr-hp-dl
https://en.wikipedia.org/wiki/Amansher_Singh,en.wikipedia.org,encyclopedia,office-holder reference,1,mlas-pb-hr-hp-dl
https://en.wikipedia.org/wiki/Amar_Agrawal,en.wikipedia.org,encyclopedia,office-holder reference,1,mlas-mp-cg-rj
https://en.wikipedia.org/wiki/Amar_Kumar_Nayak,en.wikipedia.org,encyclopedia,office-holder reference,1,mlas-br-jh-od
https://en.wikipedia.org/wiki/Amar_Singh_Yadav,en.wikipedia.org,encyclopedia,office-holder reference,1,mlas-mp-cg-rj
https://en.wikipedia.org/wiki/Amarendra_Das,en.wikipedia.org,encyclopedia,office-holder reference,1,mlas-br-jh-od
https://en.wikipedia.org/wiki/Amarnath_Rajurkar,en.wikipedia.org,encyclopedia,office-holder reference,1,mlas-mh-gj-ga
https://en.wikipedia.org/wiki/Amarnath_Shakha,en.wikipedia.org,encyclopedia,office-holder reference,1,mlas-wb-as-sk
https://en.wikipedia.org/wiki/Amarpal_Maurya,en.wikipedia.org,encyclopedia,office-holder reference,1,parliament-rajya-sabha
https://en.wikipedia.org/wiki/Amarpal_Singh,en.wikipedia.org,encyclopedia,office-holder reference,1,mlas-pb-hr-hp-dl
https://en.wikipedia.org/wiki/Ambadas_Danve,en.wikipedia.org,encyclopedia,office-holder reference,1,mlas-mh-gj-ga
https://en.wikipedia.org/wiki/Ambika_Markam,en.wikipedia.org,encyclopedia,office-holder reference,1,mlas-mp-cg-rj
https://en.wikipedia.org/wiki/Ambrish_Sharma,en.wikipedia.org,encyclopedia,office-holder reference,1,mlas-mp-cg-rj
https://en.wikipedia.org/wiki/Ameet_Bhaskar_Satam,en.wikipedia.org,encyclopedia,office-holder reference,1,mlas-mh-gj-ga
https://en.wikipedia.org/wiki/Amilineni_Surendra_Babu,en.wikipedia.org,encyclopedia,office-holder reference,1,mlas-ka-ap-tg
https://en.wikipedia.org/wiki/Amin_Patel,en.wikipedia.org,encyclopedia,office-holder reference,1,mlas-mh-gj-ga
https://en.wikipedia.org/wiki/Aminuddin_Kagzi,en.wikipedia.org,encyclopedia,office-holder reference,1,mlas-mp-cg-rj
https://en.wikipedia.org/wiki/Aminul_Haque_Laskar,en.wikipedia.org,encyclopedia,office-holder reference,1,mlas-wb-as-sk
https://en.wikipedia.org/wiki/Aminur_Rashid_Choudhury,en.wikipedia.org,encyclopedia,office-holder reference,1,mlas-wb-as-sk
https://en.wikipedia.org/wiki/Amit_Chachan,en.wikipedia.org,encyclopedia,office-holder reference,1,mlas-mp-cg-rj
https://en.wikipedia.org/wiki/Amit_Chavda,en.wikipedia.org,encyclopedia,office-holder reference,1,mlas-mh-gj-ga
https://en.wikipedia.org/wiki/Amit_Deshmukh,en.wikipedia.org,encyclopedia,office-holder reference,1,mlas-mh-gj-ga
https://en.wikipedia.org/wiki/Amit_Gorkhe,en.wikipedia.org,encyclopedia,office-holder reference,1,mlas-mh-gj-ga
https://en.wikipedia.org/wiki/Amit_Kumar_Yadav,en.wikipedia.org,encyclopedia,office-holder reference,1,mlas-br-jh-od
https://en.wikipedia.org/wiki/Amit_Mahto,en.wikipedia.org,encyclopedia,office-holder reference,1,mlas-br-jh-od
https://en.wikipedia.org/wiki/Amit_Rattan_Kotfatta,en.wikipedia.org,encyclopedia,office-holder reference,1,mlas-pb-hr-hp-dl
https://en.wikipedia.org/wiki/Amit_Samanta,en.wikipedia.org,encyclopedia,office-holder reference,1,mlas-wb-as-sk
https://en.wikipedia.org/wiki/Amit_Shah_(mayor),en.wikipedia.org,encyclopedia,office-holder reference,1,mlas-mh-gj-ga
https://en.wikipedia.org/wiki/Amit_Subhashrao_Zanak,en.wikipedia.org,encyclopedia,office-holder reference,1,mlas-mh-gj-ga
https://en.wikipedia.org/wiki/Amit_Thaker,en.wikipedia.org,encyclopedia,office-holder reference,1,mlas-mh-gj-ga
https://en.wikipedia.org/wiki/Amiya_Kanti_Das,en.wikipedia.org,encyclopedia,office-holder reference,1,mlas-wb-as-sk
https://en.wikipedia.org/wiki/Amiya_Kisku,en.wikipedia.org,encyclopedia,office-holder reference,1,mlas-wb-as-sk
https://en.wikipedia.org/wiki/Amlan_Bhaduri,en.wikipedia.org,encyclopedia,office-holder reference,1,mlas-wb-as-sk
https://en.wikipedia.org/wiki/Amol_Haribhau_Jawale,en.wikipedia.org,encyclopedia,office-holder reference,1,mlas-mh-gj-ga
https://en.wikipedia.org/wiki/Amol_Khatal,en.wikipedia.org,encyclopedia,office-holder reference,1,mlas-mh-gj-ga
https://en.wikipedia.org/wiki/Amol_Patil,en.wikipedia.org,encyclopedia,office-holder reference,1,mlas-mh-gj-ga
https://en.wikipedia.org/wiki/Amolak_Singh,en.wikipedia.org,encyclopedia,office-holder reference,1,mlas-pb-hr-hp-dl
https://en.wikipedia.org/wiki/Ampareen_Lyngdoh,en.wikipedia.org,encyclopedia,office-holder reference,1,mlas-jk-ar-mn-ml
https://en.wikipedia.org/wiki/Amrendra_Kumar_Pandey,en.wikipedia.org,encyclopedia,office-holder reference,1,mlas-br-jh-od
https://en.wikipedia.org/wiki/Amrendra_Kushwaha,en.wikipedia.org,encyclopedia,office-holder reference,1,mlas-br-jh-od
https://en.wikipedia.org/wiki/Amreshwar_Pratap_Sahi,en.wikipedia.org,encyclopedia,office-holder reference,1,judiciary-tribunals
https://en.wikipedia.org/wiki/Amrish_Patel,en.wikipedia.org,encyclopedia,office-holder reference,1,mlas-mh-gj-ga
https://en.wikipedia.org/wiki/Amritpal_Singh_Sukhanand,en.wikipedia.org,encyclopedia,office-holder reference,1,mlas-pb-hr-hp-dl
https://en.wikipedia.org/wiki/Amrutbhai_Thakor,en.wikipedia.org,encyclopedia,office-holder reference,1,mlas-mh-gj-ga
https://en.wikipedia.org/wiki/Amul_Bhatt,en.wikipedia.org,encyclopedia,office-holder reference,1,mlas-mh-gj-ga
https://en.wikipedia.org/wiki/Anadi_Ghosh,en.wikipedia.org,encyclopedia,office-holder reference,1,mlas-wb-as-sk
https://en.wikipedia.org/wiki/Anagani_Satya_Prasad,en.wikipedia.org,encyclopedia,office-holder reference,1,mlas-ka-ap-tg
https://en.wikipedia.org/wiki/Anam_Ramanarayana_Reddy,en.wikipedia.org,encyclopedia,office-holder reference,1,mlas-ka-ap-tg
https://en.wikipedia.org/wiki/Anamika_Singh_Patel,en.wikipedia.org,encyclopedia,office-holder reference,1,mlas-br-jh-od
https://en.wikipedia.org/wiki/Anand_Mishra,en.wikipedia.org,encyclopedia,office-holder reference,1,mlas-br-jh-od
https://en.wikipedia.org/wiki/Anand_Tidke,en.wikipedia.org,encyclopedia,office-holder reference,1,mlas-mh-gj-ga
https://en.wikipedia.org/wiki/Anandamoy_Barman,en.wikipedia.org,encyclopedia,office-holder reference,1,mlas-wb-as-sk
https://en.wikipedia.org/wiki/Anant_Kumar_Singh,en.wikipedia.org,encyclopedia,office-holder reference,1,mlas-br-jh-od
https://en.wikipedia.org/wiki/Anant_Maharaj,en.wikipedia.org,encyclopedia,office-holder reference,1,parliament-rajya-sabha
https://en.wikipedia.org/wiki/Anant_Nar,en.wikipedia.org,encyclopedia,office-holder reference,1,mlas-mh-gj-ga
https://en.wikipedia.org/wiki/Anant_Patel,en.wikipedia.org,encyclopedia,office-holder reference,1,mlas-mh-gj-ga
https://en.wikipedia.org/wiki/Anant_Pratap_Deo,en.wikipedia.org,encyclopedia,office-holder reference,1,mlas-br-jh-od
https://en.wikipedia.org/wiki/Ananta_Babu,en.wikipedia.org,encyclopedia,office-holder reference,1,mlas-ka-ap-tg
https://en.wikipedia.org/wiki/Ananta_Deb_Adhikari_(Politician),en.wikipedia.org,encyclopedia,office-holder reference,1,mlas-wb-as-sk
https://en.wikipedia.org/wiki/Ananta_Narayan_Jena,en.wikipedia.org,encyclopedia,office-holder reference,1,mlas-br-jh-od
https://en.wikipedia.org/wiki/Anbumani_Ramadoss,en.wikipedia.org,encyclopedia,office-holder reference,1,parliament-rajya-sabha
https://en.wikipedia.org/wiki/Andaman_and_Nicobar_Command,en.wikipedia.org,encyclopedia,entity facts,1,ministries-b2
https://en.wikipedia.org/wiki/Andhra_Pradesh_State_Human_Rights_Commission,en.wikipedia.org,encyclopedia,office-holder,1,states-ka-ap-tg
https://en.wikipedia.org/wiki/Aniket_Tatkare,en.wikipedia.org,encyclopedia,office-holder reference,1,mlas-mh-gj-ga
https://en.wikipedia.org/wiki/Aniket_Thakar,en.wikipedia.org,encyclopedia,office-holder reference,1,mlas-mh-gj-ga
https://en.wikipedia.org/wiki/Anil_Bhaidas_Patil,en.wikipedia.org,encyclopedia,office-holder reference,1,mlas-mh-gj-ga
https://en.wikipedia.org/wiki/Anil_Bonde,en.wikipedia.org,encyclopedia,office-holder reference,1,parliament-rajya-sabha
https://en.wikipedia.org/wiki/Anil_Chikkamadhu,en.wikipedia.org,encyclopedia,office-holder reference,1,mlas-ka-ap-tg
https://en.wikipedia.org/wiki/Anil_Goyal,en.wikipedia.org,encyclopedia,office-holder reference,1,mlas-pb-hr-hp-dl
https://en.wikipedia.org/wiki/Anil_Jadhav,en.wikipedia.org,encyclopedia,office-holder reference,1,mlas-ka-ap-tg
https://en.wikipedia.org/wiki/Anil_Jain_(Madhya_Pradesh_politician),en.wikipedia.org,encyclopedia,office-holder reference,1,mlas-mp-cg-rj
https://en.wikipedia.org/wiki/Anil_Jain_Kaluheda,en.wikipedia.org,encyclopedia,office-holder reference,1,mlas-mp-cg-rj
https://en.wikipedia.org/wiki/Anil_Jha_Vats,en.wikipedia.org,encyclopedia,office-holder reference,1,mlas-pb-hr-hp-dl
https://en.wikipedia.org/wiki/Anil_Kumar_(born_1987),en.wikipedia.org,encyclopedia,office-holder reference,1,mlas-br-jh-od
https://en.wikipedia.org/wiki/Anil_Kumar_Katara,en.wikipedia.org,encyclopedia,office-holder reference,1,mlas-mp-cg-rj
https://en.wikipedia.org/wiki/Anil_Kumar_Sharma_(Delhi_politician),en.wikipedia.org,encyclopedia,office-holder reference,1,mlas-pb-hr-hp-dl
https://en.wikipedia.org/wiki/Anil_Kumar_Sharma_(Rajasthan_politician),en.wikipedia.org,encyclopedia,office-holder reference,1,mlas-mp-cg-rj
https://en.wikipedia.org/wiki/Anil_Parab,en.wikipedia.org,encyclopedia,office-holder reference,1,mlas-mh-gj-ga
https://en.wikipedia.org/wiki/Anil_Sharma_(Bihar_politician),en.wikipedia.org,encyclopedia,office-holder reference,1,mlas-br-jh-od
https://en.wikipedia.org/wiki/Anil_Sharma_(Himachal_Pradesh_politician),en.wikipedia.org,encyclopedia,office-holder reference,1,mlas-pb-hr-hp-dl
https://en.wikipedia.org/wiki/Anil_Singh_(politician),en.wikipedia.org,encyclopedia,office-holder reference,1,mlas-br-jh-od
https://en.wikipedia.org/wiki/Anil_Thakur,en.wikipedia.org,encyclopedia,office-holder reference,1,mlas-br-jh-od
https://en.wikipedia.org/wiki/Anil_Yadav,en.wikipedia.org,encyclopedia,office-holder reference,1,mlas-pb-hr-hp-dl
https://en.wikipedia.org/wiki/Anila_Bhediya,en.wikipedia.org,encyclopedia,office-holder reference,1,mlas-mp-cg-rj
https://en.wikipedia.org/wiki/Animesh_Debbarma,en.wikipedia.org,encyclopedia,office-holder reference,1,mlas-mz-nl-tr
https://en.wikipedia.org/wiki/Aniruddha_Dave,en.wikipedia.org,encyclopedia,office-holder reference,1,mlas-mh-gj-ga
https://en.wikipedia.org/wiki/Aniruddha_Maroo,en.wikipedia.org,encyclopedia,office-holder reference,1,mlas-mp-cg-rj
https://en.wikipedia.org/wiki/Aniruddha_Prasad_Yadav,en.wikipedia.org,encyclopedia,office-holder reference,1,mlas-br-jh-od
https://en.wikipedia.org/wiki/Anirudh_Singh_(Himachal_Pradesh_politician),en.wikipedia.org,encyclopedia,office-holder reference,1,mlas-pb-hr-hp-dl
https://en.wikipedia.org/wiki/Anisur_Rahaman_Bidesh,en.wikipedia.org,encyclopedia,office-holder reference,1,mlas-wb-as-sk
https://en.wikipedia.org/wiki/Anita_Bhadel,en.wikipedia.org,encyclopedia,office-holder reference,1,mlas-mp-cg-rj
https://en.wikipedia.org/wiki/Anita_Jatav,en.wikipedia.org,encyclopedia,office-holder reference,1,mlas-mp-cg-rj
https://en.wikipedia.org/wiki/Anita_Mahto,en.wikipedia.org,encyclopedia,office-holder reference,1,mlas-br-jh-od
https://en.wikipedia.org/wiki/Anitha_R._Radhakrishnan,en.wikipedia.org,encyclopedia,office-holder reference,1,mlas-tn-kl-py
https://en.wikipedia.org/wiki/Anmol_Gagan_Maan,en.wikipedia.org,encyclopedia,office-holder reference,1,mlas-pb-hr-hp-dl
https://en.wikipedia.org/wiki/Anna_Bansode,en.wikipedia.org,encyclopedia,office-holder reference,1,mlas-mh-gj-ga
https://en.wikipedia.org/wiki/Anoop_Jacob,en.wikipedia.org,encyclopedia,office-holder reference,1,mlas-tn-kl-py
https://en.wikipedia.org/wiki/Anshuman_Singh_Bhati,en.wikipedia.org,encyclopedia,office-holder reference,1,mlas-mp-cg-rj
https://en.wikipedia.org/wiki/Antara_Sarkar_Deb,en.wikipedia.org,encyclopedia,office-holder reference,1,mlas-mz-nl-tr
https://en.wikipedia.org/wiki/Antonio_Vas,en.wikipedia.org,encyclopedia,office-holder reference,1,mlas-mh-gj-ga
https://en.wikipedia.org/wiki/Anubha_Munjare,en.wikipedia.org,encyclopedia,office-holder reference,1,mlas-mp-cg-rj
https://en.wikipedia.org/wiki/Anuj_Sharma_(actor),en.wikipedia.org,encyclopedia,office-holder reference,1,mlas-mp-cg-rj
https://en.wikipedia.org/wiki/Anumula_Revanth_Reddy,en.wikipedia.org,encyclopedia,office-holder reference,1,mlas-ka-ap-tg
https://en.wikipedia.org/wiki/Anup_Agrawal_(politician),en.wikipedia.org,encyclopedia,office-holder reference,1,mlas-mh-gj-ga
https://en.wikipedia.org/wiki/Anup_Kumar_Saha_(Dubrajpur_MLA),en.wikipedia.org,encyclopedia,office-holder reference,1,mlas-wb-as-sk
https://en.wikipedia.org/wiki/Anupam_Biswas,en.wikipedia.org,encyclopedia,office-holder reference,1,mlas-wb-as-sk
https://en.wikipedia.org/wiki/Anupam_Ghosh,en.wikipedia.org,encyclopedia,office-holder reference,1,mlas-wb-as-sk
https://en.wikipedia.org/wiki/Anuradha_Chavan,en.wikipedia.org,encyclopedia,office-holder reference,1,mlas-mh-gj-ga
https://en.wikipedia.org/wiki/Anuradha_Rana,en.wikipedia.org,encyclopedia,office-holder reference,1,mlas-pb-hr-hp-dl
https://en.wikipedia.org/wiki/Anusandhan_National_Research_Foundation,en.wikipedia.org,encyclopedia,entity facts,1,ministries-g
https://en.wikipedia.org/wiki/Anwar_Sadath,en.wikipedia.org,encyclopedia,office-holder reference,1,mlas-tn-kl-py
https://en.wikipedia.org/wiki/Aparesh_Kumar_Singh,en.wikipedia.org,encyclopedia,office-holder reference,1,judiciary-high-courts
https://en.wikipedia.org/wiki/Apu_John_Joseph,en.wikipedia.org,encyclopedia,office-holder reference,1,mlas-tn-kl-py
https://en.wikipedia.org/wiki/Araga_Jnanendra,en.wikipedia.org,encyclopedia,office-holder reference,1,mlas-ka-ap-tg
https://en.wikipedia.org/wiki/Arani_Srinivasulu,en.wikipedia.org,encyclopedia,office-holder reference,1,mlas-ka-ap-tg
https://en.wikipedia.org/wiki/Arava_Sreedhar,en.wikipedia.org,encyclopedia,office-holder reference,1,mlas-ka-ap-tg
https://en.wikipedia.org/wiki/Aravind_Kumar,en.wikipedia.org,encyclopedia,office-holder reference,1,judiciary-supreme-court
https://en.wikipedia.org/wiki/Arbail_Hebbar_Shivaram,en.wikipedia.org,encyclopedia,office-holder reference,1,mlas-ka-ap-tg
https://en.wikipedia.org/wiki/Arbinstone_B._Marak,en.wikipedia.org,encyclopedia,office-holder reference,1,mlas-jk-ar-mn-ml
https://en.wikipedia.org/wiki/Archana_Chitnis,en.wikipedia.org,encyclopedia,office-holder reference,1,mlas-mp-cg-rj
https://en.wikipedia.org/wiki/Ardent_Miller_Basaiawmoit,en.wikipedia.org,encyclopedia,office-holder reference,1,mlas-jk-ar-mn-ml
https://en.wikipedia.org/wiki/Arekapudi_Gandhi,en.wikipedia.org,encyclopedia,office-holder reference,1,mlas-ka-ap-tg
https://en.wikipedia.org/wiki/Arif_Aqueel,en.wikipedia.org,encyclopedia,office-holder reference,1,mlas-mp-cg-rj
https://en.wikipedia.org/wiki/Arif_Masood,en.wikipedia.org,encyclopedia,office-holder reference,1,mlas-mp-cg-rj
https://en.wikipedia.org/wiki/Arijit_Bakshi,en.wikipedia.org,encyclopedia,office-holder reference,1,mlas-wb-as-sk
https://en.wikipedia.org/wiki/Arijit_Roy,en.wikipedia.org,encyclopedia,office-holder reference,1,mlas-wb-as-sk
https://en.wikipedia.org/wiki/Arimilli_Radha_Krishna,en.wikipedia.org,encyclopedia,office-holder reference,1,mlas-ka-ap-tg
https://en.wikipedia.org/wiki/Arjun_Chautala,en.wikipedia.org,encyclopedia,office-holder reference,1,mlas-pb-hr-hp-dl
https://en.wikipedia.org/wiki/Arjun_Khotkar,en.wikipedia.org,encyclopedia,office-holder reference,1,mlas-mh-gj-ga
https://en.wikipedia.org/wiki/Arjun_Lal_Garg,en.wikipedia.org,encyclopedia,office-holder reference,1,mlas-mp-cg-rj
https://en.wikipedia.org/wiki/Arjun_Lal_Jingar,en.wikipedia.org,encyclopedia,office-holder reference,1,mlas-mp-cg-rj
https://en.wikipedia.org/wiki/Arjun_Modhwadia,en.wikipedia.org,encyclopedia,office-holder reference,1,mlas-mh-gj-ga
https://en.wikipedia.org/wiki/Arjun_Singh_(West_Bengal_politician),en.wikipedia.org,encyclopedia,office-holder reference,1,mlas-wb-as-sk
https://en.wikipedia.org/wiki/Arjun_Singh_Bamniya,en.wikipedia.org,encyclopedia,office-holder reference,1,mlas-mp-cg-rj
https://en.wikipedia.org/wiki/Arjun_Singh_Raju,en.wikipedia.org,encyclopedia,office-holder reference,1,mlas-jk-ar-mn-ml
https://en.wikipedia.org/wiki/Arjunsinh_Udesinh_Chauhan,en.wikipedia.org,encyclopedia,office-holder reference,1,mlas-mh-gj-ga
https://en.wikipedia.org/wiki/Army_Training_Command,en.wikipedia.org,encyclopedia,office-holder,1,ministries-b2
https://en.wikipedia.org/wiki/Arrah_Municipal_Corporation,en.wikipedia.org,encyclopedia,entity facts,1,states-br-jh-od
https://en.wikipedia.org/wiki/Arul_Prakasam._M,en.wikipedia.org,encyclopedia,office-holder reference,1,mlas-tn-kl-py
https://en.wikipedia.org/wiki/Arul_Vignesh,en.wikipedia.org,encyclopedia,office-holder reference,1,mlas-tn-kl-py
https://en.wikipedia.org/wiki/Arun_Bhansali,en.wikipedia.org,encyclopedia,office-holder reference,1,judiciary-high-courts
https://en.wikipedia.org/wiki/Arun_Bhimawad,en.wikipedia.org,encyclopedia,office-holder reference,1,mlas-mp-cg-rj
https://en.wikipedia.org/wiki/Arun_Choudhary,en.wikipedia.org,encyclopedia,office-holder reference,1,mlas-mp-cg-rj
https://en.wikipedia.org/wiki/Arun_Halder,en.wikipedia.org,encyclopedia,office-holder reference,1,mlas-wb-as-sk
https://en.wikipedia.org/wiki/Arun_Kumar_Sahoo,en.wikipedia.org,encyclopedia,office-holder reference,1,mlas-br-jh-od
https://en.wikipedia.org/wiki/Arun_Kumar_Singh_(Bihar_politician),en.wikipedia.org,encyclopedia,office-holder reference,1,mlas-br-jh-od
https://en.wikipedia.org/wiki/Arun_Kumar_Upreti,en.wikipedia.org,encyclopedia,office-holder reference,1,mlas-wb-as-sk
https://en.wikipedia.org/wiki/Arun_Lad,en.wikipedia.org,encyclopedia,office-holder reference,1,mlas-mh-gj-ga
https://en.wikipedia.org/wiki/Arun_Palli,en.wikipedia.org,encyclopedia,office-holder reference,1,judiciary-supreme-court
https://en.wikipedia.org/wiki/Arun_Shankar_Prasad,en.wikipedia.org,encyclopedia,office-holder reference,1,mlas-br-jh-od
"https://en.wikipedia.org/wiki/Arun_Singh_(politician,_born_1965)",en.wikipedia.org,encyclopedia,office-holder reference,1,parliament-rajya-sabha
https://en.wikipedia.org/wiki/Arun_Singh_Kushwaha,en.wikipedia.org,encyclopedia,office-holder reference,1,mlas-br-jh-od
https://en.wikipedia.org/wiki/Aruna_Chaudhary,en.wikipedia.org,encyclopedia,office-holder reference,1,mlas-pb-hr-hp-dl
https://en.wikipedia.org/wiki/Arunava_Sen_(politician),en.wikipedia.org,encyclopedia,office-holder reference,1,mlas-wb-as-sk
https://en.wikipedia.org/wiki/Arunsinh_Rana,en.wikipedia.org,encyclopedia,office-holder reference,1,mlas-mh-gj-ga
https://en.wikipedia.org/wiki/Arup_Chatterjee,en.wikipedia.org,encyclopedia,office-holder reference,1,mlas-br-jh-od
https://en.wikipedia.org/wiki/Arup_Kumar_Das,en.wikipedia.org,encyclopedia,office-holder reference,1,mlas-wb-as-sk
https://en.wikipedia.org/wiki/Arup_Kumar_Das_(Singur_politician),en.wikipedia.org,encyclopedia,office-holder reference,1,mlas-wb-as-sk
https://en.wikipedia.org/wiki/Arup_Kumar_Dey,en.wikipedia.org,encyclopedia,office-holder reference,1,mlas-wb-as-sk
https://en.wikipedia.org/wiki/Arup_Roy,en.wikipedia.org,encyclopedia,office-holder reference,1,mlas-wb-as-sk
https://en.wikipedia.org/wiki/Arvind_Bellad,en.wikipedia.org,encyclopedia,office-holder reference,1,mlas-ka-ap-tg
https://en.wikipedia.org/wiki/Arvind_Gupta,en.wikipedia.org,encyclopedia,office-holder reference,1,mlas-jk-ar-mn-ml
https://en.wikipedia.org/wiki/Arvind_Mohapatra,en.wikipedia.org,encyclopedia,office-holder reference,1,mlas-br-jh-od
https://en.wikipedia.org/wiki/Arvind_Patel,en.wikipedia.org,encyclopedia,office-holder reference,1,mlas-mh-gj-ga
https://en.wikipedia.org/wiki/Arvind_Pateriya,en.wikipedia.org,encyclopedia,office-holder reference,1,mlas-mp-cg-rj
https://en.wikipedia.org/wiki/Arvind_Rana,en.wikipedia.org,encyclopedia,office-holder reference,1,mlas-mh-gj-ga
https://en.wikipedia.org/wiki/Arvindbhai_Ladani,en.wikipedia.org,encyclopedia,office-holder reference,1,mlas-mh-gj-ga
https://en.wikipedia.org/wiki/Arvinder_Singh_Lovely,en.wikipedia.org,encyclopedia,office-holder reference,1,mlas-pb-hr-hp-dl
https://en.wikipedia.org/wiki/Aryadan_Shoukath,en.wikipedia.org,encyclopedia,office-holder reference,1,mlas-tn-kl-py
https://en.wikipedia.org/wiki/Asansol_Municipal_Corporation,en.wikipedia.org,encyclopedia,entity facts,1,states-wb-as-sk
https://en.wikipedia.org/wiki/Ashab_Uddin,en.wikipedia.org,encyclopedia,office-holder reference,1,mlas-jk-ar-mn-ml
https://en.wikipedia.org/wiki/Ashim_Biswas_(politician),en.wikipedia.org,encyclopedia,office-holder reference,1,mlas-wb-as-sk
https://en.wikipedia.org/wiki/Ashim_Kumar_Biswas,en.wikipedia.org,encyclopedia,office-holder reference,1,mlas-wb-as-sk
https://en.wikipedia.org/wiki/Ashish_Butail,en.wikipedia.org,encyclopedia,office-holder reference,1,mlas-pb-hr-hp-dl
https://en.wikipedia.org/wiki/Ashish_Deshmukh,en.wikipedia.org,encyclopedia,office-holder reference,1,mlas-mh-gj-ga
https://en.wikipedia.org/wiki/Ashish_Jaiswal,en.wikipedia.org,encyclopedia,office-holder reference,1,mlas-mh-gj-ga
https://en.wikipedia.org/wiki/Ashish_Sharma_(politician),en.wikipedia.org,encyclopedia,office-holder reference,1,mlas-pb-hr-hp-dl
https://en.wikipedia.org/wiki/Ashish_Shelar,en.wikipedia.org,encyclopedia,office-holder reference,1,mlas-mh-gj-ga
https://en.wikipedia.org/wiki/Ashok_Bendalam,en.wikipedia.org,encyclopedia,office-holder reference,1,mlas-ka-ap-tg
https://en.wikipedia.org/wiki/Ashok_Chandna,en.wikipedia.org,encyclopedia,office-holder reference,1,mlas-mp-cg-rj
https://en.wikipedia.org/wiki/Ashok_Chavan,en.wikipedia.org,encyclopedia,office-holder reference,1,parliament-rajya-sabha
https://en.wikipedia.org/wiki/Ashok_Choudhary,en.wikipedia.org,encyclopedia,office-holder reference,1,mlas-br-jh-od
https://en.wikipedia.org/wiki/Ashok_Dinda,en.wikipedia.org,encyclopedia,office-holder reference,1,mlas-wb-as-sk
https://en.wikipedia.org/wiki/Ashok_Gajapathi_Raju_Pusapati,en.wikipedia.org,encyclopedia,office-holder reference,1,states-mh-gj-ga
https://en.wikipedia.org/wiki/Ashok_Gehlot,en.wikipedia.org,encyclopedia,office-holder reference,1,mlas-mp-cg-rj
https://en.wikipedia.org/wiki/Ashok_Goel_(politician),en.wikipedia.org,encyclopedia,office-holder reference,1,mlas-pb-hr-hp-dl
https://en.wikipedia.org/wiki/Ashok_Kirtania,en.wikipedia.org,encyclopedia,office-holder reference,1,mlas-wb-as-sk
https://en.wikipedia.org/wiki/Ashok_Kumar_Agrawal,en.wikipedia.org,encyclopedia,office-holder reference,1,mlas-br-jh-od
https://en.wikipedia.org/wiki/Ashok_Kumar_Arora,en.wikipedia.org,encyclopedia,office-holder reference,1,mlas-pb-hr-hp-dl
https://en.wikipedia.org/wiki/Ashok_Kumar_Deb,en.wikipedia.org,encyclopedia,office-holder reference,1,mlas-wb-as-sk
https://en.wikipedia.org/wiki/Ashok_Kumar_Kothari,en.wikipedia.org,encyclopedia,office-holder reference,1,mlas-mp-cg-rj
https://en.wikipedia.org/wiki/Ashok_Kumar_Pandey,en.wikipedia.org,encyclopedia,office-holder reference,1,mlas-br-jh-od
https://en.wikipedia.org/wiki/Ashok_Kumar_Rai_(Indian_politician),en.wikipedia.org,encyclopedia,office-holder reference,1,mlas-ka-ap-tg
https://en.wikipedia.org/wiki/Ashok_Lahiri,en.wikipedia.org,encyclopedia,office-holder reference,1,core-apex
https://en.wikipedia.org/wiki/Ashok_M._Managuli,en.wikipedia.org,encyclopedia,office-holder reference,1,mlas-ka-ap-tg
https://en.wikipedia.org/wiki/Ashok_Mittal,en.wikipedia.org,encyclopedia,office-holder reference,1,parliament-rajya-sabha
https://en.wikipedia.org/wiki/Ashok_Mohanty,en.wikipedia.org,encyclopedia,office-holder reference,1,mlas-br-jh-od
https://en.wikipedia.org/wiki/Ashok_Patil,en.wikipedia.org,encyclopedia,office-holder reference,1,mlas-mh-gj-ga
https://en.wikipedia.org/wiki/Ashok_Pattan,en.wikipedia.org,encyclopedia,office-holder reference,1,mlas-ka-ap-tg
https://en.wikipedia.org/wiki/Ashok_Prashar_Pappi,en.wikipedia.org,encyclopedia,office-holder reference,1,mlas-pb-hr-hp-dl
https://en.wikipedia.org/wiki/Ashok_Rohani,en.wikipedia.org,encyclopedia,office-holder reference,1,mlas-mp-cg-rj
"https://en.wikipedia.org/wiki/Ashok_Singh_(politician,_born_1963)",en.wikipedia.org,encyclopedia,office-holder reference,1,parliament-rajya-sabha
https://en.wikipedia.org/wiki/Ashok_Singhal,en.wikipedia.org,encyclopedia,office-holder reference,1,mlas-wb-as-sk
https://en.wikipedia.org/wiki/Ashok_Uike,en.wikipedia.org,encyclopedia,office-holder reference,1,mlas-mh-gj-ga
https://en.wikipedia.org/wiki/Ashok_Yadav,en.wikipedia.org,encyclopedia,office-holder reference,1,mlas-br-jh-od
https://en.wikipedia.org/wiki/Ashokrao_Mane,en.wikipedia.org,encyclopedia,office-holder reference,1,mlas-mh-gj-ga
https://en.wikipedia.org/wiki/Ashraf_Ansari,en.wikipedia.org,encyclopedia,office-holder reference,1,mlas-br-jh-od
https://en.wikipedia.org/wiki/Ashrit_Pattanayak,en.wikipedia.org,encyclopedia,office-holder reference,1,mlas-br-jh-od
https://en.wikipedia.org/wiki/Ashutosh_Ashokrao_Kale,en.wikipedia.org,encyclopedia,office-holder reference,1,mlas-mh-gj-ga
https://en.wikipedia.org/wiki/Ashutosh_Kumar,en.wikipedia.org,encyclopedia,office-holder reference,1,judiciary-high-courts
https://en.wikipedia.org/wiki/Ashwamedh_Devi,en.wikipedia.org,encyclopedia,office-holder reference,1,mlas-br-jh-od
https://en.wikipedia.org/wiki/Ashwani_Kumar_Mishra,en.wikipedia.org,encyclopedia,office-holder reference,1,judiciary-high-courts
https://en.wikipedia.org/wiki/Ashwani_Kumar_Sharma_(Punjab_politician),en.wikipedia.org,encyclopedia,office-holder reference,1,mlas-pb-hr-hp-dl
https://en.wikipedia.org/wiki/Ashwini_Kumar_Sarangi,en.wikipedia.org,encyclopedia,office-holder reference,1,mlas-br-jh-od
https://en.wikipedia.org/wiki/Ashwini_Roy_Sarkar,en.wikipedia.org,encyclopedia,office-holder reference,1,mlas-wb-as-sk
https://en.wikipedia.org/wiki/Asif_Ahmad_(politician),en.wikipedia.org,encyclopedia,office-holder reference,1,mlas-br-jh-od
https://en.wikipedia.org/wiki/Asif_Mohammad_Nazar,en.wikipedia.org,encyclopedia,office-holder reference,1,mlas-wb-as-sk
https://en.wikipedia.org/wiki/Asif_Sait,en.wikipedia.org,encyclopedia,office-holder reference,1,mlas-ka-ap-tg
https://en.wikipedia.org/wiki/Asima_Patra,en.wikipedia.org,encyclopedia,office-holder reference,1,mlas-wb-as-sk
https://en.wikipedia.org/wiki/Aslam_Shaikh,en.wikipedia.org,encyclopedia,office-holder reference,1,mlas-mh-gj-ga
https://en.wikipedia.org/wiki/Asoke_Chandra_Mitra,en.wikipedia.org,encyclopedia,office-holder reference,1,mlas-mz-nl-tr
https://en.wikipedia.org/wiki/Assam_Police,en.wikipedia.org,encyclopedia,office-holder,1,states-wb-as-sk
https://en.wikipedia.org/wiki/Aswini_Kumar_Patra,en.wikipedia.org,encyclopedia,office-holder reference,1,mlas-br-jh-od
https://en.wikipedia.org/wiki/Atal_Shrivastava,en.wikipedia.org,encyclopedia,office-holder reference,1,mlas-mp-cg-rj
https://en.wikipedia.org/wiki/Atanasio_Monserrate,en.wikipedia.org,encyclopedia,office-holder reference,1,mlas-mh-gj-ga
https://en.wikipedia.org/wiki/Atirek_Kumar,en.wikipedia.org,encyclopedia,office-holder reference,1,mlas-br-jh-od
https://en.wikipedia.org/wiki/Atishi_Marlena,en.wikipedia.org,encyclopedia,office-holder reference,1,mlas-pb-hr-hp-dl
https://en.wikipedia.org/wiki/Atul_Bhansali,en.wikipedia.org,encyclopedia,office-holder reference,1,mlas-mp-cg-rj
https://en.wikipedia.org/wiki/Atul_Bhatkhalkar,en.wikipedia.org,encyclopedia,office-holder reference,1,mlas-mh-gj-ga
https://en.wikipedia.org/wiki/Atul_Bora_(AGP_politician),en.wikipedia.org,encyclopedia,office-holder reference,1,mlas-wb-as-sk
https://en.wikipedia.org/wiki/Atul_Save,en.wikipedia.org,encyclopedia,office-holder reference,1,mlas-mh-gj-ga
https://en.wikipedia.org/wiki/Atulbaba_Suresh_Bhosale,en.wikipedia.org,encyclopedia,office-holder reference,1,mlas-mh-gj-ga
https://en.wikipedia.org/wiki/Augustine_George_Masih,en.wikipedia.org,encyclopedia,office-holder reference,1,judiciary-supreme-court
https://en.wikipedia.org/wiki/Avidur_Rahman,en.wikipedia.org,encyclopedia,office-holder reference,1,mlas-br-jh-od
https://en.wikipedia.org/wiki/Avinash_Gehlot,en.wikipedia.org,encyclopedia,office-holder reference,1,mlas-mp-cg-rj
https://en.wikipedia.org/wiki/Avinash_Jadhav,en.wikipedia.org,encyclopedia,office-holder reference,1,mlas-ka-ap-tg
https://en.wikipedia.org/wiki/Avtar_Singh_Junior,en.wikipedia.org,encyclopedia,office-holder reference,1,mlas-pb-hr-hp-dl
https://en.wikipedia.org/wiki/Awadhesh_Narain_Singh,en.wikipedia.org,encyclopedia,office-holder reference,1,mlas-br-jh-od
https://en.wikipedia.org/wiki/Awadhesh_Singh,en.wikipedia.org,encyclopedia,office-holder reference,1,mlas-br-jh-od
https://en.wikipedia.org/wiki/Awangbow_Newmai,en.wikipedia.org,encyclopedia,office-holder reference,1,mlas-jk-ar-mn-ml
https://en.wikipedia.org/wiki/Azhaganantham,en.wikipedia.org,encyclopedia,office-holder reference,1,mlas-tn-kl-py
https://en.wikipedia.org/wiki/B_Nagendra,en.wikipedia.org,encyclopedia,office-holder reference,1,mlas-ka-ap-tg
https://en.wikipedia.org/wiki/B._B._Gopakumar,en.wikipedia.org,encyclopedia,office-holder reference,1,mlas-tn-kl-py
https://en.wikipedia.org/wiki/B._Bangtick_Phom,en.wikipedia.org,encyclopedia,office-holder reference,1,mlas-mz-nl-tr
https://en.wikipedia.org/wiki/B._C._Janardhan_Reddy,en.wikipedia.org,encyclopedia,office-holder reference,1,mlas-ka-ap-tg
https://en.wikipedia.org/wiki/B._Devendrappa,en.wikipedia.org,encyclopedia,office-holder reference,1,mlas-ka-ap-tg
https://en.wikipedia.org/wiki/B._G._Govindappa,en.wikipedia.org,encyclopedia,office-holder reference,1,mlas-ka-ap-tg
https://en.wikipedia.org/wiki/B._K._Hariprasad,en.wikipedia.org,encyclopedia,office-holder reference,1,mlas-ka-ap-tg
https://en.wikipedia.org/wiki/B._K._Sangameshwara,en.wikipedia.org,encyclopedia,office-holder reference,1,mlas-ka-ap-tg
https://en.wikipedia.org/wiki/B._Lalchhanzova,en.wikipedia.org,encyclopedia,office-holder reference,1,mlas-mz-nl-tr
https://en.wikipedia.org/wiki/B._M._Nagaraja,en.wikipedia.org,encyclopedia,office-holder reference,1,mlas-ka-ap-tg
https://en.wikipedia.org/wiki/B._N._Ravi_Kumar,en.wikipedia.org,encyclopedia,office-holder reference,1,mlas-ka-ap-tg
https://en.wikipedia.org/wiki/B._N._Vijay_Kumar,en.wikipedia.org,encyclopedia,office-holder reference,1,mlas-ka-ap-tg
https://en.wikipedia.org/wiki/B._P._Harish,en.wikipedia.org,encyclopedia,office-holder reference,1,mlas-ka-ap-tg
https://en.wikipedia.org/wiki/B._Parthasaradhi_Reddy,en.wikipedia.org,encyclopedia,office-holder reference,1,parliament-rajya-sabha
https://en.wikipedia.org/wiki/B._R._Patil,en.wikipedia.org,encyclopedia,office-holder reference,1,mlas-ka-ap-tg
https://en.wikipedia.org/wiki/B._Rajkumar,en.wikipedia.org,encyclopedia,office-holder reference,1,mlas-tn-kl-py
https://en.wikipedia.org/wiki/B._Ramu,en.wikipedia.org,encyclopedia,office-holder reference,1,mlas-tn-kl-py
https://en.wikipedia.org/wiki/B._Ravicoumar,en.wikipedia.org,encyclopedia,office-holder reference,1,mlas-tn-kl-py
https://en.wikipedia.org/wiki/B._Shivanna,en.wikipedia.org,encyclopedia,office-holder reference,1,mlas-ka-ap-tg
https://en.wikipedia.org/wiki/B._Suresh_Gowda,en.wikipedia.org,encyclopedia,office-holder reference,1,mlas-ka-ap-tg
https://en.wikipedia.org/wiki/B._V._Nagarathna,en.wikipedia.org,encyclopedia,office-holder reference,1,judiciary-supreme-court
https://en.wikipedia.org/wiki/B._Vijayaraj,en.wikipedia.org,encyclopedia,office-holder reference,1,mlas-tn-kl-py
https://en.wikipedia.org/wiki/B._Y._Vijayendra,en.wikipedia.org,encyclopedia,office-holder reference,1,mlas-ka-ap-tg
https://en.wikipedia.org/wiki/B._Z._Zameer_Ahmed_Khan,en.wikipedia.org,encyclopedia,office-holder reference,1,mlas-ka-ap-tg
https://en.wikipedia.org/wiki/Babaji_Kale,en.wikipedia.org,encyclopedia,office-holder reference,1,mlas-mh-gj-ga
https://en.wikipedia.org/wiki/Babanrao_Lonikar,en.wikipedia.org,encyclopedia,office-holder reference,1,mlas-mh-gj-ga
https://en.wikipedia.org/wiki/Babar_Ali_(teacher),en.wikipedia.org,encyclopedia,office-holder reference,1,mlas-wb-as-sk
https://en.wikipedia.org/wiki/Babasaheb_Deshmukh,en.wikipedia.org,encyclopedia,office-holder reference,1,mlas-mh-gj-ga
https://en.wikipedia.org/wiki/Babasaheb_Devanagouda_Patil,en.wikipedia.org,encyclopedia,office-holder reference,1,mlas-ka-ap-tg
https://en.wikipedia.org/wiki/Babasaheb_Mohanrao_Patil,en.wikipedia.org,encyclopedia,office-holder reference,1,mlas-mh-gj-ga
https://en.wikipedia.org/wiki/Bablu_Mahato,en.wikipedia.org,encyclopedia,office-holder reference,1,mlas-br-jh-od
https://en.wikipedia.org/wiki/Babu_Jandel,en.wikipedia.org,encyclopedia,office-holder reference,1,mlas-mp-cg-rj
https://en.wikipedia.org/wiki/Babu_Singh_(Odisha_politician),en.wikipedia.org,encyclopedia,office-holder reference,1,mlas-br-jh-od
https://en.wikipedia.org/wiki/Babu_Singh_(Rajasthan_politician),en.wikipedia.org,encyclopedia,office-holder reference,1,mlas-mp-cg-rj
https://en.wikipedia.org/wiki/Babubhai_Desai,en.wikipedia.org,encyclopedia,office-holder reference,1,parliament-rajya-sabha
https://en.wikipedia.org/wiki/Babubhai_Patel_(politician),en.wikipedia.org,encyclopedia,office-holder reference,1,mlas-mh-gj-ga
https://en.wikipedia.org/wiki/Babul_Supriyo,en.wikipedia.org,encyclopedia,office-holder reference,1,parliament-rajya-sabha
https://en.wikipedia.org/wiki/Babulal_Kharadi,en.wikipedia.org,encyclopedia,office-holder reference,1,mlas-mp-cg-rj
https://en.wikipedia.org/wiki/Baburam_Nishad,en.wikipedia.org,encyclopedia,office-holder reference,1,parliament-rajya-sabha
https://en.wikipedia.org/wiki/Baburao_Kadam,en.wikipedia.org,encyclopedia,office-holder reference,1,mlas-mh-gj-ga
https://en.wikipedia.org/wiki/Babusinh_Jadav,en.wikipedia.org,encyclopedia,office-holder reference,1,mlas-mh-gj-ga
https://en.wikipedia.org/wiki/Baby_Begum,en.wikipedia.org,encyclopedia,office-holder reference,1,mlas-wb-as-sk
https://en.wikipedia.org/wiki/Baby_Kumari,en.wikipedia.org,encyclopedia,office-holder reference,1,mlas-br-jh-od
https://en.wikipedia.org/wiki/Bachchu_Kadu,en.wikipedia.org,encyclopedia,office-holder reference,1,mlas-mh-gj-ga
https://en.wikipedia.org/wiki/Bachubhai_Khabad,en.wikipedia.org,encyclopedia,office-holder reference,1,mlas-mh-gj-ga
https://en.wikipedia.org/wiki/Badri_Narayan_Patra,en.wikipedia.org,encyclopedia,office-holder reference,1,mlas-br-jh-od
https://en.wikipedia.org/wiki/Badruddin_Ajmal,en.wikipedia.org,encyclopedia,office-holder reference,1,mlas-wb-as-sk
https://en.wikipedia.org/wiki/Baggu_Ramanamurthy,en.wikipedia.org,encyclopedia,office-holder reference,1,mlas-ka-ap-tg
https://en.wikipedia.org/wiki/Bahadur_Singh_Koli,en.wikipedia.org,encyclopedia,office-holder reference,1,mlas-mp-cg-rj
https://en.wikipedia.org/wiki/Baidyanath_Prasad,en.wikipedia.org,encyclopedia,office-holder reference,1,mlas-br-jh-od
https://en.wikipedia.org/wiki/Baidyanath_Ram,en.wikipedia.org,encyclopedia,office-holder reference,1,parliament-rajya-sabha
https://en.wikipedia.org/wiki/Bala_Bachchan,en.wikipedia.org,encyclopedia,office-holder reference,1,mlas-mp-cg-rj
https://en.wikipedia.org/wiki/Balachandra_Jarkiholi,en.wikipedia.org,encyclopedia,office-holder reference,1,mlas-ka-ap-tg
https://en.wikipedia.org/wiki/Balaji_Kalyankar,en.wikipedia.org,encyclopedia,office-holder reference,1,mlas-mh-gj-ga
https://en.wikipedia.org/wiki/Balaji_Kinikar,en.wikipedia.org,encyclopedia,office-holder reference,1,mlas-mh-gj-ga
https://en.wikipedia.org/wiki/Balajied_Kupar_Synrem,en.wikipedia.org,encyclopedia,office-holder reference,1,mlas-jk-ar-mn-ml
https://en.wikipedia.org/wiki/Balasaheb_Mangulkar,en.wikipedia.org,encyclopedia,office-holder reference,1,mlas-mh-gj-ga
https://en.wikipedia.org/wiki/Balbir_Singh_Seechewal,en.wikipedia.org,encyclopedia,office-holder reference,1,parliament-rajya-sabha
https://en.wikipedia.org/wiki/Balbir_Singh_Verma,en.wikipedia.org,encyclopedia,office-holder reference,1,mlas-pb-hr-hp-dl
https://en.wikipedia.org/wiki/Baldev_Raj_Sharma,en.wikipedia.org,encyclopedia,office-holder reference,1,mlas-jk-ar-mn-ml
https://en.wikipedia.org/wiki/Baleshwar_Sahu,en.wikipedia.org,encyclopedia,office-holder reference,1,mlas-mp-cg-rj
https://en.wikipedia.org/wiki/Baljinder_Kaur_(Punjab_politician),en.wikipedia.org,encyclopedia,office-holder reference,1,mlas-pb-hr-hp-dl
https://en.wikipedia.org/wiki/Balkar_Singh,en.wikipedia.org,encyclopedia,office-holder reference,1,mlas-pb-hr-hp-dl
https://en.wikipedia.org/wiki/Balkar_Singh_Sidhu,en.wikipedia.org,encyclopedia,office-holder reference,1,mlas-pb-hr-hp-dl
https://en.wikipedia.org/wiki/Balkrishan_Patidar,en.wikipedia.org,encyclopedia,office-holder reference,1,mlas-mp-cg-rj
https://en.wikipedia.org/wiki/Balkrishna_Khanderao_Shukla,en.wikipedia.org,encyclopedia,office-holder reference,1,mlas-mh-gj-ga
https://en.wikipedia.org/wiki/Balmoor_Venkat,en.wikipedia.org,encyclopedia,office-holder reference,1,mlas-ka-ap-tg
https://en.wikipedia.org/wiki/Balmukund_Acharya,en.wikipedia.org,encyclopedia,office-holder reference,1,mlas-mp-cg-rj
https://en.wikipedia.org/wiki/Balo_Raja,en.wikipedia.org,encyclopedia,office-holder reference,1,mlas-jk-ar-mn-ml
https://en.wikipedia.org/wiki/Balrajsinh_Chauhan,en.wikipedia.org,encyclopedia,office-holder reference,1,mlas-mh-gj-ga
https://en.wikipedia.org/wiki/Balram_Dangi,en.wikipedia.org,encyclopedia,office-holder reference,1,mlas-pb-hr-hp-dl
https://en.wikipedia.org/wiki/Balvantsinh_Rajput,en.wikipedia.org,encyclopedia,office-holder reference,1,mlas-mh-gj-ga
https://en.wikipedia.org/wiki/Balwan_Singh_Daulatpuria,en.wikipedia.org,encyclopedia,office-holder reference,1,mlas-pb-hr-hp-dl
https://en.wikipedia.org/wiki/Balwant_Singh_Mankotia,en.wikipedia.org,encyclopedia,office-holder reference,1,mlas-jk-ar-mn-ml
https://en.wikipedia.org/wiki/Banda_Prakash,en.wikipedia.org,encyclopedia,office-holder reference,1,mlas-ka-ap-tg
https://en.wikipedia.org/wiki/Bandaru_Satyananda_Rao,en.wikipedia.org,encyclopedia,office-holder reference,1,mlas-ka-ap-tg
https://en.wikipedia.org/wiki/Bandaru_Satyanarayana_Murthy,en.wikipedia.org,encyclopedia,office-holder reference,1,mlas-ka-ap-tg
https://en.wikipedia.org/wiki/Bandaru_Sravani_Sree,en.wikipedia.org,encyclopedia,office-holder reference,1,mlas-ka-ap-tg
https://en.wikipedia.org/wiki/Bandla_Krishna_Mohan_Reddy,en.wikipedia.org,encyclopedia,office-holder reference,1,mlas-ka-ap-tg
https://en.wikipedia.org/wiki/Bankim_Chandra_Ghosh,en.wikipedia.org,encyclopedia,office-holder reference,1,mlas-wb-as-sk
https://en.wikipedia.org/wiki/Bansilal_Gurjar,en.wikipedia.org,encyclopedia,office-holder reference,1,parliament-rajya-sabha
https://en.wikipedia.org/wiki/Banteidor_Lyngdoh,en.wikipedia.org,encyclopedia,office-holder reference,1,mlas-jk-ar-mn-ml
https://en.wikipedia.org/wiki/Bapusaheb_Tukaram_Pathare,en.wikipedia.org,encyclopedia,office-holder reference,1,mlas-mh-gj-ga
https://en.wikipedia.org/wiki/Barindermeet_Singh_Pahra,en.wikipedia.org,encyclopedia,office-holder reference,1,mlas-pb-hr-hp-dl
https://en.wikipedia.org/wiki/Barnali_Dhara,en.wikipedia.org,encyclopedia,office-holder reference,1,mlas-wb-as-sk
https://en.wikipedia.org/wiki/Barsha_Singh_Bariha,en.wikipedia.org,encyclopedia,office-holder reference,1,mlas-br-jh-od
https://en.wikipedia.org/wiki/Baryl_Vanneihsangi,en.wikipedia.org,encyclopedia,office-holder reference,1,mlas-mz-nl-tr
https://en.wikipedia.org/wiki/Basanagouda_Daddal,en.wikipedia.org,encyclopedia,office-holder reference,1,mlas-ka-ap-tg
https://en.wikipedia.org/wiki/Basanagouda_Turvihal,en.wikipedia.org,encyclopedia,office-holder reference,1,mlas-ka-ap-tg
https://en.wikipedia.org/wiki/Basangouda_Patil_Yatnal,en.wikipedia.org,encyclopedia,office-holder reference,1,mlas-ka-ap-tg
https://en.wikipedia.org/wiki/Basant_Soren,en.wikipedia.org,encyclopedia,office-holder reference,1,mlas-br-jh-od
https://en.wikipedia.org/wiki/Basavaraj_Horatti,en.wikipedia.org,encyclopedia,office-holder reference,1,mlas-ka-ap-tg
https://en.wikipedia.org/wiki/Basavaraj_Rayareddy,en.wikipedia.org,encyclopedia,office-holder reference,1,mlas-ka-ap-tg
https://en.wikipedia.org/wiki/Basavaraju_Saraiah,en.wikipedia.org,encyclopedia,office-holder reference,1,mlas-ka-ap-tg
https://en.wikipedia.org/wiki/Basavaraju_V._Shivaganga,en.wikipedia.org,encyclopedia,office-holder reference,1,mlas-ka-ap-tg
https://en.wikipedia.org/wiki/Basavraj_Madhavrao_Patil,en.wikipedia.org,encyclopedia,office-holder reference,1,mlas-mh-gj-ga
https://en.wikipedia.org/wiki/Basawaraj_Mattimud,en.wikipedia.org,encyclopedia,office-holder reference,1,mlas-ka-ap-tg
https://en.wikipedia.org/wiki/Bashir_Ahmed_Shah_Veeri,en.wikipedia.org,encyclopedia,office-holder reference,1,mlas-jk-ar-mn-ml
https://en.wikipedia.org/wiki/Bathula_Balaramakrishna,en.wikipedia.org,encyclopedia,office-holder reference,1,mlas-ka-ap-tg
https://en.wikipedia.org/wiki/Bayron_Biswas,en.wikipedia.org,encyclopedia,office-holder reference,1,mlas-wb-as-sk
https://en.wikipedia.org/wiki/Bedu_Singh_Panth,en.wikipedia.org,encyclopedia,office-holder reference,1,mlas-wb-as-sk
https://en.wikipedia.org/wiki/Beeda_Masthan_Rao,en.wikipedia.org,encyclopedia,office-holder reference,1,parliament-rajya-sabha
https://en.wikipedia.org/wiki/Beerla_Ilaiah,en.wikipedia.org,encyclopedia,office-holder reference,1,mlas-ka-ap-tg
https://en.wikipedia.org/wiki/Begusarai_Municipal_Corporation,en.wikipedia.org,encyclopedia,entity facts,1,states-br-jh-od
https://en.wikipedia.org/wiki/Benei_M._Lamthiu,en.wikipedia.org,encyclopedia,office-holder reference,1,mlas-mz-nl-tr
https://en.wikipedia.org/wiki/Berhampur_Municipal_Corporation,en.wikipedia.org,encyclopedia,entity facts,1,states-br-jh-od
https://en.wikipedia.org/wiki/Bettiah,en.wikipedia.org,encyclopedia,entity facts,1,states-br-jh-od
https://en.wikipedia.org/wiki/Bhabani_Shankar_Bhoi,en.wikipedia.org,encyclopedia,office-holder reference,1,mlas-br-jh-od
https://en.wikipedia.org/wiki/Bhabesh_Kalita,en.wikipedia.org,encyclopedia,office-holder reference,1,mlas-wb-as-sk
https://en.wikipedia.org/wiki/Bhadav_Hansdah,en.wikipedia.org,encyclopedia,office-holder reference,1,mlas-br-jh-od
https://en.wikipedia.org/wiki/Bhadra_Hemram,en.wikipedia.org,encyclopedia,office-holder reference,1,mlas-wb-as-sk
https://en.wikipedia.org/wiki/Bhagaban_Das,en.wikipedia.org,encyclopedia,office-holder reference,1,mlas-mz-nl-tr
https://en.wikipedia.org/wiki/Bhagabhai_Dhanabhai_Barad,en.wikipedia.org,encyclopedia,office-holder reference,1,mlas-mh-gj-ga
https://en.wikipedia.org/wiki/Bhagalpur_Municipal_Corporation,en.wikipedia.org,encyclopedia,entity facts,1,states-br-jh-od
https://en.wikipedia.org/wiki/Bhagawana_Ram_Saini,en.wikipedia.org,encyclopedia,office-holder reference,1,mlas-mp-cg-rj
https://en.wikipedia.org/wiki/Bhagchand_Saini_Tankda,en.wikipedia.org,encyclopedia,office-holder reference,1,mlas-mp-cg-rj
https://en.wikipedia.org/wiki/Bhagvanjibhai_Karagatiya,en.wikipedia.org,encyclopedia,office-holder reference,1,mlas-mh-gj-ga
https://en.wikipedia.org/wiki/Bhagwan_Das_KabirPanthi,en.wikipedia.org,encyclopedia,office-holder reference,1,mlas-pb-hr-hp-dl
https://en.wikipedia.org/wiki/Bhagwandas_Sabnani,en.wikipedia.org,encyclopedia,office-holder reference,1,mlas-mp-cg-rj
https://en.wikipedia.org/wiki/Bhai_Jagtap,en.wikipedia.org,encyclopedia,office-holder reference,1,mlas-mh-gj-ga
https://en.wikipedia.org/wiki/Bhai_Virendra,en.wikipedia.org,encyclopedia,office-holder reference,1,mlas-br-jh-od
https://en.wikipedia.org/wiki/Bhairaram_Chaudhary,en.wikipedia.org,encyclopedia,office-holder reference,1,mlas-mp-cg-rj
https://en.wikipedia.org/wiki/Bhairon_Singh,en.wikipedia.org,encyclopedia,office-holder reference,1,mlas-mp-cg-rj
https://en.wikipedia.org/wiki/Bhaiyalal_Rajwade,en.wikipedia.org,encyclopedia,office-holder reference,1,mlas-mp-cg-rj
https://en.wikipedia.org/wiki/Bhanuben_Babariya,en.wikipedia.org,encyclopedia,office-holder reference,1,mlas-mh-gj-ga
https://en.wikipedia.org/wiki/Bhanwar_Singh_Shekhawat,en.wikipedia.org,encyclopedia,office-holder reference,1,mlas-mp-cg-rj
https://en.wikipedia.org/wiki/Bharat_Bhushan,en.wikipedia.org,encyclopedia,office-holder reference,1,mlas-jk-ar-mn-ml
https://en.wikipedia.org/wiki/Bharat_Bhushan_Batra,en.wikipedia.org,encyclopedia,office-holder reference,1,mlas-pb-hr-hp-dl
https://en.wikipedia.org/wiki/Bharat_Bind,en.wikipedia.org,encyclopedia,office-holder reference,1,mlas-br-jh-od
https://en.wikipedia.org/wiki/Bharat_Broadband_Network,en.wikipedia.org,encyclopedia,entity facts,1,ministries-c
https://en.wikipedia.org/wiki/Bharat_Chettri,en.wikipedia.org,encyclopedia,office-holder reference,1,mlas-wb-as-sk
https://en.wikipedia.org/wiki/Bharat_Dynamics,en.wikipedia.org,encyclopedia,office-holder,1,ministries-b2
https://en.wikipedia.org/wiki/Bharat_Dynamics_Limited,en.wikipedia.org,encyclopedia,entity facts,1,ministries-b2
https://en.wikipedia.org/wiki/Bharat_Electronics,en.wikipedia.org,encyclopedia,office-holder,1,ministries-b2
https://en.wikipedia.org/wiki/Bharat_Electronics_Limited,en.wikipedia.org,encyclopedia,entity facts,1,ministries-b2
https://en.wikipedia.org/wiki/Bharat_Singh_Beniwal,en.wikipedia.org,encyclopedia,office-holder reference,1,mlas-pb-hr-hp-dl
https://en.wikipedia.org/wiki/Bharatbhai_Kikubhai_Patel,en.wikipedia.org,encyclopedia,office-holder reference,1,mlas-mh-gj-ga
https://en.wikipedia.org/wiki/Bharatmala,en.wikipedia.org,encyclopedia,entity facts,1,ministries-c
https://en.wikipedia.org/wiki/Bharatshet_Gogawale,en.wikipedia.org,encyclopedia,office-holder reference,1,mlas-mh-gj-ga
https://en.wikipedia.org/wiki/Bharti_Mehta,en.wikipedia.org,encyclopedia,office-holder reference,1,mlas-br-jh-od
https://en.wikipedia.org/wiki/Bhashyam_Praveen,en.wikipedia.org,encyclopedia,office-holder reference,1,mlas-ka-ap-tg
https://en.wikipedia.org/wiki/Bhashyam_Rama_Krishna,en.wikipedia.org,encyclopedia,office-holder reference,1,parliament-rajya-sabha
https://en.wikipedia.org/wiki/Bhaskar_Bhattacharya_(politician),en.wikipedia.org,encyclopedia,office-holder reference,1,mlas-wb-as-sk
https://en.wikipedia.org/wiki/Bhaskar_Jadhav,en.wikipedia.org,encyclopedia,office-holder reference,1,mlas-mh-gj-ga
https://en.wikipedia.org/wiki/Bhaskar_Madhei,en.wikipedia.org,encyclopedia,office-holder reference,1,mlas-br-jh-od
https://en.wikipedia.org/wiki/Bhaskar_Sharma,en.wikipedia.org,encyclopedia,office-holder reference,1,mlas-wb-as-sk
https://en.wikipedia.org/wiki/Bhavana_Gawali,en.wikipedia.org,encyclopedia,office-holder reference,1,mlas-mh-gj-ga
https://en.wikipedia.org/wiki/Bhawani_Singh_Pathania,en.wikipedia.org,encyclopedia,office-holder reference,1,mlas-pb-hr-hp-dl
https://en.wikipedia.org/wiki/Bhawna_Bohra,en.wikipedia.org,encyclopedia,office-holder reference,1,mlas-mp-cg-rj
https://en.wikipedia.org/wiki/Bheem_Raj_Bhati,en.wikipedia.org,encyclopedia,office-holder reference,1,mlas-mp-cg-rj
https://en.wikipedia.org/wiki/Bhikhabhai_Baraiya,en.wikipedia.org,encyclopedia,office-holder reference,1,mlas-mh-gj-ga
https://en.wikipedia.org/wiki/Bhikhusinh_Parmar,en.wikipedia.org,encyclopedia,office-holder reference,1,mlas-mh-gj-ga
https://en.wikipedia.org/wiki/Bhim_Hang_Limboo,en.wikipedia.org,encyclopedia,office-holder reference,1,mlas-wb-as-sk
https://en.wikipedia.org/wiki/Bhim_Singh_(Bihar_politician),en.wikipedia.org,encyclopedia,office-holder reference,1,parliament-rajya-sabha
https://en.wikipedia.org/wiki/Bhimanagouda_Patil,en.wikipedia.org,encyclopedia,office-holder reference,1,mlas-ka-ap-tg
https://en.wikipedia.org/wiki/Bhimanna_T._Naik,en.wikipedia.org,encyclopedia,office-holder reference,1,mlas-ka-ap-tg
https://en.wikipedia.org/wiki/Bhimrao_Keram,en.wikipedia.org,encyclopedia,office-holder reference,1,mlas-mh-gj-ga
https://en.wikipedia.org/wiki/Bhimrao_Tapkir,en.wikipedia.org,encyclopedia,office-holder reference,1,mlas-mh-gj-ga
https://en.wikipedia.org/wiki/Bhism_Pratap_Singh_Kushwaha,en.wikipedia.org,encyclopedia,office-holder reference,1,mlas-br-jh-od
https://en.wikipedia.org/wiki/Bhoj_Raj_Rai,en.wikipedia.org,encyclopedia,office-holder reference,1,mlas-wb-as-sk
https://en.wikipedia.org/wiki/Bholaram_Sahu,en.wikipedia.org,encyclopedia,office-holder reference,1,mlas-mp-cg-rj
https://en.wikipedia.org/wiki/Bhoye_Harishchandra_Sakharam,en.wikipedia.org,encyclopedia,office-holder reference,1,mlas-mh-gj-ga
https://en.wikipedia.org/wiki/Bhuban_Gam,en.wikipedia.org,encyclopedia,office-holder reference,1,mlas-wb-as-sk
https://en.wikipedia.org/wiki/Bhubaneswar_Municipal_Corporation,en.wikipedia.org,encyclopedia,entity facts,1,states-br-jh-od
https://en.wikipedia.org/wiki/Bhubon_Pegu,en.wikipedia.org,encyclopedia,office-holder reference,1,mlas-wb-as-sk
https://en.wikipedia.org/wiki/Bhulan_Singh_Marabi,en.wikipedia.org,encyclopedia,office-holder reference,1,mlas-mp-cg-rj
https://en.wikipedia.org/wiki/Bhuma_Akhila_Priya,en.wikipedia.org,encyclopedia,office-holder reference,1,mlas-ka-ap-tg
https://en.wikipedia.org/wiki/Bhumireddy_Rama_Gopal_Reddy,en.wikipedia.org,encyclopedia,office-holder reference,1,mlas-ka-ap-tg
https://en.wikipedia.org/wiki/Bhupen_Kumar_Borah,en.wikipedia.org,encyclopedia,office-holder reference,1,mlas-wb-as-sk
https://en.wikipedia.org/wiki/Bhupen_Roy,en.wikipedia.org,encyclopedia,office-holder reference,1,mlas-wb-as-sk
https://en.wikipedia.org/wiki/Bhupendra_Patel,en.wikipedia.org,encyclopedia,office-holder reference,1,states-mh-gj-ga
https://en.wikipedia.org/wiki/Bhupendra_Singh_(Madhya_Pradesh_politician),en.wikipedia.org,encyclopedia,office-holder reference,1,mlas-mp-cg-rj
https://en.wikipedia.org/wiki/Bhupendrabhai_Patel,en.wikipedia.org,encyclopedia,office-holder reference,1,mlas-mh-gj-ga
https://en.wikipedia.org/wiki/Bhupesh_Baghel,en.wikipedia.org,encyclopedia,office-holder reference,1,mlas-mp-cg-rj
https://en.wikipedia.org/wiki/Bhushan_Bara,en.wikipedia.org,encyclopedia,office-holder reference,1,mlas-br-jh-od
https://en.wikipedia.org/wiki/Bhushan_Tirkey,en.wikipedia.org,encyclopedia,office-holder reference,1,mlas-br-jh-od
https://en.wikipedia.org/wiki/Bhuvneshwar_Gaur,en.wikipedia.org,encyclopedia,office-holder reference,1,mlas-pb-hr-hp-dl
https://en.wikipedia.org/wiki/Bibhuti_Bhusan_Balabantaray,en.wikipedia.org,encyclopedia,office-holder reference,1,mlas-br-jh-od
https://en.wikipedia.org/wiki/Bibhuti_Bhusan_Pradhan,en.wikipedia.org,encyclopedia,office-holder reference,1,mlas-br-jh-od
https://en.wikipedia.org/wiki/Bibhuti_Bhushan_Jena,en.wikipedia.org,encyclopedia,office-holder reference,1,mlas-br-jh-od
https://en.wikipedia.org/wiki/Bidhan_Chandra_Majhi,en.wikipedia.org,encyclopedia,office-holder reference,1,mlas-wb-as-sk
https://en.wikipedia.org/wiki/Bidhannagar_Municipal_Corporation,en.wikipedia.org,encyclopedia,entity facts,1,states-wb-as-sk
https://en.wikipedia.org/wiki/Bidyut_Kumar_Roy_(Indian_politician),en.wikipedia.org,encyclopedia,office-holder reference,1,mlas-wb-as-sk
https://en.wikipedia.org/wiki/Bihar,en.wikipedia.org,encyclopedia,entity facts,1,states-br-jh-od
https://en.wikipedia.org/wiki/Bihar_Police,en.wikipedia.org,encyclopedia,office-holder,1,states-br-jh-od
https://en.wikipedia.org/wiki/Bihar_Sharif_Municipal_Corporation,en.wikipedia.org,encyclopedia,entity facts,1,states-br-jh-od
https://en.wikipedia.org/wiki/Bijan_Mukherjee,en.wikipedia.org,encyclopedia,office-holder reference,1,mlas-wb-as-sk
https://en.wikipedia.org/wiki/Bijay_Singh,en.wikipedia.org,encyclopedia,office-holder reference,1,mlas-br-jh-od
https://en.wikipedia.org/wiki/Bijaya_Kumar_Dalabehera,en.wikipedia.org,encyclopedia,office-holder reference,1,mlas-br-jh-od
https://en.wikipedia.org/wiki/Bijoy_Malakar,en.wikipedia.org,encyclopedia,office-holder reference,1,mlas-wb-as-sk
https://en.wikipedia.org/wiki/Bikan_Chandra_Deka,en.wikipedia.org,encyclopedia,office-holder reference,1,mlas-wb-as-sk
https://en.wikipedia.org/wiki/Bikarna_Naskar,en.wikipedia.org,encyclopedia,office-holder reference,1,mlas-wb-as-sk
https://en.wikipedia.org/wiki/Bikash_Debbarma,en.wikipedia.org,encyclopedia,office-holder reference,1,mlas-mz-nl-tr
https://en.wikipedia.org/wiki/Bikash_Saikia,en.wikipedia.org,encyclopedia,office-holder reference,1,mlas-wb-as-sk
https://en.wikipedia.org/wiki/Bikram_Singh_(politician),en.wikipedia.org,encyclopedia,office-holder reference,1,mlas-pb-hr-hp-dl
https://en.wikipedia.org/wiki/Billeswar_Sinha,en.wikipedia.org,encyclopedia,office-holder reference,1,mlas-wb-as-sk
https://en.wikipedia.org/wiki/Bimal_Bora,en.wikipedia.org,encyclopedia,office-holder reference,1,mlas-wb-as-sk
https://en.wikipedia.org/wiki/Biman_Banerjee,en.wikipedia.org,encyclopedia,office-holder reference,1,mlas-wb-as-sk
https://en.wikipedia.org/wiki/Biman_Ghosh,en.wikipedia.org,encyclopedia,office-holder reference,1,mlas-wb-as-sk
https://en.wikipedia.org/wiki/Biman_Mahata,en.wikipedia.org,encyclopedia,office-holder reference,1,mlas-wb-as-sk
https://en.wikipedia.org/wiki/Bimla_Chaudhary,en.wikipedia.org,encyclopedia,office-holder reference,1,mlas-pb-hr-hp-dl
https://en.wikipedia.org/wiki/Bina_Mondal,en.wikipedia.org,encyclopedia,office-holder reference,1,mlas-wb-as-sk
https://en.wikipedia.org/wiki/Binay_Bhushan_Das,en.wikipedia.org,encyclopedia,office-holder reference,1,mlas-mz-nl-tr
https://en.wikipedia.org/wiki/Binay_Kumar_Choudhary,en.wikipedia.org,encyclopedia,office-holder reference,1,mlas-br-jh-od
https://en.wikipedia.org/wiki/Bindu_Debnath,en.wikipedia.org,encyclopedia,office-holder reference,1,mlas-mz-nl-tr
https://en.wikipedia.org/wiki/Bindu_Krishna,en.wikipedia.org,encyclopedia,office-holder reference,1,mlas-tn-kl-py
https://en.wikipedia.org/wiki/Binita_Mehta,en.wikipedia.org,encyclopedia,office-holder reference,1,mlas-br-jh-od
https://en.wikipedia.org/wiki/Binod_Hazarika,en.wikipedia.org,encyclopedia,office-holder reference,1,mlas-wb-as-sk
https://en.wikipedia.org/wiki/Biotechnology_Industry_Research_Assistance_Council,en.wikipedia.org,encyclopedia,entity facts,1,ministries-g
https://en.wikipedia.org/wiki/Biplab_Mitra,en.wikipedia.org,encyclopedia,office-holder reference,1,mlas-wb-as-sk
https://en.wikipedia.org/wiki/Biraj_Biswas,en.wikipedia.org,encyclopedia,office-holder reference,1,mlas-wb-as-sk
https://en.wikipedia.org/wiki/Birajit_Sinha,en.wikipedia.org,encyclopedia,office-holder reference,1,mlas-mz-nl-tr
https://en.wikipedia.org/wiki/Birendra_Kumar_(Bihar_politician),en.wikipedia.org,encyclopedia,office-holder reference,1,mlas-br-jh-od
https://en.wikipedia.org/wiki/Birendra_Prasad_Baishya,en.wikipedia.org,encyclopedia,office-holder reference,1,parliament-rajya-sabha
https://en.wikipedia.org/wiki/Birendra_Singh,en.wikipedia.org,encyclopedia,office-holder reference,1,mlas-br-jh-od
https://en.wikipedia.org/wiki/Bisahulal_Singh,en.wikipedia.org,encyclopedia,office-holder reference,1,mlas-mp-cg-rj
https://en.wikipedia.org/wiki/Bishal_Lama,en.wikipedia.org,encyclopedia,office-holder reference,1,mlas-wb-as-sk
https://en.wikipedia.org/wiki/Biswa_Ranjan_Mallick,en.wikipedia.org,encyclopedia,office-holder reference,1,mlas-br-jh-od
https://en.wikipedia.org/wiki/Biswajit_Daimary,en.wikipedia.org,encyclopedia,office-holder reference,1,mlas-wb-as-sk
https://en.wikipedia.org/wiki/Biswajit_Kalai,en.wikipedia.org,encyclopedia,office-holder reference,1,mlas-mz-nl-tr
https://en.wikipedia.org/wiki/Biswajit_Mahato,en.wikipedia.org,encyclopedia,office-holder reference,1,mlas-wb-as-sk
https://en.wikipedia.org/wiki/Biswajit_Phukan,en.wikipedia.org,encyclopedia,office-holder reference,1,mlas-wb-as-sk
https://en.wikipedia.org/wiki/Biswanath_Das,en.wikipedia.org,encyclopedia,office-holder reference,1,mlas-wb-as-sk
https://en.wikipedia.org/wiki/Bivas_Sardar,en.wikipedia.org,encyclopedia,office-holder reference,1,mlas-wb-as-sk
https://en.wikipedia.org/wiki/Biyuram_Wahge,en.wikipedia.org,encyclopedia,office-holder reference,1,mlas-jk-ar-mn-ml
https://en.wikipedia.org/wiki/Bode_Prasad,en.wikipedia.org,encyclopedia,office-holder reference,1,mlas-ka-ap-tg
https://en.wikipedia.org/wiki/Boggula_Dastagiri,en.wikipedia.org,encyclopedia,office-holder reference,1,mlas-ka-ap-tg
https://en.wikipedia.org/wiki/Bojjala_Sudhir_Reddy,en.wikipedia.org,encyclopedia,office-holder reference,1,mlas-ka-ap-tg
https://en.wikipedia.org/wiki/Bolin_Chetia,en.wikipedia.org,encyclopedia,office-holder reference,1,mlas-wb-as-sk
https://en.wikipedia.org/wiki/Bolisetti_Srinivas,en.wikipedia.org,encyclopedia,office-holder reference,1,mlas-ka-ap-tg
https://en.wikipedia.org/wiki/Bomma_Mahesh_Kumar_Goud,en.wikipedia.org,encyclopedia,office-holder reference,1,mlas-ka-ap-tg
https://en.wikipedia.org/wiki/Bommidi_Narayana_Nayakar,en.wikipedia.org,encyclopedia,office-holder reference,1,mlas-ka-ap-tg
https://en.wikipedia.org/wiki/Bonda_Umamaheswara_Rao,en.wikipedia.org,encyclopedia,office-holder reference,1,mlas-ka-ap-tg
https://en.wikipedia.org/wiki/Bonela_Vijaya_Chandra,en.wikipedia.org,encyclopedia,office-holder reference,1,mlas-ka-ap-tg
https://en.wikipedia.org/wiki/Border_Security_Force,en.wikipedia.org,encyclopedia,office-holder,1,ministries-b1
https://en.wikipedia.org/wiki/Borra_Gopi_Murthy,en.wikipedia.org,encyclopedia,office-holder reference,1,mlas-ka-ap-tg
https://en.wikipedia.org/wiki/Botanical_Survey_of_India,en.wikipedia.org,encyclopedia,entity facts,1,ministries-g
https://en.wikipedia.org/wiki/Botsa_Satyanarayana,en.wikipedia.org,encyclopedia,office-holder reference,1,mlas-ka-ap-tg
https://en.wikipedia.org/wiki/Brahm_Shankar_Jimpa,en.wikipedia.org,encyclopedia,office-holder reference,1,mlas-pb-hr-hp-dl
https://en.wikipedia.org/wiki/Braja_Kishore_Pradhan,en.wikipedia.org,encyclopedia,office-holder reference,1,mlas-br-jh-od
https://en.wikipedia.org/wiki/Brajendra_Singh_Yadav,en.wikipedia.org,encyclopedia,office-holder reference,1,mlas-mp-cg-rj
https://en.wikipedia.org/wiki/Brening_A._Sangma,en.wikipedia.org,encyclopedia,office-holder reference,1,mlas-jk-ar-mn-ml
https://en.wikipedia.org/wiki/Bridge_and_Roof_Company_(India),en.wikipedia.org,encyclopedia,entity facts,1,ministries-d
https://en.wikipedia.org/wiki/Brightstarwell_Marbaniang,en.wikipedia.org,encyclopedia,office-holder reference,1,mlas-jk-ar-mn-ml
https://en.wikipedia.org/wiki/Brij_Lal,en.wikipedia.org,encyclopedia,office-holder reference,1,parliament-committees
https://en.wikipedia.org/wiki/Brij_Lal_(police_officer),en.wikipedia.org,encyclopedia,office-holder reference,1,parliament-rajya-sabha
https://en.wikipedia.org/wiki/Brijbihari_Pateriya,en.wikipedia.org,encyclopedia,office-holder reference,1,mlas-mp-cg-rj
https://en.wikipedia.org/wiki/Brijendra_Pratap_Singh,en.wikipedia.org,encyclopedia,office-holder reference,1,mlas-mp-cg-rj
https://en.wikipedia.org/wiki/Brishaketu_Debbarma,en.wikipedia.org,encyclopedia,office-holder reference,1,mlas-mz-nl-tr
https://en.wikipedia.org/wiki/Buchepalli_Siva_Prasad_Reddy,en.wikipedia.org,encyclopedia,office-holder reference,1,mlas-ka-ap-tg
https://en.wikipedia.org/wiki/Budda_Rajasekhar_Reddy,en.wikipedia.org,encyclopedia,office-holder reference,1,mlas-ka-ap-tg
https://en.wikipedia.org/wiki/Budhrai_Tudu,en.wikipedia.org,encyclopedia,office-holder reference,1,mlas-wb-as-sk
https://en.wikipedia.org/wiki/Budhram_Singh,en.wikipedia.org,encyclopedia,office-holder reference,1,mlas-pb-hr-hp-dl
https://en.wikipedia.org/wiki/Bunty_Bhangdiya,en.wikipedia.org,encyclopedia,office-holder reference,1,mlas-mh-gj-ga
https://en.wikipedia.org/wiki/Bureau_of_Energy_Efficiency,en.wikipedia.org,encyclopedia,entity facts,1,ministries-d
https://en.wikipedia.org/wiki/Burhanul_Mukaddim,en.wikipedia.org,encyclopedia,office-holder reference,1,mlas-wb-as-sk
https://en.wikipedia.org/wiki/Burla_Ramanjaneyulu,en.wikipedia.org,encyclopedia,office-holder reference,1,mlas-ka-ap-tg
https://en.wikipedia.org/wiki/Busine_Virupakshi,en.wikipedia.org,encyclopedia,office-holder reference,1,mlas-ka-ap-tg
https://en.wikipedia.org/wiki/Byomakesh_Ray,en.wikipedia.org,encyclopedia,office-holder reference,1,mlas-br-jh-od
https://en.wikipedia.org/wiki/Byrathi_Suresh,en.wikipedia.org,encyclopedia,office-holder reference,1,mlas-ka-ap-tg
https://en.wikipedia.org/wiki/Byrati_Basavaraj,en.wikipedia.org,encyclopedia,office-holder reference,1,mlas-ka-ap-tg
https://en.wikipedia.org/wiki/C._Aiyappan,en.wikipedia.org,encyclopedia,office-holder reference,1,mlas-tn-kl-py
https://en.wikipedia.org/wiki/C._Ajayaprasad,en.wikipedia.org,encyclopedia,office-holder reference,1,mlas-tn-kl-py
https://en.wikipedia.org/wiki/C._Anji_Reddy,en.wikipedia.org,encyclopedia,office-holder reference,1,mlas-ka-ap-tg
https://en.wikipedia.org/wiki/C._B._Suresh_Babu,en.wikipedia.org,encyclopedia,office-holder reference,1,mlas-ka-ap-tg
https://en.wikipedia.org/wiki/C._C._Patil,en.wikipedia.org,encyclopedia,office-holder reference,1,mlas-ka-ap-tg
https://en.wikipedia.org/wiki/C._J._Chavda,en.wikipedia.org,encyclopedia,office-holder reference,1,mlas-mh-gj-ga
https://en.wikipedia.org/wiki/C._K._Hareendran,en.wikipedia.org,encyclopedia,office-holder reference,1,mlas-tn-kl-py
https://en.wikipedia.org/wiki/C._K._Kasim,en.wikipedia.org,encyclopedia,office-holder reference,1,mlas-tn-kl-py
https://en.wikipedia.org/wiki/C._K._Ramamurthy,en.wikipedia.org,encyclopedia,office-holder reference,1,mlas-ka-ap-tg
https://en.wikipedia.org/wiki/C._Kipili_Sangtam,en.wikipedia.org,encyclopedia,office-holder reference,1,mlas-mz-nl-tr
https://en.wikipedia.org/wiki/C._L._John,en.wikipedia.org,encyclopedia,office-holder reference,1,mlas-mz-nl-tr
https://en.wikipedia.org/wiki/C._L._Premi_Bairwa,en.wikipedia.org,encyclopedia,office-holder reference,1,mlas-mp-cg-rj
https://en.wikipedia.org/wiki/C._Lalsawivunga,en.wikipedia.org,encyclopedia,office-holder reference,1,mlas-mz-nl-tr
https://en.wikipedia.org/wiki/C._Manpon_Konyak,en.wikipedia.org,encyclopedia,office-holder reference,1,mlas-mz-nl-tr
https://en.wikipedia.org/wiki/C._N._Ashwath_Narayan,en.wikipedia.org,encyclopedia,office-holder reference,1,mlas-ka-ap-tg
https://en.wikipedia.org/wiki/C._N._Balakrishna,en.wikipedia.org,encyclopedia,office-holder reference,1,mlas-ka-ap-tg
https://en.wikipedia.org/wiki/C._Ngunlianchunga,en.wikipedia.org,encyclopedia,office-holder reference,1,mlas-mz-nl-tr
https://en.wikipedia.org/wiki/C._P._John,en.wikipedia.org,encyclopedia,office-holder reference,1,mlas-tn-kl-py
https://en.wikipedia.org/wiki/C._P._Singh_(Indian_politician),en.wikipedia.org,encyclopedia,office-holder reference,1,mlas-br-jh-od
https://en.wikipedia.org/wiki/C._P._Yogeshwar,en.wikipedia.org,encyclopedia,office-holder reference,1,mlas-ka-ap-tg
https://en.wikipedia.org/wiki/C._Puttarangashetty,en.wikipedia.org,encyclopedia,office-holder reference,1,mlas-ka-ap-tg
https://en.wikipedia.org/wiki/C._R._Mahesh,en.wikipedia.org,encyclopedia,office-holder reference,1,mlas-tn-kl-py
https://en.wikipedia.org/wiki/C._Ramachandraiah,en.wikipedia.org,encyclopedia,office-holder reference,1,mlas-ka-ap-tg
https://en.wikipedia.org/wiki/C._Raveendranath,en.wikipedia.org,encyclopedia,office-holder reference,1,mlas-tn-kl-py
https://en.wikipedia.org/wiki/C._S._Dilip,en.wikipedia.org,encyclopedia,office-holder reference,1,mlas-tn-kl-py
https://en.wikipedia.org/wiki/C._S._Nadagouda,en.wikipedia.org,encyclopedia,office-holder reference,1,mlas-ka-ap-tg
https://en.wikipedia.org/wiki/C._S._Raazen_Ekka,en.wikipedia.org,encyclopedia,office-holder reference,1,mlas-br-jh-od
https://en.wikipedia.org/wiki/C._Sadanandan_Master,en.wikipedia.org,encyclopedia,office-holder reference,1,parliament-rajya-sabha
https://en.wikipedia.org/wiki/C._Sivakumar,en.wikipedia.org,encyclopedia,office-holder reference,1,mlas-tn-kl-py
https://en.wikipedia.org/wiki/C._T._R._Nirmal_Kumar,en.wikipedia.org,encyclopedia,office-holder reference,1,mlas-tn-kl-py
https://en.wikipedia.org/wiki/C._T._Ravi,en.wikipedia.org,encyclopedia,office-holder reference,1,mlas-ka-ap-tg
https://en.wikipedia.org/wiki/C._V._Ganesan,en.wikipedia.org,encyclopedia,office-holder reference,1,mlas-tn-kl-py
https://en.wikipedia.org/wiki/C._V._Santhakumar,en.wikipedia.org,encyclopedia,office-holder reference,1,mlas-tn-kl-py
https://en.wikipedia.org/wiki/C._V._Shanmugam,en.wikipedia.org,encyclopedia,office-holder reference,1,mlas-tn-kl-py
https://en.wikipedia.org/wiki/C._Vijayalakshmi,en.wikipedia.org,encyclopedia,office-holder reference,1,mlas-tn-kl-py
https://en.wikipedia.org/wiki/C.K_Raulji,en.wikipedia.org,encyclopedia,office-holder reference,1,mlas-mh-gj-ga
https://en.wikipedia.org/wiki/Carlos_Alvares_Ferreira,en.wikipedia.org,encyclopedia,office-holder reference,1,mlas-mh-gj-ga
https://en.wikipedia.org/wiki/Celestine_Lyngdoh,en.wikipedia.org,encyclopedia,office-holder reference,1,mlas-jk-ar-mn-ml
https://en.wikipedia.org/wiki/Cement_Manju,en.wikipedia.org,encyclopedia,office-holder reference,1,mlas-ka-ap-tg
https://en.wikipedia.org/wiki/Central_Adoption_Resource_Authority,en.wikipedia.org,encyclopedia,entity facts,1,ministries-f
https://en.wikipedia.org/wiki/Central_Air_Command_(India),en.wikipedia.org,encyclopedia,office-holder,1,ministries-b2
https://en.wikipedia.org/wiki/Central_Board_of_Film_Certification,en.wikipedia.org,encyclopedia,entity facts,1,ministries-g
https://en.wikipedia.org/wiki/Central_Command_(India),en.wikipedia.org,encyclopedia,office-holder,1,ministries-b2
https://en.wikipedia.org/wiki/Central_Drugs_Standard_Control_Organisation,en.wikipedia.org,encyclopedia,entity facts,1,ministries-f
https://en.wikipedia.org/wiki/Central_Electricity_Authority_(India),en.wikipedia.org,encyclopedia,entity facts,1,ministries-d
https://en.wikipedia.org/wiki/Central_Government_Health_Scheme,en.wikipedia.org,encyclopedia,entity facts,1,ministries-f
https://en.wikipedia.org/wiki/Central_Pollution_Control_Board,en.wikipedia.org,encyclopedia,entity facts,1,ministries-g
https://en.wikipedia.org/wiki/Central_Power_Research_Institute,en.wikipedia.org,encyclopedia,entity facts,1,ministries-d
https://en.wikipedia.org/wiki/Central_Silk_Board,en.wikipedia.org,encyclopedia,entity facts,1,ministries-g
https://en.wikipedia.org/wiki/Central_university_(India),en.wikipedia.org,encyclopedia,entity facts,1,ministries-f
https://en.wikipedia.org/wiki/Central_Waqf_Council,en.wikipedia.org,encyclopedia,entity facts,1,ministries-f
https://en.wikipedia.org/wiki/Central_Zoo_Authority,en.wikipedia.org,encyclopedia,entity facts,1,ministries-g
https://en.wikipedia.org/wiki/Ch._Adinarayana_Reddy,en.wikipedia.org,encyclopedia,office-holder reference,1,mlas-ka-ap-tg
https://en.wikipedia.org/wiki/Chadalavada_Aravinda_Babu,en.wikipedia.org,encyclopedia,office-holder reference,1,mlas-ka-ap-tg
https://en.wikipedia.org/wiki/Chainsingh_Warkade,en.wikipedia.org,encyclopedia,office-holder reference,1,mlas-mp-cg-rj
https://en.wikipedia.org/wiki/Chainsukh_Madanlal_Sancheti,en.wikipedia.org,encyclopedia,office-holder reference,1,mlas-mh-gj-ga
https://en.wikipedia.org/wiki/Chaitanya_Desai,en.wikipedia.org,encyclopedia,office-holder reference,1,mlas-mh-gj-ga
https://en.wikipedia.org/wiki/Chaitanyasinh_Zala,en.wikipedia.org,encyclopedia,office-holder reference,1,mlas-mh-gj-ga
https://en.wikipedia.org/wiki/Chaitar_Vasava,en.wikipedia.org,encyclopedia,office-holder reference,1,mlas-mh-gj-ga
https://en.wikipedia.org/wiki/Chaitram_Atami,en.wikipedia.org,encyclopedia,office-holder reference,1,mlas-mp-cg-rj
https://en.wikipedia.org/wiki/Chakat_Aboh,en.wikipedia.org,encyclopedia,office-holder reference,1,mlas-jk-ar-mn-ml
https://en.wikipedia.org/wiki/Chakradhar_Gogoi,en.wikipedia.org,encyclopedia,office-holder reference,1,mlas-wb-as-sk
https://en.wikipedia.org/wiki/Chakramani_Kanhar,en.wikipedia.org,encyclopedia,office-holder reference,1,mlas-br-jh-od
https://en.wikipedia.org/wiki/Chalavadi_Narayanaswamy,en.wikipedia.org,encyclopedia,office-holder reference,1,mlas-ka-ap-tg
https://en.wikipedia.org/wiki/Challa_Venkatrami_Reddy,en.wikipedia.org,encyclopedia,office-holder reference,1,mlas-ka-ap-tg
https://en.wikipedia.org/wiki/Champai_Soren,en.wikipedia.org,encyclopedia,office-holder reference,1,mlas-br-jh-od
https://en.wikipedia.org/wiki/Chamra_Linda,en.wikipedia.org,encyclopedia,office-holder reference,1,mlas-br-jh-od
https://en.wikipedia.org/wiki/Chanda_Singh_Gaur,en.wikipedia.org,encyclopedia,office-holder reference,1,mlas-mp-cg-rj
https://en.wikipedia.org/wiki/Chandan_Kumar_Choudhary,en.wikipedia.org,encyclopedia,office-holder reference,1,mlas-pb-hr-hp-dl
https://en.wikipedia.org/wiki/Chandana_Bauri,en.wikipedia.org,encyclopedia,office-holder reference,1,mlas-wb-as-sk
https://en.wikipedia.org/wiki/Chandar_Singh_Sisodiya,en.wikipedia.org,encyclopedia,office-holder reference,1,mlas-mp-cg-rj
https://en.wikipedia.org/wiki/Chander_Kumar,en.wikipedia.org,encyclopedia,office-holder reference,1,mlas-pb-hr-hp-dl
https://en.wikipedia.org/wiki/Chander_Mohan,en.wikipedia.org,encyclopedia,office-holder reference,1,mlas-pb-hr-hp-dl
https://en.wikipedia.org/wiki/Chander_Prakash_Ganga,en.wikipedia.org,encyclopedia,office-holder reference,1,mlas-jk-ar-mn-ml
https://en.wikipedia.org/wiki/Chander_Prakash_Jangra,en.wikipedia.org,encyclopedia,office-holder reference,1,mlas-pb-hr-hp-dl
https://en.wikipedia.org/wiki/Chandernagore_Municipal_Corporation,en.wikipedia.org,encyclopedia,entity facts,1,states-wb-as-sk
https://en.wikipedia.org/wiki/Chandigarh_Police,en.wikipedia.org,encyclopedia,office-holder,1,states-pb-hr-ch-r2
https://en.wikipedia.org/wiki/Chandra_Mohan_Patowary,en.wikipedia.org,encyclopedia,office-holder reference,1,mlas-wb-as-sk
https://en.wikipedia.org/wiki/Chandra_Sekhar_Banerjee,en.wikipedia.org,encyclopedia,office-holder reference,1,mlas-wb-as-sk
https://en.wikipedia.org/wiki/Chandra_Sekhar_Mondal,en.wikipedia.org,encyclopedia,office-holder reference,1,mlas-wb-as-sk
https://en.wikipedia.org/wiki/Chandrabhan_Singh_Aakya,en.wikipedia.org,encyclopedia,office-holder reference,1,mlas-mp-cg-rj
https://en.wikipedia.org/wiki/Chandradip_Narke,en.wikipedia.org,encyclopedia,office-holder reference,1,mlas-mh-gj-ga
https://en.wikipedia.org/wiki/Chandrakant_Handore,en.wikipedia.org,encyclopedia,office-holder reference,1,parliament-rajya-sabha
https://en.wikipedia.org/wiki/Chandrakant_Nawghare,en.wikipedia.org,encyclopedia,office-holder reference,1,mlas-mh-gj-ga
https://en.wikipedia.org/wiki/Chandrakant_Nimba_Patil,en.wikipedia.org,encyclopedia,office-holder reference,1,mlas-mh-gj-ga
https://en.wikipedia.org/wiki/Chandrakant_Patil,en.wikipedia.org,encyclopedia,office-holder reference,1,mlas-mh-gj-ga
https://en.wikipedia.org/wiki/Chandrakant_Raghuwanshi,en.wikipedia.org,encyclopedia,office-holder reference,1,mlas-mh-gj-ga
https://en.wikipedia.org/wiki/Chandrakant_Shetye,en.wikipedia.org,encyclopedia,office-holder reference,1,mlas-mh-gj-ga
https://en.wikipedia.org/wiki/Chandrakant_Sonawane,en.wikipedia.org,encyclopedia,office-holder reference,1,mlas-mh-gj-ga
https://en.wikipedia.org/wiki/Chandranath_Sinha,en.wikipedia.org,encyclopedia,office-holder reference,1,mlas-wb-as-sk
https://en.wikipedia.org/wiki/Chandrasekhar_Patil,en.wikipedia.org,encyclopedia,office-holder reference,1,mlas-ka-ap-tg
https://en.wikipedia.org/wiki/Chandrashekhar_Bawankule,en.wikipedia.org,encyclopedia,office-holder reference,1,mlas-mh-gj-ga
https://en.wikipedia.org/wiki/Chandrashekhar_Deshmukh,en.wikipedia.org,encyclopedia,office-holder reference,1,mlas-mp-cg-rj
https://en.wikipedia.org/wiki/Chandrashekhar_Yadav,en.wikipedia.org,encyclopedia,office-holder reference,1,mlas-br-jh-od
https://en.wikipedia.org/wiki/Chandru_Lamani,en.wikipedia.org,encyclopedia,office-holder reference,1,mlas-ka-ap-tg
https://en.wikipedia.org/wiki/Chandu_Atmaramji_Yawalkar,en.wikipedia.org,encyclopedia,office-holder reference,1,mlas-mh-gj-ga
https://en.wikipedia.org/wiki/Chandy_Oommen,en.wikipedia.org,encyclopedia,office-holder reference,1,mlas-tn-kl-py
https://en.wikipedia.org/wiki/Channareddy_Patil_Tunnur,en.wikipedia.org,encyclopedia,office-holder reference,1,mlas-ka-ap-tg
https://en.wikipedia.org/wiki/Charan_Boro,en.wikipedia.org,encyclopedia,office-holder reference,1,mlas-wb-as-sk
https://en.wikipedia.org/wiki/Charanjit_Singh_(politician),en.wikipedia.org,encyclopedia,office-holder reference,1,mlas-pb-hr-hp-dl
https://en.wikipedia.org/wiki/Charansing_Thakur,en.wikipedia.org,encyclopedia,office-holder reference,1,mlas-mh-gj-ga
https://en.wikipedia.org/wiki/Charles_Marngar,en.wikipedia.org,encyclopedia,office-holder reference,1,mlas-jk-ar-mn-ml
https://en.wikipedia.org/wiki/Charles_Pyngrope,en.wikipedia.org,encyclopedia,office-holder reference,1,mlas-jk-ar-mn-ml
https://en.wikipedia.org/wiki/Chas_Municipal_Corporation,en.wikipedia.org,encyclopedia,entity facts,1,states-br-jh-od
https://en.wikipedia.org/wiki/Chaturi_Nand,en.wikipedia.org,encyclopedia,office-holder reference,1,mlas-mp-cg-rj
https://en.wikipedia.org/wiki/Chau_Zingnu_Namchoom,en.wikipedia.org,encyclopedia,office-holder reference,1,mlas-jk-ar-mn-ml
https://en.wikipedia.org/wiki/Chaudhary_Tejveer_Singh,en.wikipedia.org,encyclopedia,office-holder reference,1,parliament-rajya-sabha
https://en.wikipedia.org/wiki/Chaudhary_Zubair_Ahmad,en.wikipedia.org,encyclopedia,office-holder reference,1,mlas-pb-hr-hp-dl
https://en.wikipedia.org/wiki/Chaya_More,en.wikipedia.org,encyclopedia,office-holder reference,1,mlas-mp-cg-rj
https://en.wikipedia.org/wiki/Chennai_Petroleum_Corporation,en.wikipedia.org,encyclopedia,entity facts,1,ministries-d
https://en.wikipedia.org/wiki/Chetan_Anand_(politician),en.wikipedia.org,encyclopedia,office-holder reference,1,mlas-br-jh-od
https://en.wikipedia.org/wiki/Chetan_Patel_Kolana,en.wikipedia.org,encyclopedia,office-holder reference,1,mlas-mp-cg-rj
https://en.wikipedia.org/wiki/Chetan_Singh_Jaura_Majra,en.wikipedia.org,encyclopedia,office-holder reference,1,mlas-pb-hr-hp-dl
https://en.wikipedia.org/wiki/Chetan_Tupe,en.wikipedia.org,encyclopedia,office-holder reference,1,mlas-mh-gj-ga
https://en.wikipedia.org/wiki/Chetanya_Kasyap,en.wikipedia.org,encyclopedia,office-holder reference,1,mlas-mp-cg-rj
https://en.wikipedia.org/wiki/Chhabi_Malik,en.wikipedia.org,encyclopedia,office-holder reference,1,mlas-br-jh-od
https://en.wikipedia.org/wiki/Chhagan_Bhujbal,en.wikipedia.org,encyclopedia,office-holder reference,1,mlas-mh-gj-ga
https://en.wikipedia.org/wiki/Chhagan_Singh,en.wikipedia.org,encyclopedia,office-holder reference,1,mlas-mp-cg-rj
https://en.wikipedia.org/wiki/Chhanga_Trikam_Bijal,en.wikipedia.org,encyclopedia,office-holder reference,1,mlas-mh-gj-ga
https://en.wikipedia.org/wiki/Chhapra_Municipal_Corporation,en.wikipedia.org,encyclopedia,entity facts,1,states-br-jh-od
https://en.wikipedia.org/wiki/Chhattisgarh_Police,en.wikipedia.org,encyclopedia,office-holder,1,states-mp-cg-rj-r2
https://en.wikipedia.org/wiki/Chhoti_Kumari,en.wikipedia.org,encyclopedia,office-holder reference,1,mlas-br-jh-od
https://en.wikipedia.org/wiki/Chhotu_Singh_Bhati,en.wikipedia.org,encyclopedia,office-holder reference,1,mlas-mp-cg-rj
https://en.wikipedia.org/wiki/Chief_Minister_of_Goa,en.wikipedia.org,encyclopedia,office-holder,1,states-mh-gj-ga
https://en.wikipedia.org/wiki/Chief_Minister_of_Gujarat,en.wikipedia.org,encyclopedia,office-holder,1,states-mh-gj-ga
https://en.wikipedia.org/wiki/Chief_Minister_of_Maharashtra,en.wikipedia.org,encyclopedia,office-holder,1,states-mh-gj-ga
https://en.wikipedia.org/wiki/Chief_of_Defence_Staff_(India),en.wikipedia.org,encyclopedia,office-holder,1,ministries-b2
https://en.wikipedia.org/wiki/Chief_of_Integrated_Defence_Staff,en.wikipedia.org,encyclopedia,office-holder,1,ministries-b2
https://en.wikipedia.org/wiki/Chief_of_the_Air_Staff_(India),en.wikipedia.org,encyclopedia,office-holder,1,ministries-b2
https://en.wikipedia.org/wiki/Chief_of_the_Army_Staff_(India),en.wikipedia.org,encyclopedia,office-holder,1,ministries-b2
https://en.wikipedia.org/wiki/Chief_of_the_Naval_Staff_(India),en.wikipedia.org,encyclopedia,office-holder,1,ministries-b2
https://en.wikipedia.org/wiki/Chief_Secretary_of_Maharashtra,en.wikipedia.org,encyclopedia,office-holder,1,states-mh-gj-ga
https://en.wikipedia.org/wiki/Chief_Secretary_of_Uttarakhand,en.wikipedia.org,encyclopedia,office-holder,1,states-up-uk-hp
https://en.wikipedia.org/wiki/Chinlunthang_Manlun,en.wikipedia.org,encyclopedia,office-holder reference,1,mlas-jk-ar-mn-ml
https://en.wikipedia.org/wiki/Chinmoy_Deb_Barman,en.wikipedia.org,encyclopedia,office-holder reference,1,mlas-wb-as-sk
https://en.wikipedia.org/wiki/Chintakayala_Ayyanna_Patrudu,en.wikipedia.org,encyclopedia,office-holder reference,1,mlas-ka-ap-tg
https://en.wikipedia.org/wiki/Chintamaneni_Prabhakar,en.wikipedia.org,encyclopedia,office-holder reference,1,mlas-ka-ap-tg
https://en.wikipedia.org/wiki/Chintamani_Malviya,en.wikipedia.org,encyclopedia,office-holder reference,1,mlas-mp-cg-rj
https://en.wikipedia.org/wiki/Chirag_Patel,en.wikipedia.org,encyclopedia,office-holder reference,1,mlas-mh-gj-ga
https://en.wikipedia.org/wiki/Chiran_Bera,en.wikipedia.org,encyclopedia,office-holder reference,1,mlas-wb-as-sk
https://en.wikipedia.org/wiki/Chirri_Balaraju,en.wikipedia.org,encyclopedia,office-holder reference,1,mlas-ka-ap-tg
https://en.wikipedia.org/wiki/Chitta_Mukherjee,en.wikipedia.org,encyclopedia,office-holder reference,1,mlas-wb-as-sk
https://en.wikipedia.org/wiki/Chitta_Ranjan_Debbarma,en.wikipedia.org,encyclopedia,office-holder reference,1,mlas-mz-nl-tr
https://en.wikipedia.org/wiki/Choudhary_Mohammed_Akram,en.wikipedia.org,encyclopedia,office-holder reference,1,mlas-jk-ar-mn-ml
https://en.wikipedia.org/wiki/Choudhary_Sujeet_Mersingh,en.wikipedia.org,encyclopedia,office-holder reference,1,mlas-mp-cg-rj
https://en.wikipedia.org/wiki/Christopher_Tilak,en.wikipedia.org,encyclopedia,office-holder reference,1,parliament-rajya-sabha
https://en.wikipedia.org/wiki/Chunnilal_Garasiya,en.wikipedia.org,encyclopedia,office-holder reference,1,parliament-rajya-sabha
https://en.wikipedia.org/wiki/Clement_Lalhmingthanga,en.wikipedia.org,encyclopedia,office-holder reference,1,mlas-mz-nl-tr
https://en.wikipedia.org/wiki/Coffee_Board_of_India,en.wikipedia.org,encyclopedia,office-holder,1,ministries-a
https://en.wikipedia.org/wiki/Collegium_system,en.wikipedia.org,encyclopedia,legal basis,1,judiciary-supreme-court
https://en.wikipedia.org/wiki/Comingone_Ymbon,en.wikipedia.org,encyclopedia,office-holder reference,1,mlas-jk-ar-mn-ml
https://en.wikipedia.org/wiki/Constandine_Ravindran,en.wikipedia.org,encyclopedia,office-holder reference,1,parliament-rajya-sabha
"https://en.wikipedia.org/wiki/Consumer_Protection_Act,_2019",en.wikipedia.org,encyclopedia,relationship,1,ministries-e
"https://en.wikipedia.org/wiki/Controller_General_of_Patents,_Designs_and_Trade_Marks",en.wikipedia.org,encyclopedia,office-holder,1,ministries-a
https://en.wikipedia.org/wiki/Council_of_Scientific_and_Industrial_Research,en.wikipedia.org,encyclopedia,entity facts,1,ministries-g
https://en.wikipedia.org/wiki/Cruz_Silva,en.wikipedia.org,encyclopedia,office-holder reference,1,mlas-mh-gj-ga
"https://en.wikipedia.org/wiki/Customs,_Excise_and_Service_Tax_Appellate_Tribunal",en.wikipedia.org,encyclopedia,entity facts,1,judiciary-tribunals
https://en.wikipedia.org/wiki/Cuttack_Municipal_Corporation,en.wikipedia.org,encyclopedia,entity facts,1,states-br-jh-od
https://en.wikipedia.org/wiki/Cyriac_Thomas,en.wikipedia.org,encyclopedia,office-holder reference,1,mlas-tn-kl-py
https://en.wikipedia.org/wiki/D._Damodar_Rao,en.wikipedia.org,encyclopedia,office-holder reference,1,parliament-rajya-sabha
https://en.wikipedia.org/wiki/D._Elangovan,en.wikipedia.org,encyclopedia,office-holder reference,1,mlas-tn-kl-py
https://en.wikipedia.org/wiki/D._Gowtham,en.wikipedia.org,encyclopedia,office-holder reference,1,mlas-tn-kl-py
https://en.wikipedia.org/wiki/D._K._Swami,en.wikipedia.org,encyclopedia,office-holder reference,1,mlas-mh-gj-ga
https://en.wikipedia.org/wiki/D._Ravishankar,en.wikipedia.org,encyclopedia,office-holder reference,1,mlas-ka-ap-tg
https://en.wikipedia.org/wiki/D._Sarathkumar,en.wikipedia.org,encyclopedia,office-holder reference,1,mlas-tn-kl-py
https://en.wikipedia.org/wiki/D._Shanmugan,en.wikipedia.org,encyclopedia,office-holder reference,1,mlas-tn-kl-py
https://en.wikipedia.org/wiki/D._Vedavyasa_Kamath,en.wikipedia.org,encyclopedia,office-holder reference,1,mlas-ka-ap-tg
https://en.wikipedia.org/wiki/D._Velazhagan,en.wikipedia.org,encyclopedia,office-holder reference,1,mlas-tn-kl-py
https://en.wikipedia.org/wiki/Dadaji_Bhuse,en.wikipedia.org,encyclopedia,office-holder reference,1,mlas-mh-gj-ga
https://en.wikipedia.org/wiki/Dadhiram_Ray,en.wikipedia.org,encyclopedia,office-holder reference,1,mlas-wb-as-sk
https://en.wikipedia.org/wiki/Daggupati_Venkateswara_Prasad,en.wikipedia.org,encyclopedia,office-holder reference,1,mlas-ka-ap-tg
https://en.wikipedia.org/wiki/Dagumati_Venkata_Krishna_Reddy,en.wikipedia.org,encyclopedia,office-holder reference,1,mlas-ka-ap-tg
https://en.wikipedia.org/wiki/Dalbir_Singh_Tong,en.wikipedia.org,encyclopedia,office-holder reference,1,mlas-pb-hr-hp-dl
https://en.wikipedia.org/wiki/Daleep_Singh,en.wikipedia.org,encyclopedia,office-holder reference,1,mlas-jk-ar-mn-ml
https://en.wikipedia.org/wiki/Daleshwar_Sahu,en.wikipedia.org,encyclopedia,office-holder reference,1,mlas-mp-cg-rj
https://en.wikipedia.org/wiki/Dalim_Chandra_Roy,en.wikipedia.org,encyclopedia,office-holder reference,1,mlas-wb-as-sk
https://en.wikipedia.org/wiki/Dalip_Thakur,en.wikipedia.org,encyclopedia,office-holder reference,1,mlas-pb-hr-hp-dl
https://en.wikipedia.org/wiki/Daljit_Singh_Grewal,en.wikipedia.org,encyclopedia,office-holder reference,1,mlas-pb-hr-hp-dl
https://en.wikipedia.org/wiki/Damacharla_Janardhana_Rao,en.wikipedia.org,encyclopedia,office-holder reference,1,mlas-ka-ap-tg
https://en.wikipedia.org/wiki/Damanbait_Lamare,en.wikipedia.org,encyclopedia,office-holder reference,1,mlas-jk-ar-mn-ml
https://en.wikipedia.org/wiki/Damodar_Raja_Narasimha,en.wikipedia.org,encyclopedia,office-holder reference,1,mlas-ka-ap-tg
https://en.wikipedia.org/wiki/Dande_Vittal,en.wikipedia.org,encyclopedia,office-holder reference,1,mlas-ka-ap-tg
https://en.wikipedia.org/wiki/Daochier_L._Imchen,en.wikipedia.org,encyclopedia,office-holder reference,1,mlas-mz-nl-tr
https://en.wikipedia.org/wiki/Darbhanga_Municipal_Corporation,en.wikipedia.org,encyclopedia,entity facts,1,states-br-jh-od
https://en.wikipedia.org/wiki/Darshan_Dhruvanarayana,en.wikipedia.org,encyclopedia,office-holder reference,1,mlas-ka-ap-tg
https://en.wikipedia.org/wiki/Darshan_Puttannaiah,en.wikipedia.org,encyclopedia,office-holder reference,1,mlas-ka-ap-tg
https://en.wikipedia.org/wiki/Darshan_Singh_Gurjar,en.wikipedia.org,encyclopedia,office-holder reference,1,mlas-mp-cg-rj
https://en.wikipedia.org/wiki/Darshana_Singh,en.wikipedia.org,encyclopedia,office-holder reference,1,parliament-rajya-sabha
https://en.wikipedia.org/wiki/Darshita_Shah,en.wikipedia.org,encyclopedia,office-holder reference,1,mlas-mh-gj-ga
https://en.wikipedia.org/wiki/Darshna_Vaghela,en.wikipedia.org,encyclopedia,office-holder reference,1,mlas-mh-gj-ga
https://en.wikipedia.org/wiki/Darshna_Vasava,en.wikipedia.org,encyclopedia,office-holder reference,1,mlas-mh-gj-ga
https://en.wikipedia.org/wiki/Dasanglu_Pul,en.wikipedia.org,encyclopedia,office-holder reference,1,mlas-jk-ar-mn-ml
https://en.wikipedia.org/wiki/Dasarathi_Gomango,en.wikipedia.org,encyclopedia,office-holder reference,1,mlas-br-jh-od
https://en.wikipedia.org/wiki/Dasari_Sudha,en.wikipedia.org,encyclopedia,office-holder reference,1,mlas-ka-ap-tg
https://en.wikipedia.org/wiki/Dashrath_Gagrai,en.wikipedia.org,encyclopedia,office-holder reference,1,mlas-br-jh-od
https://en.wikipedia.org/wiki/Dasoju_Sravan_Kumar,en.wikipedia.org,encyclopedia,office-holder reference,1,mlas-ka-ap-tg
https://en.wikipedia.org/wiki/Datla_Subbaraju,en.wikipedia.org,encyclopedia,office-holder reference,1,mlas-ka-ap-tg
https://en.wikipedia.org/wiki/Dattatray_Vithoba_Bharne,en.wikipedia.org,encyclopedia,office-holder reference,1,mlas-mh-gj-ga
https://en.wikipedia.org/wiki/Daulat_Daroda,en.wikipedia.org,encyclopedia,office-holder reference,1,mlas-mh-gj-ga
https://en.wikipedia.org/wiki/Dayaldas_Baghel,en.wikipedia.org,encyclopedia,office-holder reference,1,mlas-mp-cg-rj
https://en.wikipedia.org/wiki/Dayaram_Parmar,en.wikipedia.org,encyclopedia,office-holder reference,1,mlas-mp-cg-rj
https://en.wikipedia.org/wiki/Debangshu_Panda,en.wikipedia.org,encyclopedia,office-holder reference,1,mlas-wb-as-sk
https://en.wikipedia.org/wiki/Debashish_Samantaray,en.wikipedia.org,encyclopedia,office-holder reference,1,parliament-rajya-sabha
https://en.wikipedia.org/wiki/Debasis_Ojha,en.wikipedia.org,encyclopedia,office-holder reference,1,mlas-wb-as-sk
https://en.wikipedia.org/wiki/Debasish_Dhar,en.wikipedia.org,encyclopedia,office-holder reference,1,mlas-wb-as-sk
https://en.wikipedia.org/wiki/Debdas_Mondal,en.wikipedia.org,encyclopedia,office-holder reference,1,mlas-wb-as-sk
https://en.wikipedia.org/wiki/Deen_Dayal_Bairwa,en.wikipedia.org,encyclopedia,office-holder reference,1,mlas-mp-cg-rj
https://en.wikipedia.org/wiki/Deep_Raj_(politician),en.wikipedia.org,encyclopedia,office-holder reference,1,mlas-pb-hr-hp-dl
https://en.wikipedia.org/wiki/Deepa_Manjhi,en.wikipedia.org,encyclopedia,office-holder reference,1,mlas-br-jh-od
https://en.wikipedia.org/wiki/Deepak_Birua,en.wikipedia.org,encyclopedia,office-holder reference,1,mlas-br-jh-od
https://en.wikipedia.org/wiki/Deepak_Chaudhary,en.wikipedia.org,encyclopedia,office-holder reference,1,mlas-pb-hr-hp-dl
https://en.wikipedia.org/wiki/Deepak_Joy,en.wikipedia.org,encyclopedia,office-holder reference,1,mlas-tn-kl-py
https://en.wikipedia.org/wiki/Deepak_Prakash,en.wikipedia.org,encyclopedia,office-holder reference,1,mlas-br-jh-od
https://en.wikipedia.org/wiki/Deepak_Vasant_Kesarkar,en.wikipedia.org,encyclopedia,office-holder reference,1,mlas-mh-gj-ga
https://en.wikipedia.org/wiki/Deepanjan_Kumar_Guha,en.wikipedia.org,encyclopedia,office-holder reference,1,mlas-wb-as-sk
https://en.wikipedia.org/wiki/Deepchand_Khairiya,en.wikipedia.org,encyclopedia,office-holder reference,1,mlas-mp-cg-rj
https://en.wikipedia.org/wiki/Deepti_Kiran_Maheshwari,en.wikipedia.org,encyclopedia,office-holder reference,1,mlas-mp-cg-rj
https://en.wikipedia.org/wiki/Defence_Intelligence_Agency_(India),en.wikipedia.org,encyclopedia,entity facts,1,ministries-b2
https://en.wikipedia.org/wiki/Defence_Secretary_(India),en.wikipedia.org,encyclopedia,office-holder,1,ministries-b2
https://en.wikipedia.org/wiki/Defence_Services_Staff_College,en.wikipedia.org,encyclopedia,entity facts,1,ministries-b2
https://en.wikipedia.org/wiki/Delay_Namgyal_Barfungpa,en.wikipedia.org,encyclopedia,office-holder reference,1,mlas-wb-as-sk
https://en.wikipedia.org/wiki/Delhi,en.wikipedia.org,encyclopedia,entity facts,1,states-dl-jk-la
https://en.wikipedia.org/wiki/Delilah_Lobo,en.wikipedia.org,encyclopedia,office-holder reference,1,mlas-mh-gj-ga
https://en.wikipedia.org/wiki/Demographics_of_Puducherry,en.wikipedia.org,encyclopedia,entity facts,1,states-tn-kl-py
https://en.wikipedia.org/wiki/Deoghar_Municipal_Corporation,en.wikipedia.org,encyclopedia,entity facts,1,states-br-jh-od
https://en.wikipedia.org/wiki/Deorao_Vithoba_Bhongle,en.wikipedia.org,encyclopedia,office-holder reference,1,mlas-mh-gj-ga
https://en.wikipedia.org/wiki/Department_of_Military_Affairs,en.wikipedia.org,encyclopedia,entity facts,1,ministries-b2
https://en.wikipedia.org/wiki/Department_of_Space,en.wikipedia.org,encyclopedia,entity facts,1,ministries-d
https://en.wikipedia.org/wiki/Derek_O%27Brien_(politician),en.wikipedia.org,encyclopedia,office-holder reference,1,parliament-rajya-sabha
https://en.wikipedia.org/wiki/Deshapati_Srinivas,en.wikipedia.org,encyclopedia,office-holder reference,1,mlas-ka-ap-tg
https://en.wikipedia.org/wiki/Deva_Varaprasad,en.wikipedia.org,encyclopedia,office-holder reference,1,mlas-ka-ap-tg
https://en.wikipedia.org/wiki/Devabhai_Malam,en.wikipedia.org,encyclopedia,office-holder reference,1,mlas-mh-gj-ga
https://en.wikipedia.org/wiki/Devanti_Yadav,en.wikipedia.org,encyclopedia,office-holder reference,1,mlas-br-jh-od
https://en.wikipedia.org/wiki/Devayani_Farande,en.wikipedia.org,encyclopedia,office-holder reference,1,mlas-mh-gj-ga
https://en.wikipedia.org/wiki/Devender_Attri,en.wikipedia.org,encyclopedia,office-holder reference,1,mlas-pb-hr-hp-dl
https://en.wikipedia.org/wiki/Devender_Hans,en.wikipedia.org,encyclopedia,office-holder reference,1,mlas-pb-hr-hp-dl
https://en.wikipedia.org/wiki/Devender_Kadyan,en.wikipedia.org,encyclopedia,office-holder reference,1,mlas-pb-hr-hp-dl
https://en.wikipedia.org/wiki/Devender_Singh_Yadav,en.wikipedia.org,encyclopedia,office-holder reference,1,mlas-mp-cg-rj
https://en.wikipedia.org/wiki/Devendra_Joshi,en.wikipedia.org,encyclopedia,office-holder reference,1,mlas-mp-cg-rj
https://en.wikipedia.org/wiki/Devendra_Kumar_Jain,en.wikipedia.org,encyclopedia,office-holder reference,1,mlas-mp-cg-rj
https://en.wikipedia.org/wiki/Devendra_Kumar_Upadhyaya,en.wikipedia.org,encyclopedia,office-holder reference,1,judiciary-high-courts
https://en.wikipedia.org/wiki/Devendra_Kunwar_(Jharkhand_politician),en.wikipedia.org,encyclopedia,office-holder reference,1,mlas-br-jh-od
https://en.wikipedia.org/wiki/Devendra_Patel,en.wikipedia.org,encyclopedia,office-holder reference,1,mlas-mp-cg-rj
https://en.wikipedia.org/wiki/Devendra_Pratap_Singh_(Chhattisgarh_politician),en.wikipedia.org,encyclopedia,office-holder reference,1,parliament-rajya-sabha
https://en.wikipedia.org/wiki/Devendra_Rajesh_Kothe,en.wikipedia.org,encyclopedia,office-holder reference,1,mlas-mh-gj-ga
https://en.wikipedia.org/wiki/Devendra_Sakhwar,en.wikipedia.org,encyclopedia,office-holder reference,1,mlas-mp-cg-rj
https://en.wikipedia.org/wiki/Devendra_Sharma_(general),en.wikipedia.org,encyclopedia,office-holder,1,ministries-b2
https://en.wikipedia.org/wiki/Devesh_Kant_Singh,en.wikipedia.org,encyclopedia,office-holder reference,1,mlas-br-jh-od
https://en.wikipedia.org/wiki/Devi_Ranjan_Tripathy,en.wikipedia.org,encyclopedia,office-holder reference,1,mlas-br-jh-od
https://en.wikipedia.org/wiki/Devi_Singh_Shekhawat,en.wikipedia.org,encyclopedia,office-holder reference,1,mlas-mp-cg-rj
https://en.wikipedia.org/wiki/Devinder_Kumar_Manyal,en.wikipedia.org,encyclopedia,office-holder reference,1,mlas-jk-ar-mn-ml
https://en.wikipedia.org/wiki/Devinder_Singh_Laddi_Dhos,en.wikipedia.org,encyclopedia,office-holder reference,1,mlas-pb-hr-hp-dl
https://en.wikipedia.org/wiki/Devireddy_Sudheer_Reddy,en.wikipedia.org,encyclopedia,office-holder reference,1,mlas-ka-ap-tg
https://en.wikipedia.org/wiki/Deviya_Vishwajit_Rane,en.wikipedia.org,encyclopedia,office-holder reference,1,mlas-mh-gj-ga
https://en.wikipedia.org/wiki/Devyani_Singh_Rana,en.wikipedia.org,encyclopedia,office-holder reference,1,mlas-jk-ar-mn-ml
https://en.wikipedia.org/wiki/Dhananjay_Mahadik,en.wikipedia.org,encyclopedia,office-holder reference,1,parliament-rajya-sabha
https://en.wikipedia.org/wiki/Dhananjay_Munde,en.wikipedia.org,encyclopedia,office-holder reference,1,mlas-mh-gj-ga
https://en.wikipedia.org/wiki/Dhananjay_Soren,en.wikipedia.org,encyclopedia,office-holder reference,1,mlas-br-jh-od
https://en.wikipedia.org/wiki/Dhanbad_Municipal_Corporation,en.wikipedia.org,encyclopedia,entity facts,1,states-br-jh-od
https://en.wikipedia.org/wiki/Dhanesh_Adlakha,en.wikipedia.org,encyclopedia,office-holder reference,1,mlas-pb-hr-hp-dl
https://en.wikipedia.org/wiki/Dhani_Ram_Shandil,en.wikipedia.org,encyclopedia,office-holder reference,1,mlas-pb-hr-hp-dl
https://en.wikipedia.org/wiki/Dhanpal_Suryanarayana_Gupta,en.wikipedia.org,encyclopedia,office-holder reference,1,mlas-ka-ap-tg
https://en.wikipedia.org/wiki/Dharamlal_Kaushik,en.wikipedia.org,encyclopedia,office-holder reference,1,mlas-mp-cg-rj
https://en.wikipedia.org/wiki/Dharamrao_Baba_Atram,en.wikipedia.org,encyclopedia,office-holder reference,1,mlas-mh-gj-ga
https://en.wikipedia.org/wiki/Dharamshila_Gupta,en.wikipedia.org,encyclopedia,office-holder reference,1,parliament-rajya-sabha
https://en.wikipedia.org/wiki/Dharmaraju_Patsamatla,en.wikipedia.org,encyclopedia,office-holder reference,1,mlas-ka-ap-tg
https://en.wikipedia.org/wiki/Dharmendra_Bhav_Singh_Lodhi,en.wikipedia.org,encyclopedia,office-holder reference,1,mlas-mp-cg-rj
https://en.wikipedia.org/wiki/Dharmendrasinh_Vaghela,en.wikipedia.org,encyclopedia,office-holder reference,1,mlas-mh-gj-ga
https://en.wikipedia.org/wiki/Dharmeswar_Konwar,en.wikipedia.org,encyclopedia,office-holder reference,1,mlas-wb-as-sk
https://en.wikipedia.org/wiki/Dharmeswar_Roy,en.wikipedia.org,encyclopedia,office-holder reference,1,mlas-wb-as-sk
https://en.wikipedia.org/wiki/Dharmjeet_Singh_Thakur,en.wikipedia.org,encyclopedia,office-holder reference,1,mlas-mp-cg-rj
https://en.wikipedia.org/wiki/Dharmpal_Gurjar,en.wikipedia.org,encyclopedia,office-holder reference,1,mlas-mp-cg-rj
https://en.wikipedia.org/wiki/Dhavalsinh_Zala,en.wikipedia.org,encyclopedia,office-holder reference,1,mlas-mh-gj-ga
https://en.wikipedia.org/wiki/Dheeraj_Muniraj,en.wikipedia.org,encyclopedia,office-holder reference,1,mlas-ka-ap-tg
https://en.wikipedia.org/wiki/Dhilipan_Jaishankar,en.wikipedia.org,encyclopedia,office-holder reference,1,mlas-tn-kl-py
https://en.wikipedia.org/wiki/Dhiraj_Gowala,en.wikipedia.org,encyclopedia,office-holder reference,1,mlas-wb-as-sk
https://en.wikipedia.org/wiki/Dhiraj_Lingade,en.wikipedia.org,encyclopedia,office-holder reference,1,mlas-mh-gj-ga
https://en.wikipedia.org/wiki/Dhirendra_Bahadur_Singh,en.wikipedia.org,encyclopedia,office-holder reference,1,mlas-mp-cg-rj
https://en.wikipedia.org/wiki/Dhriti_Banerjee,en.wikipedia.org,encyclopedia,office-holder reference,1,ministries-g
https://en.wikipedia.org/wiki/Dhruba_Charan_Sahoo,en.wikipedia.org,encyclopedia,office-holder reference,1,mlas-br-jh-od
https://en.wikipedia.org/wiki/Dhruba_Saha,en.wikipedia.org,encyclopedia,office-holder reference,1,mlas-wb-as-sk
https://en.wikipedia.org/wiki/Dhulipalla_Narendra_Kumar,en.wikipedia.org,encyclopedia,office-holder reference,1,mlas-ka-ap-tg
https://en.wikipedia.org/wiki/Dibakar_Gharami,en.wikipedia.org,encyclopedia,office-holder reference,1,mlas-wb-as-sk
https://en.wikipedia.org/wiki/Dibrugarh_Municipal_Corporation,en.wikipedia.org,encyclopedia,entity facts,1,states-wb-as-sk
https://en.wikipedia.org/wiki/Dibya_Shankar_Mishra,en.wikipedia.org,encyclopedia,office-holder reference,1,mlas-br-jh-od
https://en.wikipedia.org/wiki/Dibyendu_Adhikari,en.wikipedia.org,encyclopedia,office-holder reference,1,mlas-wb-as-sk
https://en.wikipedia.org/wiki/Digambar_Kamat,en.wikipedia.org,encyclopedia,office-holder reference,1,mlas-mh-gj-ga
https://en.wikipedia.org/wiki/Diganta_Kalita,en.wikipedia.org,encyclopedia,office-holder reference,1,mlas-wb-as-sk
"https://en.wikipedia.org/wiki/Digital_Personal_Data_Protection_Act,_2023",en.wikipedia.org,encyclopedia,entity facts,1,ministries-g
https://en.wikipedia.org/wiki/Dileep_Ahirwar,en.wikipedia.org,encyclopedia,office-holder reference,1,mlas-mp-cg-rj
https://en.wikipedia.org/wiki/Dilip_Gangadhar_Sopal,en.wikipedia.org,encyclopedia,office-holder reference,1,mlas-mh-gj-ga
https://en.wikipedia.org/wiki/Dilip_Ghosh_(politician),en.wikipedia.org,encyclopedia,office-holder reference,1,mlas-wb-as-sk
https://en.wikipedia.org/wiki/Dilip_Jaiswal,en.wikipedia.org,encyclopedia,office-holder reference,1,mlas-mp-cg-rj
https://en.wikipedia.org/wiki/Dilip_Kumar_Jaiswal,en.wikipedia.org,encyclopedia,office-holder reference,1,mlas-br-jh-od
https://en.wikipedia.org/wiki/Dilip_Kumar_Singh,en.wikipedia.org,encyclopedia,office-holder reference,1,mlas-br-jh-od
https://en.wikipedia.org/wiki/Dilip_Lahariya,en.wikipedia.org,encyclopedia,office-holder reference,1,mlas-mp-cg-rj
https://en.wikipedia.org/wiki/Dilip_Lande,en.wikipedia.org,encyclopedia,office-holder reference,1,mlas-mh-gj-ga
https://en.wikipedia.org/wiki/Dilip_Manglu_Borse,en.wikipedia.org,encyclopedia,office-holder reference,1,mlas-mh-gj-ga
https://en.wikipedia.org/wiki/Dilip_Mondal,en.wikipedia.org,encyclopedia,office-holder reference,1,mlas-wb-as-sk
https://en.wikipedia.org/wiki/Dilip_Ray,en.wikipedia.org,encyclopedia,office-holder reference,1,parliament-rajya-sabha
https://en.wikipedia.org/wiki/Dilip_Saha,en.wikipedia.org,encyclopedia,office-holder reference,1,mlas-wb-as-sk
https://en.wikipedia.org/wiki/Dilip_Singh_(West_Bengal_politician),en.wikipedia.org,encyclopedia,office-holder reference,1,mlas-wb-as-sk
https://en.wikipedia.org/wiki/Dilip_Singh_Parihar,en.wikipedia.org,encyclopedia,office-holder reference,1,mlas-mp-cg-rj
https://en.wikipedia.org/wiki/Dilip_Walse_Patil,en.wikipedia.org,encyclopedia,office-holder reference,1,mlas-mh-gj-ga
https://en.wikipedia.org/wiki/Diliprao_Shankarrao_Bankar,en.wikipedia.org,encyclopedia,office-holder reference,1,mlas-mh-gj-ga
https://en.wikipedia.org/wiki/Dinakar_Keshav_Shetty,en.wikipedia.org,encyclopedia,office-holder reference,1,mlas-ka-ap-tg
https://en.wikipedia.org/wiki/Dinen_Roy,en.wikipedia.org,encyclopedia,office-holder reference,1,mlas-wb-as-sk
https://en.wikipedia.org/wiki/Dinesh_Chadha,en.wikipedia.org,encyclopedia,office-holder reference,1,mlas-pb-hr-hp-dl
https://en.wikipedia.org/wiki/Dinesh_Gundu_Rao,en.wikipedia.org,encyclopedia,office-holder reference,1,mlas-ka-ap-tg
https://en.wikipedia.org/wiki/Dinesh_Gurjar,en.wikipedia.org,encyclopedia,office-holder reference,1,mlas-mp-cg-rj
https://en.wikipedia.org/wiki/Dinesh_Jain_Boss,en.wikipedia.org,encyclopedia,office-holder reference,1,mlas-mp-cg-rj
https://en.wikipedia.org/wiki/Dinesh_Prasad_Singh,en.wikipedia.org,encyclopedia,office-holder reference,1,mlas-br-jh-od
https://en.wikipedia.org/wiki/Dinesh_Rai_Munmun,en.wikipedia.org,encyclopedia,office-holder reference,1,mlas-mp-cg-rj
https://en.wikipedia.org/wiki/Dinesh_Sarkar,en.wikipedia.org,encyclopedia,office-holder reference,1,mlas-wb-as-sk
https://en.wikipedia.org/wiki/Dinesh_Sharma_(politician),en.wikipedia.org,encyclopedia,office-holder reference,1,parliament-rajya-sabha
https://en.wikipedia.org/wiki/Dinesh_Thakor,en.wikipedia.org,encyclopedia,office-holder reference,1,mlas-mh-gj-ga
https://en.wikipedia.org/wiki/Dineshsinh_Kushwaha,en.wikipedia.org,encyclopedia,office-holder reference,1,mlas-mh-gj-ga
https://en.wikipedia.org/wiki/Dinganglung_Gangmei,en.wikipedia.org,encyclopedia,office-holder reference,1,mlas-jk-ar-mn-ml
https://en.wikipedia.org/wiki/Dipak_Barman,en.wikipedia.org,encyclopedia,office-holder reference,1,mlas-wb-as-sk
https://en.wikipedia.org/wiki/Dipak_Majumder,en.wikipedia.org,encyclopedia,office-holder reference,1,mlas-mz-nl-tr
https://en.wikipedia.org/wiki/Dipanjan_Chakraborty,en.wikipedia.org,encyclopedia,office-holder reference,1,mlas-wb-as-sk
https://en.wikipedia.org/wiki/Dipankar_Datta,en.wikipedia.org,encyclopedia,office-holder reference,1,judiciary-supreme-court
https://en.wikipedia.org/wiki/Dipankar_Jana,en.wikipedia.org,encyclopedia,office-holder reference,1,mlas-wb-as-sk
https://en.wikipedia.org/wiki/Dipankar_Sen,en.wikipedia.org,encyclopedia,office-holder reference,1,mlas-mz-nl-tr
https://en.wikipedia.org/wiki/Dipesh_Sahu,en.wikipedia.org,encyclopedia,office-holder reference,1,mlas-mp-cg-rj
https://en.wikipedia.org/wiki/Dipika_Pandey_Singh,en.wikipedia.org,encyclopedia,office-holder reference,1,mlas-br-jh-od
https://en.wikipedia.org/wiki/Diplu_Ranjan_Sarmah,en.wikipedia.org,encyclopedia,office-holder reference,1,mlas-wb-as-sk
https://en.wikipedia.org/wiki/Diptimayee_Choudhury,en.wikipedia.org,encyclopedia,office-holder reference,1,mlas-wb-as-sk
https://en.wikipedia.org/wiki/Director_of_the_Intelligence_Bureau,en.wikipedia.org,encyclopedia,office-holder,1,ministries-b1
https://en.wikipedia.org/wiki/Directorate_General_of_Foreign_Trade,en.wikipedia.org,encyclopedia,office-holder,1,ministries-a
https://en.wikipedia.org/wiki/Directorate_General_of_Mines_Safety,en.wikipedia.org,encyclopedia,entity facts,1,ministries-f
https://en.wikipedia.org/wiki/Directorate_of_Forensic_Science_Services,en.wikipedia.org,encyclopedia,entity facts,1,ministries-b1
https://en.wikipedia.org/wiki/Divyaraj_Singh,en.wikipedia.org,encyclopedia,office-holder reference,1,mlas-mp-cg-rj
https://en.wikipedia.org/wiki/Divyesh_Akbari,en.wikipedia.org,encyclopedia,office-holder reference,1,mlas-mh-gj-ga
https://en.wikipedia.org/wiki/Dnyaneshwar_Katke,en.wikipedia.org,encyclopedia,office-holder reference,1,mlas-mh-gj-ga
https://en.wikipedia.org/wiki/Dnyaneshwar_Mhatre,en.wikipedia.org,encyclopedia,office-holder reference,1,mlas-mh-gj-ga
https://en.wikipedia.org/wiki/Doddanagouda_Hanamagouda_Patil,en.wikipedia.org,encyclopedia,office-holder reference,1,mlas-ka-ap-tg
https://en.wikipedia.org/wiki/Dola_Sree_Bala_Veeranjaneya_Swamy,en.wikipedia.org,encyclopedia,office-holder reference,1,mlas-ka-ap-tg
https://en.wikipedia.org/wiki/Domanlal_Korsewada,en.wikipedia.org,encyclopedia,office-holder reference,1,mlas-mp-cg-rj
https://en.wikipedia.org/wiki/Dongru_Siongju,en.wikipedia.org,encyclopedia,office-holder reference,1,mlas-jk-ar-mn-ml
https://en.wikipedia.org/wiki/Dorjee_Tshering_Lepcha,en.wikipedia.org,encyclopedia,office-holder reference,1,parliament-rajya-sabha
https://en.wikipedia.org/wiki/Dr_Vijay_Singla,en.wikipedia.org,encyclopedia,office-holder reference,1,mlas-pb-hr-hp-dl
https://en.wikipedia.org/wiki/Droupadi_Murmu,en.wikipedia.org,encyclopedia,office-holder reference,1,core-apex
https://en.wikipedia.org/wiki/Dudh_Kumar_Mondal,en.wikipedia.org,encyclopedia,office-holder reference,1,mlas-wb-as-sk
https://en.wikipedia.org/wiki/Dulal_Chandra_Goswami,en.wikipedia.org,encyclopedia,office-holder reference,1,mlas-br-jh-od
https://en.wikipedia.org/wiki/Dungar_Ram_Gedar,en.wikipedia.org,encyclopedia,office-holder reference,1,mlas-mp-cg-rj
https://en.wikipedia.org/wiki/Durai_Chandrasekaran,en.wikipedia.org,encyclopedia,office-holder reference,1,mlas-tn-kl-py
https://en.wikipedia.org/wiki/Durga_Charan_Tanti,en.wikipedia.org,encyclopedia,office-holder reference,1,mlas-br-jh-od
https://en.wikipedia.org/wiki/Durga_Murmu,en.wikipedia.org,encyclopedia,office-holder reference,1,mlas-wb-as-sk
https://en.wikipedia.org/wiki/Durga_Prasan_Nayak,en.wikipedia.org,encyclopedia,office-holder reference,1,mlas-br-jh-od
https://en.wikipedia.org/wiki/Durgapur_Municipal_Corporation,en.wikipedia.org,encyclopedia,entity facts,1,states-wb-as-sk
https://en.wikipedia.org/wiki/Durlabhji_Dethariya,en.wikipedia.org,encyclopedia,office-holder reference,1,mlas-mh-gj-ga
https://en.wikipedia.org/wiki/Duryodhan_Aihole,en.wikipedia.org,encyclopedia,office-holder reference,1,mlas-ka-ap-tg
https://en.wikipedia.org/wiki/Dushyant_Chaturvedi,en.wikipedia.org,encyclopedia,office-holder reference,1,mlas-mh-gj-ga
https://en.wikipedia.org/wiki/Dusmanta_Kumar_Swain,en.wikipedia.org,encyclopedia,office-holder reference,1,mlas-br-jh-od
https://en.wikipedia.org/wiki/Duvvada_Srinivas,en.wikipedia.org,encyclopedia,office-holder reference,1,mlas-ka-ap-tg
https://en.wikipedia.org/wiki/Dwarikadhish_Yadav,en.wikipedia.org,encyclopedia,office-holder reference,1,mlas-mp-cg-rj
https://en.wikipedia.org/wiki/E._C._Govindarasan,en.wikipedia.org,encyclopedia,office-holder reference,1,mlas-tn-kl-py
https://en.wikipedia.org/wiki/E._Mohandoss,en.wikipedia.org,encyclopedia,office-holder reference,1,mlas-tn-kl-py
https://en.wikipedia.org/wiki/E._Raja,en.wikipedia.org,encyclopedia,office-holder reference,1,mlas-tn-kl-py
https://en.wikipedia.org/wiki/E._Rajasekar,en.wikipedia.org,encyclopedia,office-holder reference,1,mlas-tn-kl-py
https://en.wikipedia.org/wiki/E._Thenral_Kumar,en.wikipedia.org,encyclopedia,office-holder reference,1,mlas-tn-kl-py
https://en.wikipedia.org/wiki/E._V._Velu,en.wikipedia.org,encyclopedia,office-holder reference,1,mlas-tn-kl-py
https://en.wikipedia.org/wiki/Ealing_Tallang,en.wikipedia.org,encyclopedia,office-holder reference,1,mlas-jk-ar-mn-ml
https://en.wikipedia.org/wiki/Eastern_Air_Command_(India),en.wikipedia.org,encyclopedia,office-holder,1,ministries-b2
https://en.wikipedia.org/wiki/Eastern_Naval_Command,en.wikipedia.org,encyclopedia,office-holder,1,ministries-b2
https://en.wikipedia.org/wiki/Edappadi_K._Palaniswamy,en.wikipedia.org,encyclopedia,office-holder reference,1,mlas-tn-kl-py
https://en.wikipedia.org/wiki/Eklavya_Model_Residential_School,en.wikipedia.org,encyclopedia,entity facts,1,ministries-f
https://en.wikipedia.org/wiki/Eknath_Khadse,en.wikipedia.org,encyclopedia,office-holder reference,1,mlas-mh-gj-ga
https://en.wikipedia.org/wiki/Electronics_Corporation_of_India_Limited,en.wikipedia.org,encyclopedia,entity facts,1,ministries-d
https://en.wikipedia.org/wiki/Emani_Biswas,en.wikipedia.org,encyclopedia,office-holder reference,1,mlas-wb-as-sk
https://en.wikipedia.org/wiki/Employees%27_Provident_Fund_Organisation,en.wikipedia.org,encyclopedia,entity facts,1,ministries-f
https://en.wikipedia.org/wiki/Employees%27_State_Insurance,en.wikipedia.org,encyclopedia,entity facts,1,ministries-f
https://en.wikipedia.org/wiki/Energy_Efficiency_Services_Limited,en.wikipedia.org,encyclopedia,entity facts,1,ministries-d
https://en.wikipedia.org/wiki/Erung_Tenzing_Lepcha,en.wikipedia.org,encyclopedia,office-holder reference,1,mlas-wb-as-sk
https://en.wikipedia.org/wiki/Eshwara_Khandre,en.wikipedia.org,encyclopedia,office-holder reference,1,mlas-ka-ap-tg
https://en.wikipedia.org/wiki/Export_Credit_Guarantee_Corporation_of_India,en.wikipedia.org,encyclopedia,office-holder,1,ministries-a
https://en.wikipedia.org/wiki/F._Raja,en.wikipedia.org,encyclopedia,office-holder reference,1,mlas-tn-kl-py
https://en.wikipedia.org/wiki/F._Rodingliana,en.wikipedia.org,encyclopedia,office-holder reference,1,mlas-mz-nl-tr
https://en.wikipedia.org/wiki/Faisal_Rahman,en.wikipedia.org,encyclopedia,office-holder reference,1,mlas-br-jh-od
https://en.wikipedia.org/wiki/Faiyaz_Ahmad,en.wikipedia.org,encyclopedia,office-holder reference,1,parliament-rajya-sabha
https://en.wikipedia.org/wiki/Fakir_Mohan_Naik,en.wikipedia.org,encyclopedia,office-holder reference,1,mlas-br-jh-od
https://en.wikipedia.org/wiki/Fatesinh_Chauhan,en.wikipedia.org,encyclopedia,office-holder reference,1,mlas-mh-gj-ga
https://en.wikipedia.org/wiki/Fathima_Thahiliya,en.wikipedia.org,encyclopedia,office-holder reference,1,mlas-tn-kl-py
https://en.wikipedia.org/wiki/Fauja_Singh_Sarari,en.wikipedia.org,encyclopedia,office-holder reference,1,mlas-pb-hr-hp-dl
https://en.wikipedia.org/wiki/Fayezul_Haque,en.wikipedia.org,encyclopedia,office-holder reference,1,mlas-wb-as-sk
https://en.wikipedia.org/wiki/Fertilizers_and_Chemicals_Travancore,en.wikipedia.org,encyclopedia,entity facts,1,ministries-e
https://en.wikipedia.org/wiki/Firhad_Hakim,en.wikipedia.org,encyclopedia,office-holder reference,1,mlas-wb-as-sk
https://en.wikipedia.org/wiki/Food_Corporation_of_India,en.wikipedia.org,encyclopedia,entity facts,1,ministries-e
https://en.wikipedia.org/wiki/Fyzal_Babu,en.wikipedia.org,encyclopedia,office-holder reference,1,mlas-tn-kl-py
https://en.wikipedia.org/wiki/G._B._Jyothi_Ganesh,en.wikipedia.org,encyclopedia,office-holder reference,1,mlas-ka-ap-tg
https://en.wikipedia.org/wiki/G._Balamurugan,en.wikipedia.org,encyclopedia,office-holder reference,1,mlas-tn-kl-py
https://en.wikipedia.org/wiki/G._C._Chandrasekhar,en.wikipedia.org,encyclopedia,office-holder reference,1,parliament-rajya-sabha
https://en.wikipedia.org/wiki/G._D._Harish_Gowda,en.wikipedia.org,encyclopedia,office-holder reference,1,mlas-ka-ap-tg
https://en.wikipedia.org/wiki/G._H._Srinivasa,en.wikipedia.org,encyclopedia,office-holder reference,1,mlas-ka-ap-tg
https://en.wikipedia.org/wiki/G._Hampayya_Nayak,en.wikipedia.org,encyclopedia,office-holder reference,1,mlas-ka-ap-tg
https://en.wikipedia.org/wiki/G._Hari,en.wikipedia.org,encyclopedia,office-holder reference,1,mlas-tn-kl-py
https://en.wikipedia.org/wiki/G._Ikuto_Zhimomi,en.wikipedia.org,encyclopedia,office-holder reference,1,mlas-mz-nl-tr
https://en.wikipedia.org/wiki/G._Janardhana_Reddy,en.wikipedia.org,encyclopedia,office-holder reference,1,mlas-ka-ap-tg
https://en.wikipedia.org/wiki/G._K._Venkatashiva_Reddy,en.wikipedia.org,encyclopedia,office-holder reference,1,mlas-ka-ap-tg
https://en.wikipedia.org/wiki/G._Kaito_Aye,en.wikipedia.org,encyclopedia,office-holder reference,1,mlas-mz-nl-tr
https://en.wikipedia.org/wiki/G._Kapil,en.wikipedia.org,encyclopedia,office-holder reference,1,mlas-tn-kl-py
https://en.wikipedia.org/wiki/G._N._S._Rajasekaran,en.wikipedia.org,encyclopedia,office-holder reference,1,mlas-tn-kl-py
https://en.wikipedia.org/wiki/G._Nehru_Kuppusamy,en.wikipedia.org,encyclopedia,office-holder reference,1,mlas-tn-kl-py
https://en.wikipedia.org/wiki/G._R._Anil,en.wikipedia.org,encyclopedia,office-holder reference,1,mlas-tn-kl-py
https://en.wikipedia.org/wiki/G._R._Vasanthavel,en.wikipedia.org,encyclopedia,office-holder reference,1,mlas-tn-kl-py
https://en.wikipedia.org/wiki/G._Sabari_Iyngaran,en.wikipedia.org,encyclopedia,office-holder reference,1,mlas-tn-kl-py
https://en.wikipedia.org/wiki/G._Saravanan,en.wikipedia.org,encyclopedia,office-holder reference,1,mlas-tn-kl-py
https://en.wikipedia.org/wiki/G._Steephen,en.wikipedia.org,encyclopedia,office-holder reference,1,mlas-tn-kl-py
https://en.wikipedia.org/wiki/G._Sudhakaran,en.wikipedia.org,encyclopedia,office-holder reference,1,mlas-tn-kl-py
https://en.wikipedia.org/wiki/G._T._Devegowda,en.wikipedia.org,encyclopedia,office-holder reference,1,mlas-ka-ap-tg
https://en.wikipedia.org/wiki/G._V._Anjaneyulu,en.wikipedia.org,encyclopedia,office-holder reference,1,mlas-ka-ap-tg
https://en.wikipedia.org/wiki/G._V._Markandayan,en.wikipedia.org,encyclopedia,office-holder reference,1,mlas-tn-kl-py
https://en.wikipedia.org/wiki/G._Vaithilingam,en.wikipedia.org,encyclopedia,office-holder reference,1,mlas-tn-kl-py
https://en.wikipedia.org/wiki/G._Venkatachalam,en.wikipedia.org,encyclopedia,office-holder reference,1,mlas-tn-kl-py
https://en.wikipedia.org/wiki/Gabriel_Denwang_Wangsu,en.wikipedia.org,encyclopedia,office-holder reference,1,mlas-jk-ar-mn-ml
https://en.wikipedia.org/wiki/Gabriel_Wahlang,en.wikipedia.org,encyclopedia,office-holder reference,1,mlas-jk-ar-mn-ml
https://en.wikipedia.org/wiki/Gaddam_Prasad_Kumar,en.wikipedia.org,encyclopedia,office-holder reference,1,mlas-ka-ap-tg
https://en.wikipedia.org/wiki/Gaddam_Vinod_Kumar,en.wikipedia.org,encyclopedia,office-holder reference,1,mlas-ka-ap-tg
https://en.wikipedia.org/wiki/Gaddam_Vivek_Venkatswamy,en.wikipedia.org,encyclopedia,office-holder reference,1,mlas-ka-ap-tg
https://en.wikipedia.org/wiki/Gadde_Ramamohan,en.wikipedia.org,encyclopedia,office-holder reference,1,mlas-ka-ap-tg
https://en.wikipedia.org/wiki/Gade_Srinivasulu_Naidu,en.wikipedia.org,encyclopedia,office-holder reference,1,mlas-ka-ap-tg
https://en.wikipedia.org/wiki/Gajanan_Lawate,en.wikipedia.org,encyclopedia,office-holder reference,1,mlas-mh-gj-ga
https://en.wikipedia.org/wiki/Gajender_Drall,en.wikipedia.org,encyclopedia,office-holder reference,1,mlas-pb-hr-hp-dl
https://en.wikipedia.org/wiki/Gajender_Yadav,en.wikipedia.org,encyclopedia,office-holder reference,1,mlas-pb-hr-hp-dl
https://en.wikipedia.org/wiki/Gajendra_Singh_Khimsar,en.wikipedia.org,encyclopedia,office-holder reference,1,mlas-mp-cg-rj
https://en.wikipedia.org/wiki/Gajendra_Yadav,en.wikipedia.org,encyclopedia,office-holder reference,1,mlas-mp-cg-rj
https://en.wikipedia.org/wiki/Gajendrasinh_Parmar,en.wikipedia.org,encyclopedia,office-holder reference,1,mlas-mh-gj-ga
https://en.wikipedia.org/wiki/Gali_Bhanu_Prakash,en.wikipedia.org,encyclopedia,office-holder reference,1,mlas-ka-ap-tg
https://en.wikipedia.org/wiki/Galla_Madhavi,en.wikipedia.org,encyclopedia,office-holder reference,1,mlas-ka-ap-tg
https://en.wikipedia.org/wiki/Ganesh_Chandra_Mondal,en.wikipedia.org,encyclopedia,office-holder reference,1,mlas-wb-as-sk
https://en.wikipedia.org/wiki/Ganesh_Gaonkar,en.wikipedia.org,encyclopedia,office-holder reference,1,mlas-mh-gj-ga
https://en.wikipedia.org/wiki/Ganesh_Ghogra,en.wikipedia.org,encyclopedia,office-holder reference,1,mlas-mp-cg-rj
https://en.wikipedia.org/wiki/Ganesh_Hukkeri,en.wikipedia.org,encyclopedia,office-holder reference,1,mlas-ka-ap-tg
https://en.wikipedia.org/wiki/Ganesh_Naik,en.wikipedia.org,encyclopedia,office-holder reference,1,mlas-mh-gj-ga
https://en.wikipedia.org/wiki/Ganesh_Ram_Singh_Khuntia,en.wikipedia.org,encyclopedia,office-holder reference,1,mlas-br-jh-od
https://en.wikipedia.org/wiki/Ganeshraj_Bansal,en.wikipedia.org,encyclopedia,office-holder reference,1,mlas-mp-cg-rj
https://en.wikipedia.org/wiki/Ganeswar_Behera,en.wikipedia.org,encyclopedia,office-holder reference,1,mlas-br-jh-od
https://en.wikipedia.org/wiki/Ganga_Sajjan_Singh_Uikey,en.wikipedia.org,encyclopedia,office-holder reference,1,mlas-mp-cg-rj
https://en.wikipedia.org/wiki/Gangtok_Municipal_Corporation,en.wikipedia.org,encyclopedia,entity facts,1,states-wb-as-sk
https://en.wikipedia.org/wiki/Gangula_Kamalakar,en.wikipedia.org,encyclopedia,office-holder reference,1,mlas-ka-ap-tg
https://en.wikipedia.org/wiki/Ganieve_Kaur_Majithia,en.wikipedia.org,encyclopedia,office-holder reference,1,mlas-pb-hr-hp-dl
https://en.wikipedia.org/wiki/Ganpatsinh_Vestabhai_Vasava,en.wikipedia.org,encyclopedia,office-holder reference,1,mlas-mh-gj-ga
https://en.wikipedia.org/wiki/Ganta_Srinivasa_Rao,en.wikipedia.org,encyclopedia,office-holder reference,1,mlas-ka-ap-tg
https://en.wikipedia.org/wiki/Garden_Reach_Shipbuilders_&_Engineers_Limited,en.wikipedia.org,encyclopedia,entity facts,1,ministries-b2
https://en.wikipedia.org/wiki/Garden_Reach_Shipbuilders_%26_Engineers,en.wikipedia.org,encyclopedia,office-holder,1,ministries-b2
https://en.wikipedia.org/wiki/Gargi_Das_Ghosh,en.wikipedia.org,encyclopedia,office-holder reference,1,mlas-wb-as-sk
https://en.wikipedia.org/wiki/Gaurav_Singh_Pardhi,en.wikipedia.org,encyclopedia,office-holder reference,1,mlas-mp-cg-rj
https://en.wikipedia.org/wiki/Gautam_Krishna,en.wikipedia.org,encyclopedia,office-holder reference,1,mlas-br-jh-od
https://en.wikipedia.org/wiki/Gautam_Kumar,en.wikipedia.org,encyclopedia,office-holder reference,1,mlas-mp-cg-rj
https://en.wikipedia.org/wiki/Gautambhai_Chauhan,en.wikipedia.org,encyclopedia,office-holder reference,1,mlas-mh-gj-ga
https://en.wikipedia.org/wiki/Gavin_Miguel_Mylleim,en.wikipedia.org,encyclopedia,office-holder reference,1,mlas-jk-ar-mn-ml
https://en.wikipedia.org/wiki/Gay_Tshering_Dhungel,en.wikipedia.org,encyclopedia,office-holder reference,1,mlas-wb-as-sk
https://en.wikipedia.org/wiki/Gaya_Municipal_Corporation,en.wikipedia.org,encyclopedia,entity facts,1,states-br-jh-od
https://en.wikipedia.org/wiki/Gayatri_Devi_(Bihar_politician),en.wikipedia.org,encyclopedia,office-holder reference,1,mlas-br-jh-od
https://en.wikipedia.org/wiki/Gayatri_Raje_Pawar,en.wikipedia.org,encyclopedia,office-holder reference,1,mlas-mp-cg-rj
https://en.wikipedia.org/wiki/Geeta_Barwar,en.wikipedia.org,encyclopedia,office-holder reference,1,mlas-mp-cg-rj
https://en.wikipedia.org/wiki/Geeta_Bhukkal,en.wikipedia.org,encyclopedia,office-holder reference,1,mlas-pb-hr-hp-dl
https://en.wikipedia.org/wiki/Geeta_Shakya,en.wikipedia.org,encyclopedia,office-holder reference,1,parliament-rajya-sabha
https://en.wikipedia.org/wiki/Geetaba_Jadeja,en.wikipedia.org,encyclopedia,office-holder reference,1,mlas-mh-gj-ga
https://en.wikipedia.org/wiki/Geetha_Gopi,en.wikipedia.org,encyclopedia,office-holder reference,1,mlas-tn-kl-py
https://en.wikipedia.org/wiki/Ghanshyam_Chandravanshi,en.wikipedia.org,encyclopedia,office-holder reference,1,mlas-mp-cg-rj
https://en.wikipedia.org/wiki/Ghanshyam_Dass,en.wikipedia.org,encyclopedia,office-holder reference,1,mlas-pb-hr-hp-dl
https://en.wikipedia.org/wiki/Ghanshyam_Mahar,en.wikipedia.org,encyclopedia,office-holder reference,1,mlas-mp-cg-rj
https://en.wikipedia.org/wiki/Ghanshyam_Saraf,en.wikipedia.org,encyclopedia,office-holder reference,1,mlas-pb-hr-hp-dl
https://en.wikipedia.org/wiki/Ghanshyam_Tiwari,en.wikipedia.org,encyclopedia,office-holder reference,1,parliament-committees
"https://en.wikipedia.org/wiki/Ghanshyam_Tiwari_(politician,_born_1947)",en.wikipedia.org,encyclopedia,office-holder reference,1,parliament-rajya-sabha
https://en.wikipedia.org/wiki/Gharu_Ram_Bhagat,en.wikipedia.org,encyclopedia,office-holder reference,1,mlas-jk-ar-mn-ml
https://en.wikipedia.org/wiki/Ghulam_Ali_Khatana,en.wikipedia.org,encyclopedia,office-holder reference,1,parliament-rajya-sabha
https://en.wikipedia.org/wiki/Ghulam_Mohit_Uddin_Mir,en.wikipedia.org,encyclopedia,office-holder reference,1,mlas-jk-ar-mn-ml
https://en.wikipedia.org/wiki/Ghulam_Sarwar_(AIMIM_politician),en.wikipedia.org,encyclopedia,office-holder reference,1,mlas-br-jh-od
https://en.wikipedia.org/wiki/Giddi_Satyanarayana,en.wikipedia.org,encyclopedia,office-holder reference,1,mlas-ka-ap-tg
https://en.wikipedia.org/wiki/Giridih_Municipal_Corporation,en.wikipedia.org,encyclopedia,entity facts,1,states-br-jh-od
https://en.wikipedia.org/wiki/Girija_Shankar_Ray,en.wikipedia.org,encyclopedia,office-holder reference,1,mlas-wb-as-sk
https://en.wikipedia.org/wiki/Girish_Gautam,en.wikipedia.org,encyclopedia,office-holder reference,1,mlas-mp-cg-rj
https://en.wikipedia.org/wiki/Girish_Mahajan,en.wikipedia.org,encyclopedia,office-holder reference,1,mlas-mh-gj-ga
https://en.wikipedia.org/wiki/Githa_Jayasurya,en.wikipedia.org,encyclopedia,office-holder reference,1,mlas-ka-ap-tg
https://en.wikipedia.org/wiki/Gliders_India_Limited,en.wikipedia.org,encyclopedia,entity facts,1,ministries-b2
https://en.wikipedia.org/wiki/Goa,en.wikipedia.org,encyclopedia,entity facts,1,states-mh-gj-ga
https://en.wikipedia.org/wiki/Goa_Police,en.wikipedia.org,encyclopedia,office-holder,1,states-mh-gj-ga
https://en.wikipedia.org/wiki/Goa_Shipyard,en.wikipedia.org,encyclopedia,office-holder,1,ministries-b2
https://en.wikipedia.org/wiki/Gobinda_Chandra_Das,en.wikipedia.org,encyclopedia,office-holder reference,1,mlas-br-jh-od
https://en.wikipedia.org/wiki/Gokul_Setia,en.wikipedia.org,encyclopedia,office-holder reference,1,mlas-pb-hr-hp-dl
https://en.wikipedia.org/wiki/Gokula_Nanda_Mallik,en.wikipedia.org,encyclopedia,office-holder reference,1,mlas-br-jh-od
https://en.wikipedia.org/wiki/Golla_Babu_Rao,en.wikipedia.org,encyclopedia,office-holder reference,1,parliament-rajya-sabha
https://en.wikipedia.org/wiki/Golu_Shukla,en.wikipedia.org,encyclopedia,office-holder reference,1,mlas-mp-cg-rj
https://en.wikipedia.org/wiki/Gomati_Sai,en.wikipedia.org,encyclopedia,office-holder reference,1,mlas-mp-cg-rj
https://en.wikipedia.org/wiki/Gondu_Shankar,en.wikipedia.org,encyclopedia,office-holder reference,1,mlas-ka-ap-tg
https://en.wikipedia.org/wiki/Gopal_Bhargava,en.wikipedia.org,encyclopedia,office-holder reference,1,mlas-mp-cg-rj
https://en.wikipedia.org/wiki/Gopal_Chandra_Roy,en.wikipedia.org,encyclopedia,office-holder reference,1,mlas-mz-nl-tr
https://en.wikipedia.org/wiki/Gopal_Chandra_Saha,en.wikipedia.org,encyclopedia,office-holder reference,1,mlas-wb-as-sk
https://en.wikipedia.org/wiki/Gopal_Chattopadhyay,en.wikipedia.org,encyclopedia,office-holder reference,1,mlas-wb-as-sk
https://en.wikipedia.org/wiki/Gopal_Italia,en.wikipedia.org,encyclopedia,office-holder reference,1,mlas-mh-gj-ga
https://en.wikipedia.org/wiki/Gopal_Kumar_Agarwal,en.wikipedia.org,encyclopedia,office-holder reference,1,mlas-br-jh-od
https://en.wikipedia.org/wiki/Gopal_Lal_Sharma,en.wikipedia.org,encyclopedia,office-holder reference,1,mlas-mp-cg-rj
https://en.wikipedia.org/wiki/Gopal_Rai,en.wikipedia.org,encyclopedia,office-holder reference,1,mlas-pb-hr-hp-dl
https://en.wikipedia.org/wiki/Gopal_Sharma_(Indian_politician),en.wikipedia.org,encyclopedia,office-holder reference,1,mlas-mp-cg-rj
https://en.wikipedia.org/wiki/Gopal_Singh_Engineer,en.wikipedia.org,encyclopedia,office-holder reference,1,mlas-mp-cg-rj
https://en.wikipedia.org/wiki/Gopichand_Meena,en.wikipedia.org,encyclopedia,office-holder reference,1,mlas-mp-cg-rj
https://en.wikipedia.org/wiki/Gopichand_Padalkar,en.wikipedia.org,encyclopedia,office-holder reference,1,mlas-mh-gj-ga
https://en.wikipedia.org/wiki/Gorantla_Butchaiah_Chowdary,en.wikipedia.org,encyclopedia,office-holder reference,1,mlas-ka-ap-tg
https://en.wikipedia.org/wiki/Gordhan_Verma,en.wikipedia.org,encyclopedia,office-holder reference,1,mlas-mp-cg-rj
https://en.wikipedia.org/wiki/Goreti_Venkanna,en.wikipedia.org,encyclopedia,office-holder reference,1,mlas-ka-ap-tg
https://en.wikipedia.org/wiki/Gotam_Tetwal,en.wikipedia.org,encyclopedia,office-holder reference,1,mlas-mp-cg-rj
https://en.wikipedia.org/wiki/Gottipati_Ravi_Kumar,en.wikipedia.org,encyclopedia,office-holder reference,1,mlas-ka-ap-tg
https://en.wikipedia.org/wiki/Gour_Chandra_Mandal,en.wikipedia.org,encyclopedia,office-holder reference,1,mlas-wb-as-sk
https://en.wikipedia.org/wiki/Gouri_Shankar_Ghosh,en.wikipedia.org,encyclopedia,office-holder reference,1,mlas-wb-as-sk
https://en.wikipedia.org/wiki/Gouri_Shankar_Majhi,en.wikipedia.org,encyclopedia,office-holder reference,1,mlas-br-jh-od
https://en.wikipedia.org/wiki/Goutam_Buddha_Das_(politician),en.wikipedia.org,encyclopedia,office-holder reference,1,mlas-br-jh-od
https://en.wikipedia.org/wiki/Gouthu_Sireesha,en.wikipedia.org,encyclopedia,office-holder reference,1,mlas-ka-ap-tg
https://en.wikipedia.org/wiki/Government_of_Assam,en.wikipedia.org,encyclopedia,entity facts,1,states-wb-as-sk
https://en.wikipedia.org/wiki/Government_of_Chhattisgarh,en.wikipedia.org,encyclopedia,office-holder,1,states-mp-cg-rj-r2
https://en.wikipedia.org/wiki/Government_of_Madhya_Pradesh,en.wikipedia.org,encyclopedia,office-holder,1,states-mp-cg-rj-r2
https://en.wikipedia.org/wiki/Government_of_Maharashtra,en.wikipedia.org,encyclopedia,entity facts,1,states-mh-gj-ga
https://en.wikipedia.org/wiki/Government_of_Puducherry,en.wikipedia.org,encyclopedia,office-holder,1,states-tn-kl-py
https://en.wikipedia.org/wiki/Government_of_Rajasthan,en.wikipedia.org,encyclopedia,office-holder,1,states-mp-cg-rj-r2
https://en.wikipedia.org/wiki/Government_of_Uttar_Pradesh,en.wikipedia.org,encyclopedia,entity facts,1,states-up-uk-hp
https://en.wikipedia.org/wiki/Government_of_Uttarakhand,en.wikipedia.org,encyclopedia,entity facts,1,states-up-uk-hp
https://en.wikipedia.org/wiki/Government_of_West_Bengal,en.wikipedia.org,encyclopedia,entity facts,1,states-wb-as-sk
https://en.wikipedia.org/wiki/Governor_of_Chhattisgarh,en.wikipedia.org,encyclopedia,office-holder,1,states-mp-cg-rj
https://en.wikipedia.org/wiki/Governor_of_Goa,en.wikipedia.org,encyclopedia,office-holder,1,states-mh-gj-ga
https://en.wikipedia.org/wiki/Governor_of_Gujarat,en.wikipedia.org,encyclopedia,office-holder,1,states-mh-gj-ga
https://en.wikipedia.org/wiki/Governor_of_Jharkhand,en.wikipedia.org,encyclopedia,office-holder,1,states-br-jh-od
https://en.wikipedia.org/wiki/Governor_of_Madhya_Pradesh,en.wikipedia.org,encyclopedia,office-holder,1,states-mp-cg-rj
https://en.wikipedia.org/wiki/Governor_of_Odisha,en.wikipedia.org,encyclopedia,office-holder,1,states-br-jh-od
https://en.wikipedia.org/wiki/Govi._Chezhian,en.wikipedia.org,encyclopedia,office-holder reference,1,mlas-tn-kl-py
https://en.wikipedia.org/wiki/Govind_Dholakia,en.wikipedia.org,encyclopedia,office-holder reference,1,parliament-rajya-sabha
https://en.wikipedia.org/wiki/Govind_Gaude,en.wikipedia.org,encyclopedia,office-holder reference,1,mlas-mh-gj-ga
https://en.wikipedia.org/wiki/Govind_Prasad,en.wikipedia.org,encyclopedia,office-holder reference,1,mlas-mp-cg-rj
https://en.wikipedia.org/wiki/Govind_Singh_Dotasra,en.wikipedia.org,encyclopedia,office-holder reference,1,mlas-mp-cg-rj
https://en.wikipedia.org/wiki/Govind_Singh_Rajput,en.wikipedia.org,encyclopedia,office-holder reference,1,mlas-mp-cg-rj
https://en.wikipedia.org/wiki/Govindan_Pallikappil,en.wikipedia.org,encyclopedia,office-holder reference,1,mlas-tn-kl-py
https://en.wikipedia.org/wiki/Govindas_Konthoujam,en.wikipedia.org,encyclopedia,office-holder reference,1,mlas-jk-ar-mn-ml
https://en.wikipedia.org/wiki/Govindbhai_Parmar,en.wikipedia.org,encyclopedia,office-holder reference,1,mlas-mh-gj-ga
https://en.wikipedia.org/wiki/Gowru_Charitha_Reddy,en.wikipedia.org,encyclopedia,office-holder reference,1,mlas-ka-ap-tg
https://en.wikipedia.org/wiki/Greater_Bengaluru_Authority,en.wikipedia.org,encyclopedia,entity facts,1,states-ka-ap-tg
https://en.wikipedia.org/wiki/Gudem_Mahipal_Reddy,en.wikipedia.org,encyclopedia,office-holder reference,1,mlas-ka-ap-tg
https://en.wikipedia.org/wiki/Gujarat_Police,en.wikipedia.org,encyclopedia,office-holder,1,states-mh-gj-ga
https://en.wikipedia.org/wiki/Gulab_Raghunath_Patil,en.wikipedia.org,encyclopedia,office-holder reference,1,mlas-mh-gj-ga
https://en.wikipedia.org/wiki/Gulabsinh_Chauhan,en.wikipedia.org,encyclopedia,office-holder reference,1,mlas-mh-gj-ga
https://en.wikipedia.org/wiki/Gulam_Ahmad_Mir,en.wikipedia.org,encyclopedia,office-holder reference,1,mlas-jk-ar-mn-ml
https://en.wikipedia.org/wiki/Gulsan_Mullick,en.wikipedia.org,encyclopedia,office-holder reference,1,mlas-wb-as-sk
https://en.wikipedia.org/wiki/Gummadi_Sandhya_Rani,en.wikipedia.org,encyclopedia,office-holder reference,1,mlas-ka-ap-tg
https://en.wikipedia.org/wiki/Gummanur_Jayaram,en.wikipedia.org,encyclopedia,office-holder reference,1,mlas-ka-ap-tg
https://en.wikipedia.org/wiki/Guntakandla_Jagadish_Reddy,en.wikipedia.org,encyclopedia,office-holder reference,1,mlas-ka-ap-tg
https://en.wikipedia.org/wiki/Gurajala_Jagan_Mohan,en.wikipedia.org,encyclopedia,office-holder reference,1,mlas-ka-ap-tg
https://en.wikipedia.org/wiki/Gurdeep_Singh_Randhawa,en.wikipedia.org,encyclopedia,office-holder reference,1,mlas-pb-hr-hp-dl
https://en.wikipedia.org/wiki/Gurdev_Singh_Mann,en.wikipedia.org,encyclopedia,office-holder reference,1,mlas-pb-hr-hp-dl
https://en.wikipedia.org/wiki/Gurdit_Singh_Sekhon,en.wikipedia.org,encyclopedia,office-holder reference,1,mlas-pb-hr-hp-dl
https://en.wikipedia.org/wiki/Gurinder_Singh_Garry,en.wikipedia.org,encyclopedia,office-holder reference,1,mlas-pb-hr-hp-dl
https://en.wikipedia.org/wiki/Gurlal_Ghanaur,en.wikipedia.org,encyclopedia,office-holder reference,1,mlas-pb-hr-hp-dl
https://en.wikipedia.org/wiki/Gurme_Suresh_Shetty,en.wikipedia.org,encyclopedia,office-holder reference,1,mlas-ka-ap-tg
https://en.wikipedia.org/wiki/Gurmeet_Singh_Sandhawalia,en.wikipedia.org,encyclopedia,office-holder reference,1,judiciary-high-courts
https://en.wikipedia.org/wiki/Gurmit_Singh_(general),en.wikipedia.org,encyclopedia,office-holder reference,1,states-up-uk-hp
https://en.wikipedia.org/wiki/Gurpreet_Singh_Banawali,en.wikipedia.org,encyclopedia,office-holder reference,1,mlas-pb-hr-hp-dl
https://en.wikipedia.org/wiki/Guru_Khushwant_Saheb,en.wikipedia.org,encyclopedia,office-holder reference,1,mlas-mp-cg-rj
https://en.wikipedia.org/wiki/Gurupadagouda_Patil,en.wikipedia.org,encyclopedia,office-holder reference,1,mlas-ka-ap-tg
https://en.wikipedia.org/wiki/Gurveer_Singh_Brar,en.wikipedia.org,encyclopedia,office-holder reference,1,mlas-mp-cg-rj
https://en.wikipedia.org/wiki/Gurwinder_Singh_Oberoi,en.wikipedia.org,encyclopedia,office-holder reference,1,parliament-rajya-sabha
https://en.wikipedia.org/wiki/Gutha_Sukender_Reddy,en.wikipedia.org,encyclopedia,office-holder reference,1,mlas-ka-ap-tg
https://en.wikipedia.org/wiki/Guwahati_Municipal_Corporation,en.wikipedia.org,encyclopedia,entity facts,1,states-wb-as-sk
https://en.wikipedia.org/wiki/H_M_Ganesh_Prasad,en.wikipedia.org,encyclopedia,office-holder reference,1,mlas-ka-ap-tg
https://en.wikipedia.org/wiki/H._A._Iqbal_Hussain,en.wikipedia.org,encyclopedia,office-holder reference,1,mlas-ka-ap-tg
https://en.wikipedia.org/wiki/H._C._Balakrishna,en.wikipedia.org,encyclopedia,office-holder reference,1,mlas-ka-ap-tg
https://en.wikipedia.org/wiki/H._C._Mahadevappa,en.wikipedia.org,encyclopedia,office-holder reference,1,mlas-ka-ap-tg
https://en.wikipedia.org/wiki/H._D._Ranganath,en.wikipedia.org,encyclopedia,office-holder reference,1,mlas-ka-ap-tg
https://en.wikipedia.org/wiki/H._D._Revanna,en.wikipedia.org,encyclopedia,office-holder reference,1,mlas-ka-ap-tg
https://en.wikipedia.org/wiki/H._D._Thammaiah,en.wikipedia.org,encyclopedia,office-holder reference,1,mlas-ka-ap-tg
https://en.wikipedia.org/wiki/H._Ginzalala,en.wikipedia.org,encyclopedia,office-holder reference,1,mlas-mz-nl-tr
https://en.wikipedia.org/wiki/H._K._Patil,en.wikipedia.org,encyclopedia,office-holder reference,1,mlas-ka-ap-tg
https://en.wikipedia.org/wiki/H._K._Suresh,en.wikipedia.org,encyclopedia,office-holder reference,1,mlas-ka-ap-tg
https://en.wikipedia.org/wiki/H._Lalzirliana,en.wikipedia.org,encyclopedia,office-holder reference,1,mlas-mz-nl-tr
https://en.wikipedia.org/wiki/H._R._Gaviyappa,en.wikipedia.org,encyclopedia,office-holder reference,1,mlas-ka-ap-tg
https://en.wikipedia.org/wiki/H._T._Manju,en.wikipedia.org,encyclopedia,office-holder reference,1,mlas-ka-ap-tg
https://en.wikipedia.org/wiki/H._V._Venkatesh,en.wikipedia.org,encyclopedia,office-holder reference,1,mlas-ka-ap-tg
https://en.wikipedia.org/wiki/Habbey_Teron,en.wikipedia.org,encyclopedia,office-holder reference,1,mlas-wb-as-sk
https://en.wikipedia.org/wiki/Hafizul_Hasan,en.wikipedia.org,encyclopedia,office-holder reference,1,mlas-br-jh-od
https://en.wikipedia.org/wiki/Hage_Appa,en.wikipedia.org,encyclopedia,office-holder reference,1,mlas-jk-ar-mn-ml
https://en.wikipedia.org/wiki/Haj_Committee_of_India,en.wikipedia.org,encyclopedia,entity facts,1,ministries-f
https://en.wikipedia.org/wiki/Hajari_Lal_Dangi,en.wikipedia.org,encyclopedia,office-holder reference,1,mlas-mp-cg-rj
https://en.wikipedia.org/wiki/Hakam_Ali_Khan,en.wikipedia.org,encyclopedia,office-holder reference,1,mlas-mp-cg-rj
https://en.wikipedia.org/wiki/Hakam_Singh_Thekedar,en.wikipedia.org,encyclopedia,office-holder reference,1,mlas-pb-hr-hp-dl
https://en.wikipedia.org/wiki/Hameersingh_Bhayal,en.wikipedia.org,encyclopedia,office-holder reference,1,mlas-mp-cg-rj
https://en.wikipedia.org/wiki/Hamidul_Rahman,en.wikipedia.org,encyclopedia,office-holder reference,1,mlas-wb-as-sk
https://en.wikipedia.org/wiki/Hamjong_Tangha,en.wikipedia.org,encyclopedia,office-holder reference,1,mlas-jk-ar-mn-ml
https://en.wikipedia.org/wiki/Hampanagouda_Badarli,en.wikipedia.org,encyclopedia,office-holder reference,1,mlas-ka-ap-tg
https://en.wikipedia.org/wiki/Hans_Raj_(politician),en.wikipedia.org,encyclopedia,office-holder reference,1,mlas-pb-hr-hp-dl
https://en.wikipedia.org/wiki/Hansraj_Meena,en.wikipedia.org,encyclopedia,office-holder reference,1,mlas-mp-cg-rj
https://en.wikipedia.org/wiki/Hansraj_Patel,en.wikipedia.org,encyclopedia,office-holder reference,1,mlas-mp-cg-rj
https://en.wikipedia.org/wiki/Hanumant_Nirani,en.wikipedia.org,encyclopedia,office-holder reference,1,mlas-ka-ap-tg
https://en.wikipedia.org/wiki/Haokholet_Kipgen,en.wikipedia.org,encyclopedia,office-holder reference,1,mlas-jk-ar-mn-ml
https://en.wikipedia.org/wiki/Harbhajan_Singh,en.wikipedia.org,encyclopedia,office-holder reference,1,parliament-rajya-sabha
https://en.wikipedia.org/wiki/Harbhajan_Singh_E.T.O,en.wikipedia.org,encyclopedia,office-holder reference,1,mlas-pb-hr-hp-dl
https://en.wikipedia.org/wiki/Harbhajan_Singh_ETO,en.wikipedia.org,encyclopedia,office-holder reference,1,states-pb-hr-ch-r2
https://en.wikipedia.org/wiki/Hardeep_Singh_Bawa,en.wikipedia.org,encyclopedia,office-holder reference,1,mlas-pb-hr-hp-dl
https://en.wikipedia.org/wiki/Hardeep_Singh_Dang,en.wikipedia.org,encyclopedia,office-holder reference,1,mlas-mp-cg-rj
https://en.wikipedia.org/wiki/Hardeep_Singh_Dhillon,en.wikipedia.org,encyclopedia,office-holder reference,1,mlas-pb-hr-hp-dl
https://en.wikipedia.org/wiki/Hardik_Patel,en.wikipedia.org,encyclopedia,office-holder reference,1,mlas-mh-gj-ga
https://en.wikipedia.org/wiki/Hare_Krishna_Bera,en.wikipedia.org,encyclopedia,office-holder reference,1,mlas-wb-as-sk
https://en.wikipedia.org/wiki/Hari_Narayan_Singh_(Bihar_politician),en.wikipedia.org,encyclopedia,office-holder reference,1,mlas-br-jh-od
https://en.wikipedia.org/wiki/Hari_Sahni,en.wikipedia.org,encyclopedia,office-holder reference,1,mlas-br-jh-od
https://en.wikipedia.org/wiki/Hari_Singh_Raghuwanshi,en.wikipedia.org,encyclopedia,office-holder reference,1,mlas-mp-cg-rj
https://en.wikipedia.org/wiki/Hari_Singh_Sapre,en.wikipedia.org,encyclopedia,office-holder reference,1,mlas-mp-cg-rj
https://en.wikipedia.org/wiki/Haribaboo_Rai,en.wikipedia.org,encyclopedia,office-holder reference,1,mlas-mp-cg-rj
https://en.wikipedia.org/wiki/Harimohan_Sharma,en.wikipedia.org,encyclopedia,office-holder reference,1,mlas-mp-cg-rj
https://en.wikipedia.org/wiki/Harinder_Singh_(Haryana_politician),en.wikipedia.org,encyclopedia,office-holder reference,1,mlas-pb-hr-hp-dl
https://en.wikipedia.org/wiki/Haripada_Barman,en.wikipedia.org,encyclopedia,office-holder reference,1,mlas-wb-as-sk
https://en.wikipedia.org/wiki/Haris_Beeran,en.wikipedia.org,encyclopedia,office-holder reference,1,parliament-rajya-sabha
https://en.wikipedia.org/wiki/Harish_Chaudhary,en.wikipedia.org,encyclopedia,office-holder reference,1,mlas-mp-cg-rj
https://en.wikipedia.org/wiki/Harish_Janartha,en.wikipedia.org,encyclopedia,office-holder reference,1,mlas-pb-hr-hp-dl
https://en.wikipedia.org/wiki/Harish_Khurana,en.wikipedia.org,encyclopedia,office-holder reference,1,mlas-pb-hr-hp-dl
https://en.wikipedia.org/wiki/Harish_Marotiappa_Pimple,en.wikipedia.org,encyclopedia,office-holder reference,1,mlas-mh-gj-ga
https://en.wikipedia.org/wiki/Harish_Poonja,en.wikipedia.org,encyclopedia,office-holder reference,1,mlas-ka-ap-tg
https://en.wikipedia.org/wiki/Harish_Tandon,en.wikipedia.org,encyclopedia,office-holder reference,1,judiciary-high-courts
https://en.wikipedia.org/wiki/Harishankar_Khatik,en.wikipedia.org,encyclopedia,office-holder reference,1,mlas-mp-cg-rj
https://en.wikipedia.org/wiki/Harisingh_Rawat,en.wikipedia.org,encyclopedia,office-holder reference,1,mlas-mp-cg-rj
https://en.wikipedia.org/wiki/Harlal_Saharan,en.wikipedia.org,encyclopedia,office-holder reference,1,mlas-mp-cg-rj
https://en.wikipedia.org/wiki/Harmeet_Singh_Sandhu,en.wikipedia.org,encyclopedia,office-holder reference,1,mlas-pb-hr-hp-dl
https://en.wikipedia.org/wiki/Harmit_Singh_Pathanmajra,en.wikipedia.org,encyclopedia,office-holder reference,1,mlas-pb-hr-hp-dl
https://en.wikipedia.org/wiki/Haroon_Khan_(Maharashtra_politician),en.wikipedia.org,encyclopedia,office-holder reference,1,mlas-mh-gj-ga
https://en.wikipedia.org/wiki/Harsh_Mahajan,en.wikipedia.org,encyclopedia,office-holder reference,1,parliament-rajya-sabha
https://en.wikipedia.org/wiki/Harsh_Vardhan_Shringla,en.wikipedia.org,encyclopedia,office-holder reference,1,parliament-rajya-sabha
https://en.wikipedia.org/wiki/Harshad_Patel,en.wikipedia.org,encyclopedia,office-holder reference,1,mlas-mh-gj-ga
https://en.wikipedia.org/wiki/Harshita_Swami_Baghel,en.wikipedia.org,encyclopedia,office-holder reference,1,mlas-mp-cg-rj
https://en.wikipedia.org/wiki/Harshwardhan_Chauhan,en.wikipedia.org,encyclopedia,office-holder reference,1,mlas-pb-hr-hp-dl
https://en.wikipedia.org/wiki/Hasan_Mushrif,en.wikipedia.org,encyclopedia,office-holder reference,1,mlas-mh-gj-ga
https://en.wikipedia.org/wiki/Hasnain_Masoodi,en.wikipedia.org,encyclopedia,office-holder reference,1,mlas-jk-ar-mn-ml
https://en.wikipedia.org/wiki/Hayeng_Mangfi,en.wikipedia.org,encyclopedia,office-holder reference,1,mlas-jk-ar-mn-ml
https://en.wikipedia.org/wiki/Hazaribagh_Municipal_Corporation,en.wikipedia.org,encyclopedia,entity facts,1,states-br-jh-od
https://en.wikipedia.org/wiki/Heaving_Stone_Kharpran,en.wikipedia.org,encyclopedia,office-holder reference,1,mlas-jk-ar-mn-ml
https://en.wikipedia.org/wiki/Heavy_Engineering_Corporation,en.wikipedia.org,encyclopedia,entity facts,1,ministries-d
https://en.wikipedia.org/wiki/Heeralal_Nagar,en.wikipedia.org,encyclopedia,office-holder reference,1,mlas-mp-cg-rj
https://en.wikipedia.org/wiki/Heikham_Dingo_Singh,en.wikipedia.org,encyclopedia,office-holder reference,1,mlas-jk-ar-mn-ml
https://en.wikipedia.org/wiki/Hekani_Jakhalu_Kense,en.wikipedia.org,encyclopedia,office-holder reference,1,mlas-mz-nl-tr
https://en.wikipedia.org/wiki/Hemant_Katare,en.wikipedia.org,encyclopedia,office-holder reference,1,mlas-mp-cg-rj
https://en.wikipedia.org/wiki/Hemant_Khandelwal,en.wikipedia.org,encyclopedia,office-holder reference,1,mlas-mp-cg-rj
https://en.wikipedia.org/wiki/Hemant_Khava,en.wikipedia.org,encyclopedia,office-holder reference,1,mlas-mh-gj-ga
https://en.wikipedia.org/wiki/Hemant_Meena,en.wikipedia.org,encyclopedia,office-holder reference,1,mlas-mp-cg-rj
https://en.wikipedia.org/wiki/Hemant_Ogale,en.wikipedia.org,encyclopedia,office-holder reference,1,mlas-mh-gj-ga
https://en.wikipedia.org/wiki/Hemant_Patil,en.wikipedia.org,encyclopedia,office-holder reference,1,mlas-mh-gj-ga
https://en.wikipedia.org/wiki/Hemant_Rasane,en.wikipedia.org,encyclopedia,office-holder reference,1,mlas-mh-gj-ga
https://en.wikipedia.org/wiki/Hemanta_Bag,en.wikipedia.org,encyclopedia,office-holder reference,1,mlas-wb-as-sk
https://en.wikipedia.org/wiki/Hemlal_Murmu,en.wikipedia.org,encyclopedia,office-holder reference,1,mlas-br-jh-od
https://en.wikipedia.org/wiki/Hemnarayan_Sah,en.wikipedia.org,encyclopedia,office-holder reference,1,mlas-br-jh-od
https://en.wikipedia.org/wiki/Hikmat_Udhan,en.wikipedia.org,encyclopedia,office-holder reference,1,mlas-mh-gj-ga
https://en.wikipedia.org/wiki/Hilal_Akbar_Lone,en.wikipedia.org,encyclopedia,office-holder reference,1,mlas-jk-ar-mn-ml
https://en.wikipedia.org/wiki/Himachal_Pradesh,en.wikipedia.org,encyclopedia,entity facts,1,states-up-uk-hp
https://en.wikipedia.org/wiki/Himachal_Pradesh_Police,en.wikipedia.org,encyclopedia,office-holder,1,states-up-uk-hp
https://en.wikipedia.org/wiki/Himangshu_Shekhar_Baishya,en.wikipedia.org,encyclopedia,office-holder reference,1,mlas-wb-as-sk
https://en.wikipedia.org/wiki/Himanshu_Sekhar_Sahoo,en.wikipedia.org,encyclopedia,office-holder reference,1,mlas-br-jh-od
https://en.wikipedia.org/wiki/Hindustan_Insecticides_Limited,en.wikipedia.org,encyclopedia,entity facts,1,ministries-e
https://en.wikipedia.org/wiki/Hindustan_Shipyard_Limited,en.wikipedia.org,encyclopedia,entity facts,1,ministries-b2
https://en.wikipedia.org/wiki/Hirabhai_Solanki,en.wikipedia.org,encyclopedia,office-holder reference,1,mlas-mh-gj-ga
https://en.wikipedia.org/wiki/Hiralal_Alawa,en.wikipedia.org,encyclopedia,office-holder reference,1,mlas-mp-cg-rj
https://en.wikipedia.org/wiki/Hiraman_Khoskar,en.wikipedia.org,encyclopedia,office-holder reference,1,mlas-mh-gj-ga
https://en.wikipedia.org/wiki/Hiran_Chatterjee,en.wikipedia.org,encyclopedia,office-holder reference,1,mlas-wb-as-sk
https://en.wikipedia.org/wiki/Hitendra_Nath_Goswami,en.wikipedia.org,encyclopedia,office-holder reference,1,mlas-wb-as-sk
https://en.wikipedia.org/wiki/HLL_Lifecare,en.wikipedia.org,encyclopedia,entity facts,1,ministries-f
https://en.wikipedia.org/wiki/Honchun_Ngandam,en.wikipedia.org,encyclopedia,office-holder reference,1,mlas-jk-ar-mn-ml
https://en.wikipedia.org/wiki/Howrah_Municipal_Corporation,en.wikipedia.org,encyclopedia,entity facts,1,states-wb-as-sk
https://en.wikipedia.org/wiki/Humayun_Kabir_(West_Bengal_politician),en.wikipedia.org,encyclopedia,office-holder reference,1,mlas-wb-as-sk
https://en.wikipedia.org/wiki/I._C._Balakrishnan,en.wikipedia.org,encyclopedia,office-holder reference,1,mlas-tn-kl-py
https://en.wikipedia.org/wiki/I._P._Senthil_Kumar,en.wikipedia.org,encyclopedia,office-holder reference,1,mlas-tn-kl-py
https://en.wikipedia.org/wiki/I._Periyasamy,en.wikipedia.org,encyclopedia,office-holder reference,1,mlas-tn-kl-py
https://en.wikipedia.org/wiki/I._S._Inbadurai,en.wikipedia.org,encyclopedia,office-holder reference,1,parliament-rajya-sabha
https://en.wikipedia.org/wiki/I._Thahira,en.wikipedia.org,encyclopedia,office-holder reference,1,mlas-tn-kl-py
https://en.wikipedia.org/wiki/Ian_Botham_K._Sangma,en.wikipedia.org,encyclopedia,office-holder reference,1,mlas-jk-ar-mn-ml
https://en.wikipedia.org/wiki/Idris_Naikwadi,en.wikipedia.org,encyclopedia,office-holder reference,1,mlas-mh-gj-ga
https://en.wikipedia.org/wiki/Iftkar_Ahmed,en.wikipedia.org,encyclopedia,office-holder reference,1,mlas-jk-ar-mn-ml
https://en.wikipedia.org/wiki/Ilaiyaraaja,en.wikipedia.org,encyclopedia,office-holder reference,1,parliament-rajya-sabha
https://en.wikipedia.org/wiki/Imkongmar,en.wikipedia.org,encyclopedia,office-holder reference,1,mlas-mz-nl-tr
https://en.wikipedia.org/wiki/Imphal_Municipal_Corporation,en.wikipedia.org,encyclopedia,entity facts,1,states-ar-mn-ml
https://en.wikipedia.org/wiki/Imran_Hussain_(Indian_politician),en.wikipedia.org,encyclopedia,office-holder reference,1,mlas-pb-hr-hp-dl
https://en.wikipedia.org/wiki/Imran_Khedawala,en.wikipedia.org,encyclopedia,office-holder reference,1,mlas-mh-gj-ga
https://en.wikipedia.org/wiki/Imran_Pratapgarhi,en.wikipedia.org,encyclopedia,office-holder reference,1,parliament-rajya-sabha
https://en.wikipedia.org/wiki/Imtichoba,en.wikipedia.org,encyclopedia,office-holder reference,1,mlas-mz-nl-tr
https://en.wikipedia.org/wiki/Inder_Dutt_Lakhanpal,en.wikipedia.org,encyclopedia,office-holder reference,1,mlas-pb-hr-hp-dl
https://en.wikipedia.org/wiki/Inder_Kumar_Sao,en.wikipedia.org,encyclopedia,office-holder reference,1,mlas-mp-cg-rj
https://en.wikipedia.org/wiki/Inder_Singh_Gandhi,en.wikipedia.org,encyclopedia,office-holder reference,1,mlas-pb-hr-hp-dl
https://en.wikipedia.org/wiki/Inder_Singh_Parmar,en.wikipedia.org,encyclopedia,office-holder reference,1,mlas-mp-cg-rj
https://en.wikipedia.org/wiki/Inderbir_Singh_Nijjar,en.wikipedia.org,encyclopedia,office-holder reference,1,mlas-pb-hr-hp-dl
https://en.wikipedia.org/wiki/Inderjit_Kaur_Mann,en.wikipedia.org,encyclopedia,office-holder reference,1,mlas-pb-hr-hp-dl
https://en.wikipedia.org/wiki/India_Optel_Limited,en.wikipedia.org,encyclopedia,entity facts,1,ministries-b2
https://en.wikipedia.org/wiki/Indian_Council_of_Agricultural_Research,en.wikipedia.org,encyclopedia,entity facts,1,ministries-e
https://en.wikipedia.org/wiki/Indian_Council_of_Forestry_Research_and_Education,en.wikipedia.org,encyclopedia,entity facts,1,ministries-g
https://en.wikipedia.org/wiki/Indian_Council_of_Medical_Research,en.wikipedia.org,encyclopedia,entity facts,1,ministries-f
https://en.wikipedia.org/wiki/Indian_Cyber_Crime_Coordination_Centre,en.wikipedia.org,encyclopedia,entity facts,1,ministries-b1
https://en.wikipedia.org/wiki/Indian_Institute_of_Remote_Sensing,en.wikipedia.org,encyclopedia,entity facts,1,ministries-d
https://en.wikipedia.org/wiki/Indian_Institute_of_Space_Science_and_Technology,en.wikipedia.org,encyclopedia,entity facts,1,ministries-d
https://en.wikipedia.org/wiki/Indian_Institutes_of_Management,en.wikipedia.org,encyclopedia,entity facts,1,ministries-f
https://en.wikipedia.org/wiki/Indian_Institutes_of_Technology,en.wikipedia.org,encyclopedia,entity facts,1,ministries-f
https://en.wikipedia.org/wiki/Indian_Military_Academy,en.wikipedia.org,encyclopedia,entity facts,1,ministries-b2
https://en.wikipedia.org/wiki/Indian_National_Centre_for_Ocean_Information_Services,en.wikipedia.org,encyclopedia,entity facts,1,ministries-g
https://en.wikipedia.org/wiki/Indian_Space_Research_Organisation,en.wikipedia.org,encyclopedia,entity facts,1,ministries-d
https://en.wikipedia.org/wiki/Indian_Strategic_Petroleum_Reserves_Limited,en.wikipedia.org,encyclopedia,entity facts,1,ministries-d
https://en.wikipedia.org/wiki/Indira_Gandhi_Centre_for_Atomic_Research,en.wikipedia.org,encyclopedia,entity facts,1,ministries-d
https://en.wikipedia.org/wiki/Indira_Gandhi_National_Centre_for_the_Arts,en.wikipedia.org,encyclopedia,entity facts,1,ministries-g
https://en.wikipedia.org/wiki/Indira_Meena,en.wikipedia.org,encyclopedia,office-holder reference,1,mlas-mp-cg-rj
https://en.wikipedia.org/wiki/Indo-Tibetan_Border_Police,en.wikipedia.org,encyclopedia,office-holder,1,ministries-b1
https://en.wikipedia.org/wiki/Indra_Kumar_Sahu,en.wikipedia.org,encyclopedia,office-holder reference,1,mlas-mp-cg-rj
https://en.wikipedia.org/wiki/Indra_Prasanna_Mukerji,en.wikipedia.org,encyclopedia,office-holder,1,states-wb-as-sk
https://en.wikipedia.org/wiki/Indrajeet_Prasad_Gupta,en.wikipedia.org,encyclopedia,office-holder reference,1,mlas-br-jh-od
https://en.wikipedia.org/wiki/Indranil_Khan,en.wikipedia.org,encyclopedia,office-holder reference,1,mlas-wb-as-sk
https://en.wikipedia.org/wiki/Indranil_Naik,en.wikipedia.org,encyclopedia,office-holder reference,1,mlas-mh-gj-ga
https://en.wikipedia.org/wiki/Indrashah_Mandavi,en.wikipedia.org,encyclopedia,office-holder reference,1,mlas-mp-cg-rj
https://en.wikipedia.org/wiki/Indu_Raj_Narwal,en.wikipedia.org,encyclopedia,office-holder reference,1,mlas-pb-hr-hp-dl
https://en.wikipedia.org/wiki/Intelligence_Bureau_(India),en.wikipedia.org,encyclopedia,entity facts,1,ministries-b1
https://en.wikipedia.org/wiki/International_Centre_for_Automotive_Technology,en.wikipedia.org,encyclopedia,entity facts,1,ministries-d
https://en.wikipedia.org/wiki/Inturi_Nageswara_Rao,en.wikipedia.org,encyclopedia,office-holder reference,1,mlas-ka-ap-tg
https://en.wikipedia.org/wiki/Irasis_Acharya,en.wikipedia.org,encyclopedia,office-holder reference,1,mlas-br-jh-od
https://en.wikipedia.org/wiki/IREDA,en.wikipedia.org,encyclopedia,entity facts,1,ministries-d
https://en.wikipedia.org/wiki/Irengbam_Nalini_Devi,en.wikipedia.org,encyclopedia,office-holder reference,1,mlas-jk-ar-mn-ml
https://en.wikipedia.org/wiki/Irfan_Ansari,en.wikipedia.org,encyclopedia,office-holder reference,1,mlas-br-jh-od
https://en.wikipedia.org/wiki/Irfan_Hafiz_Lone,en.wikipedia.org,encyclopedia,office-holder reference,1,mlas-jk-ar-mn-ml
https://en.wikipedia.org/wiki/Irshad_Rasool_Kar,en.wikipedia.org,encyclopedia,office-holder reference,1,mlas-jk-ar-mn-ml
https://en.wikipedia.org/wiki/Isaac_Basha,en.wikipedia.org,encyclopedia,office-holder reference,1,mlas-ka-ap-tg
https://en.wikipedia.org/wiki/Ishank_Kumar_Chabbewal,en.wikipedia.org,encyclopedia,office-holder reference,1,mlas-pb-hr-hp-dl
https://en.wikipedia.org/wiki/Ishwar_Sahu,en.wikipedia.org,encyclopedia,office-holder reference,1,mlas-mp-cg-rj
https://en.wikipedia.org/wiki/Ishwarbhai_Parmar,en.wikipedia.org,encyclopedia,office-holder reference,1,mlas-mh-gj-ga
https://en.wikipedia.org/wiki/Ishwarsinh_Patel,en.wikipedia.org,encyclopedia,office-holder reference,1,mlas-mh-gj-ga
https://en.wikipedia.org/wiki/Islam_Uddin,en.wikipedia.org,encyclopedia,office-holder reference,1,mlas-mz-nl-tr
https://en.wikipedia.org/wiki/Ivan_D%27Souza,en.wikipedia.org,encyclopedia,office-holder reference,1,mlas-ka-ap-tg
https://en.wikipedia.org/wiki/J._B._Pardiwala,en.wikipedia.org,encyclopedia,office-holder reference,1,judiciary-supreme-court
https://en.wikipedia.org/wiki/J._C._Ashmit_Reddy,en.wikipedia.org,encyclopedia,office-holder reference,1,mlas-ka-ap-tg
https://en.wikipedia.org/wiki/J._C._D._Prabhakar,en.wikipedia.org,encyclopedia,office-holder reference,1,mlas-tn-kl-py
https://en.wikipedia.org/wiki/J._Kamatchi,en.wikipedia.org,encyclopedia,office-holder reference,1,mlas-tn-kl-py
https://en.wikipedia.org/wiki/J._Kumo_Sha,en.wikipedia.org,encyclopedia,office-holder reference,1,mlas-jk-ar-mn-ml
https://en.wikipedia.org/wiki/J._Mohamed_Farvas,en.wikipedia.org,encyclopedia,office-holder reference,1,mlas-tn-kl-py
https://en.wikipedia.org/wiki/J._Munirathinam,en.wikipedia.org,encyclopedia,office-holder reference,1,mlas-tn-kl-py
https://en.wikipedia.org/wiki/J._N._Ganesh,en.wikipedia.org,encyclopedia,office-holder reference,1,mlas-ka-ap-tg
https://en.wikipedia.org/wiki/J._T._Patil,en.wikipedia.org,encyclopedia,office-holder reference,1,mlas-ka-ap-tg
https://en.wikipedia.org/wiki/Jabbar_Singh_Sankhala,en.wikipedia.org,encyclopedia,office-holder reference,1,mlas-mp-cg-rj
https://en.wikipedia.org/wiki/Jacob_Zhimomi,en.wikipedia.org,encyclopedia,office-holder reference,1,mlas-mz-nl-tr
https://en.wikipedia.org/wiki/Jadab_Lal_Debnath,en.wikipedia.org,encyclopedia,office-holder reference,1,mlas-mz-nl-tr
https://en.wikipedia.org/wiki/Jaffer_Hussain,en.wikipedia.org,encyclopedia,office-holder reference,1,mlas-ka-ap-tg
https://en.wikipedia.org/wiki/Jagadeeswari_Thoyaka,en.wikipedia.org,encyclopedia,office-holder reference,1,mlas-ka-ap-tg
https://en.wikipedia.org/wiki/Jagadish_Gudagunti,en.wikipedia.org,encyclopedia,office-holder reference,1,mlas-ka-ap-tg
https://en.wikipedia.org/wiki/Jagannath_Abhyankar,en.wikipedia.org,encyclopedia,office-holder reference,1,mlas-mh-gj-ga
https://en.wikipedia.org/wiki/Jagannath_Chattopadhyay,en.wikipedia.org,encyclopedia,office-holder reference,1,mlas-wb-as-sk
https://en.wikipedia.org/wiki/Jagannath_Singh_Raghuwanshi,en.wikipedia.org,encyclopedia,office-holder reference,1,mlas-mp-cg-rj
https://en.wikipedia.org/wiki/Jagat_Majhi,en.wikipedia.org,encyclopedia,office-holder reference,1,mlas-br-jh-od
https://en.wikipedia.org/wiki/Jagat_Prakash_Nadda,en.wikipedia.org,encyclopedia,office-holder,1,parliament-rajya-sabha
https://en.wikipedia.org/wiki/Jagat_Singh_(politician),en.wikipedia.org,encyclopedia,office-holder reference,1,mlas-mp-cg-rj
https://en.wikipedia.org/wiki/Jagat_Singh_Negi,en.wikipedia.org,encyclopedia,office-holder reference,1,mlas-pb-hr-hp-dl
https://en.wikipedia.org/wiki/Jagdeep_Kamboj_Goldy,en.wikipedia.org,encyclopedia,office-holder reference,1,mlas-pb-hr-hp-dl
https://en.wikipedia.org/wiki/Jagdeep_Singh_Brar,en.wikipedia.org,encyclopedia,office-holder reference,1,mlas-pb-hr-hp-dl
https://en.wikipedia.org/wiki/Jagdish_Makwana,en.wikipedia.org,encyclopedia,office-holder reference,1,mlas-mh-gj-ga
https://en.wikipedia.org/wiki/Jagdish_Vishwakarma,en.wikipedia.org,encyclopedia,office-holder reference,1,mlas-mh-gj-ga
https://en.wikipedia.org/wiki/Jaggesh,en.wikipedia.org,encyclopedia,office-holder reference,1,parliament-rajya-sabha
https://en.wikipedia.org/wiki/Jagmohan_Anand,en.wikipedia.org,encyclopedia,office-holder reference,1,mlas-pb-hr-hp-dl
https://en.wikipedia.org/wiki/Jagroop_Singh_Gill,en.wikipedia.org,encyclopedia,office-holder reference,1,mlas-pb-hr-hp-dl
https://en.wikipedia.org/wiki/Jagtar_Singh,en.wikipedia.org,encyclopedia,office-holder reference,1,mlas-pb-hr-hp-dl
https://en.wikipedia.org/wiki/Jahar_Chakraborti,en.wikipedia.org,encyclopedia,office-holder reference,1,mlas-mz-nl-tr
https://en.wikipedia.org/wiki/Jaikrishn_Patel,en.wikipedia.org,encyclopedia,office-holder reference,1,mlas-mp-cg-rj
https://en.wikipedia.org/wiki/Jairam_Kumar_Mahato,en.wikipedia.org,encyclopedia,office-holder reference,1,mlas-br-jh-od
https://en.wikipedia.org/wiki/Jairam_Ramesh,en.wikipedia.org,encyclopedia,office-holder reference,1,parliament-rajya-sabha
https://en.wikipedia.org/wiki/Jaisingh_Maravi,en.wikipedia.org,encyclopedia,office-holder reference,1,mlas-mp-cg-rj
https://en.wikipedia.org/wiki/Jaivardhan_Singh,en.wikipedia.org,encyclopedia,office-holder reference,1,mlas-mp-cg-rj
https://en.wikipedia.org/wiki/Jakaria_Ahmed,en.wikipedia.org,encyclopedia,office-holder reference,1,mlas-wb-as-sk
https://en.wikipedia.org/wiki/Jakir_Hussain_Sikdar,en.wikipedia.org,encyclopedia,office-holder reference,1,mlas-wb-as-sk
https://en.wikipedia.org/wiki/Jal_Jeevan_Mission,en.wikipedia.org,encyclopedia,entity facts,1,ministries-c
https://en.wikipedia.org/wiki/Jaladhar_Mahato,en.wikipedia.org,encyclopedia,office-holder reference,1,mlas-wb-as-sk
https://en.wikipedia.org/wiki/Jalen_Naik,en.wikipedia.org,encyclopedia,office-holder reference,1,mlas-br-jh-od
https://en.wikipedia.org/wiki/Jamal_Mohamed_Younoos,en.wikipedia.org,encyclopedia,office-holder reference,1,mlas-tn-kl-py
https://en.wikipedia.org/wiki/James_Sangma,en.wikipedia.org,encyclopedia,office-holder reference,1,parliament-rajya-sabha
https://en.wikipedia.org/wiki/Jammu_and_Kashmir_(union_territory),en.wikipedia.org,encyclopedia,entity facts,1,states-dl-jk-la
https://en.wikipedia.org/wiki/Jammu_and_Kashmir_Legislative_Council,en.wikipedia.org,encyclopedia,entity facts,1,states-dl-jk-la
https://en.wikipedia.org/wiki/Jammu_and_Kashmir_Police,en.wikipedia.org,encyclopedia,office-holder,1,states-dl-jk-la
https://en.wikipedia.org/wiki/Jamshedpur_Municipal_Corporation,en.wikipedia.org,encyclopedia,entity facts,1,states-br-jh-od
https://en.wikipedia.org/wiki/Janak_Dhruw,en.wikipedia.org,encyclopedia,office-holder reference,1,mlas-mp-cg-rj
https://en.wikipedia.org/wiki/Janak_Raj_(politician),en.wikipedia.org,encyclopedia,office-holder reference,1,mlas-pb-hr-hp-dl
https://en.wikipedia.org/wiki/Janak_Ram,en.wikipedia.org,encyclopedia,office-holder reference,1,mlas-br-jh-od
https://en.wikipedia.org/wiki/Janak_Singh_(politician),en.wikipedia.org,encyclopedia,office-holder reference,1,mlas-br-jh-od
https://en.wikipedia.org/wiki/Janak_Talaviya,en.wikipedia.org,encyclopedia,office-holder reference,1,mlas-mh-gj-ga
https://en.wikipedia.org/wiki/Janardan_Paswan,en.wikipedia.org,encyclopedia,office-holder reference,1,mlas-br-jh-od
https://en.wikipedia.org/wiki/Janghemlung_Panmei,en.wikipedia.org,encyclopedia,office-holder reference,1,mlas-jk-ar-mn-ml
https://en.wikipedia.org/wiki/Jarnail_Singh_(Haryana_politician),en.wikipedia.org,encyclopedia,office-holder reference,1,mlas-pb-hr-hp-dl
"https://en.wikipedia.org/wiki/Jarnail_Singh_(politician,_born_1981)",en.wikipedia.org,encyclopedia,office-holder reference,1,mlas-pb-hr-hp-dl
https://en.wikipedia.org/wiki/Jasbir_Singh_Sandhu,en.wikipedia.org,encyclopedia,office-holder reference,1,mlas-pb-hr-hp-dl
https://en.wikipedia.org/wiki/Jassi_Petwar,en.wikipedia.org,encyclopedia,office-holder reference,1,mlas-pb-hr-hp-dl
https://en.wikipedia.org/wiki/Jasvantsinh_Parmar,en.wikipedia.org,encyclopedia,office-holder reference,1,parliament-rajya-sabha
https://en.wikipedia.org/wiki/Jasvir_Singh_Raja_Gill,en.wikipedia.org,encyclopedia,office-holder reference,1,mlas-pb-hr-hp-dl
https://en.wikipedia.org/wiki/Jaswant_Singh_Gajjan_Majra,en.wikipedia.org,encyclopedia,office-holder reference,1,mlas-pb-hr-hp-dl
https://en.wikipedia.org/wiki/Jaswant_Singh_Gurjar,en.wikipedia.org,encyclopedia,office-holder reference,1,mlas-mp-cg-rj
https://en.wikipedia.org/wiki/Jaswant_Singh_Yadav,en.wikipedia.org,encyclopedia,office-holder reference,1,mlas-mp-cg-rj
https://en.wikipedia.org/wiki/Jaswinder_Singh_(politician),en.wikipedia.org,encyclopedia,office-holder reference,1,mlas-pb-hr-hp-dl
https://en.wikipedia.org/wiki/Jatoth_Ram_Chander_Naik,en.wikipedia.org,encyclopedia,office-holder reference,1,mlas-ka-ap-tg
https://en.wikipedia.org/wiki/Javaid_Ahmad_Mirchal,en.wikipedia.org,encyclopedia,office-holder reference,1,mlas-jk-ar-mn-ml
https://en.wikipedia.org/wiki/Javaid_Iqbal,en.wikipedia.org,encyclopedia,office-holder reference,1,mlas-jk-ar-mn-ml
https://en.wikipedia.org/wiki/Javaid_Riyaz,en.wikipedia.org,encyclopedia,office-holder reference,1,mlas-jk-ar-mn-ml
https://en.wikipedia.org/wiki/Javed_Ahmed_Khan,en.wikipedia.org,encyclopedia,office-holder reference,1,mlas-wb-as-sk
https://en.wikipedia.org/wiki/Javed_Ali_Khan,en.wikipedia.org,encyclopedia,office-holder reference,1,parliament-rajya-sabha
https://en.wikipedia.org/wiki/Javid_Hassan_Baig,en.wikipedia.org,encyclopedia,office-holder reference,1,mlas-jk-ar-mn-ml
https://en.wikipedia.org/wiki/Jawahar_Navodaya_Vidyalaya,en.wikipedia.org,encyclopedia,entity facts,1,ministries-f
https://en.wikipedia.org/wiki/Jawahar_Singh_Bedham,en.wikipedia.org,encyclopedia,office-holder reference,1,mlas-mp-cg-rj
https://en.wikipedia.org/wiki/Jay_Dholakia,en.wikipedia.org,encyclopedia,office-holder reference,1,mlas-br-jh-od
https://en.wikipedia.org/wiki/Jaya_Bachchan,en.wikipedia.org,encyclopedia,office-holder reference,1,parliament-rajya-sabha
https://en.wikipedia.org/wiki/Jaya_Nageswara_Reddy,en.wikipedia.org,encyclopedia,office-holder reference,1,mlas-ka-ap-tg
https://en.wikipedia.org/wiki/Jayakumar_Jitendrasinh_Rawal,en.wikipedia.org,encyclopedia,office-holder reference,1,mlas-mh-gj-ga
https://en.wikipedia.org/wiki/Jayanarayan_Mishra,en.wikipedia.org,encyclopedia,office-holder reference,1,mlas-br-jh-od
https://en.wikipedia.org/wiki/Jayant_Malaiya,en.wikipedia.org,encyclopedia,office-holder reference,1,mlas-mp-cg-rj
https://en.wikipedia.org/wiki/Jayant_Patil,en.wikipedia.org,encyclopedia,office-holder reference,1,mlas-mh-gj-ga
https://en.wikipedia.org/wiki/Jayant_Raj_Kushwaha,en.wikipedia.org,encyclopedia,office-holder reference,1,mlas-br-jh-od
https://en.wikipedia.org/wiki/Jayanta_Malla_Baruah,en.wikipedia.org,encyclopedia,office-holder reference,1,mlas-wb-as-sk
https://en.wikipedia.org/wiki/Jayantibhai_Patel,en.wikipedia.org,encyclopedia,office-holder reference,1,mlas-mh-gj-ga
https://en.wikipedia.org/wiki/Jayantibhai_Rathva,en.wikipedia.org,encyclopedia,office-holder reference,1,mlas-mh-gj-ga
https://en.wikipedia.org/wiki/Jaydeep_Bihani,en.wikipedia.org,encyclopedia,office-holder reference,1,mlas-mp-cg-rj
https://en.wikipedia.org/wiki/Jaydrathsinh_Parmar,en.wikipedia.org,encyclopedia,office-holder reference,1,mlas-mh-gj-ga
https://en.wikipedia.org/wiki/Jayesh_Radadiya,en.wikipedia.org,encyclopedia,office-holder reference,1,mlas-mh-gj-ga
https://en.wikipedia.org/wiki/Jaykumar_Gore,en.wikipedia.org,encyclopedia,office-holder reference,1,mlas-mh-gj-ga
https://en.wikipedia.org/wiki/Jayram_Gamit,en.wikipedia.org,encyclopedia,office-holder reference,1,mlas-mh-gj-ga
https://en.wikipedia.org/wiki/Jaysukhbhai_Kakadiya,en.wikipedia.org,encyclopedia,office-holder reference,1,mlas-mh-gj-ga
https://en.wikipedia.org/wiki/Jeber_Sekh,en.wikipedia.org,encyclopedia,office-holder reference,1,mlas-wb-as-sk
https://en.wikipedia.org/wiki/Jebi_Mather,en.wikipedia.org,encyclopedia,office-holder reference,1,parliament-rajya-sabha
https://en.wikipedia.org/wiki/Jeet_Ram_Katwal,en.wikipedia.org,encyclopedia,office-holder reference,1,mlas-pb-hr-hp-dl
https://en.wikipedia.org/wiki/Jeevan_Jyot_Kaur,en.wikipedia.org,encyclopedia,office-holder reference,1,mlas-pb-hr-hp-dl
https://en.wikipedia.org/wiki/Jeevan_Kumar,en.wikipedia.org,encyclopedia,office-holder reference,1,mlas-br-jh-od
https://en.wikipedia.org/wiki/Jegadeshwari._K,en.wikipedia.org,encyclopedia,office-holder reference,1,mlas-tn-kl-py
https://en.wikipedia.org/wiki/Jeje_Lalpekhlua,en.wikipedia.org,encyclopedia,office-holder reference,1,mlas-mz-nl-tr
https://en.wikipedia.org/wiki/Jennifer_Monserrate,en.wikipedia.org,encyclopedia,office-holder reference,1,mlas-mh-gj-ga
https://en.wikipedia.org/wiki/Jethabhai_Ahir,en.wikipedia.org,encyclopedia,office-holder reference,1,mlas-mh-gj-ga
https://en.wikipedia.org/wiki/Jethanand_Vyas,en.wikipedia.org,encyclopedia,office-holder reference,1,mlas-mp-cg-rj
https://en.wikipedia.org/wiki/Jhabar_Singh_Kharra,en.wikipedia.org,encyclopedia,office-holder reference,1,mlas-mp-cg-rj
https://en.wikipedia.org/wiki/Jharkhand,en.wikipedia.org,encyclopedia,entity facts,1,states-br-jh-od
https://en.wikipedia.org/wiki/Jharkhand_Police,en.wikipedia.org,encyclopedia,office-holder,1,states-br-jh-od
https://en.wikipedia.org/wiki/Jhuma_Solanki,en.wikipedia.org,encyclopedia,office-holder reference,1,mlas-mp-cg-rj
https://en.wikipedia.org/wiki/Jiban_Gogoi,en.wikipedia.org,encyclopedia,office-holder reference,1,mlas-wb-as-sk
https://en.wikipedia.org/wiki/Jibesh_Kumar,en.wikipedia.org,encyclopedia,office-holder reference,1,mlas-br-jh-od
https://en.wikipedia.org/wiki/Jibesh_Rai,en.wikipedia.org,encyclopedia,office-holder reference,1,mlas-wb-as-sk
https://en.wikipedia.org/wiki/Jiga_Susaran_Horo,en.wikipedia.org,encyclopedia,office-holder reference,1,mlas-br-jh-od
https://en.wikipedia.org/wiki/Jignesh_Mevani,en.wikipedia.org,encyclopedia,office-holder reference,1,mlas-mh-gj-ga
https://en.wikipedia.org/wiki/Jikke_Tako,en.wikipedia.org,encyclopedia,office-holder reference,1,mlas-jk-ar-mn-ml
https://en.wikipedia.org/wiki/Jim_M._Sangma,en.wikipedia.org,encyclopedia,office-holder reference,1,mlas-jk-ar-mn-ml
https://en.wikipedia.org/wiki/Jimmy_D._Sangma,en.wikipedia.org,encyclopedia,office-holder reference,1,mlas-jk-ar-mn-ml
https://en.wikipedia.org/wiki/Jishnu_Dev_Varma,en.wikipedia.org,encyclopedia,office-holder reference,1,states-mh-gj-ga
https://en.wikipedia.org/wiki/Jit_Arolkar,en.wikipedia.org,encyclopedia,office-holder reference,1,mlas-mh-gj-ga
https://en.wikipedia.org/wiki/Jitender_Mahajan,en.wikipedia.org,encyclopedia,office-holder reference,1,mlas-pb-hr-hp-dl
https://en.wikipedia.org/wiki/Jitendra_Awhad,en.wikipedia.org,encyclopedia,office-holder reference,1,mlas-mh-gj-ga
https://en.wikipedia.org/wiki/Jitendra_Chaudhury,en.wikipedia.org,encyclopedia,office-holder reference,1,mlas-mz-nl-tr
https://en.wikipedia.org/wiki/Jitendra_Kumar_(Bihar_politician),en.wikipedia.org,encyclopedia,office-holder reference,1,mlas-br-jh-od
https://en.wikipedia.org/wiki/Jitendra_Kumar_Gothwal,en.wikipedia.org,encyclopedia,office-holder reference,1,mlas-mp-cg-rj
https://en.wikipedia.org/wiki/Jitendra_Kumar_Rai,en.wikipedia.org,encyclopedia,office-holder reference,1,mlas-br-jh-od
https://en.wikipedia.org/wiki/Jitendra_Majumder,en.wikipedia.org,encyclopedia,office-holder reference,1,mlas-mz-nl-tr
https://en.wikipedia.org/wiki/Jitendra_Pandya,en.wikipedia.org,encyclopedia,office-holder reference,1,mlas-mp-cg-rj
"https://en.wikipedia.org/wiki/Jitendra_Singh_(politician,_born_1956)",en.wikipedia.org,encyclopedia,office-holder reference,1,ministries-b3
https://en.wikipedia.org/wiki/Jitendra_Tiwari,en.wikipedia.org,encyclopedia,office-holder reference,1,mlas-wb-as-sk
https://en.wikipedia.org/wiki/Jitesh_Antapurkar,en.wikipedia.org,encyclopedia,office-holder reference,1,mlas-mh-gj-ga
https://en.wikipedia.org/wiki/Jitu_Bhagat,en.wikipedia.org,encyclopedia,office-holder reference,1,mlas-mh-gj-ga
https://en.wikipedia.org/wiki/Jitu_Goswami,en.wikipedia.org,encyclopedia,office-holder reference,1,mlas-wb-as-sk
https://en.wikipedia.org/wiki/Jitu_Somani,en.wikipedia.org,encyclopedia,office-holder reference,1,mlas-mh-gj-ga
https://en.wikipedia.org/wiki/Jitu_Vaghani,en.wikipedia.org,encyclopedia,office-holder reference,1,mlas-mh-gj-ga
https://en.wikipedia.org/wiki/Jitubhai_Chaudhary,en.wikipedia.org,encyclopedia,office-holder reference,1,mlas-mh-gj-ga
https://en.wikipedia.org/wiki/Jivaram_Choudhary,en.wikipedia.org,encyclopedia,office-holder reference,1,mlas-mp-cg-rj
https://en.wikipedia.org/wiki/Jiwan_Singh_Sangowal,en.wikipedia.org,encyclopedia,office-holder reference,1,mlas-pb-hr-hp-dl
https://en.wikipedia.org/wiki/Jogaram_Patel,en.wikipedia.org,encyclopedia,office-holder reference,1,mlas-mp-cg-rj
https://en.wikipedia.org/wiki/Jogen_Mohan,en.wikipedia.org,encyclopedia,office-holder reference,1,parliament-rajya-sabha
https://en.wikipedia.org/wiki/Jogesh_Kumar_Singh,en.wikipedia.org,encyclopedia,office-holder reference,1,mlas-br-jh-od
https://en.wikipedia.org/wiki/Jogeshwar_Garg,en.wikipedia.org,encyclopedia,office-holder reference,1,mlas-mp-cg-rj
https://en.wikipedia.org/wiki/John_Brittas,en.wikipedia.org,encyclopedia,office-holder reference,1,parliament-rajya-sabha
https://en.wikipedia.org/wiki/Joraram_Kumawat,en.wikipedia.org,encyclopedia,office-holder reference,1,mlas-mp-cg-rj
https://en.wikipedia.org/wiki/Jose_Charles_Martin,en.wikipedia.org,encyclopedia,office-holder reference,1,mlas-tn-kl-py
https://en.wikipedia.org/wiki/Jose_K._Mani,en.wikipedia.org,encyclopedia,office-holder reference,1,parliament-rajya-sabha
https://en.wikipedia.org/wiki/Joshua_D%27Souza,en.wikipedia.org,encyclopedia,office-holder reference,1,mlas-mh-gj-ga
https://en.wikipedia.org/wiki/Joy_Prakash_Das,en.wikipedia.org,encyclopedia,office-holder reference,1,mlas-wb-as-sk
https://en.wikipedia.org/wiki/Joydeb_Halder,en.wikipedia.org,encyclopedia,office-holder reference,1,mlas-wb-as-sk
https://en.wikipedia.org/wiki/Joyel_Murmu,en.wikipedia.org,encyclopedia,office-holder reference,1,mlas-wb-as-sk
https://en.wikipedia.org/wiki/Joymalya_Bagchi,en.wikipedia.org,encyclopedia,office-holder reference,1,judiciary-supreme-court
https://en.wikipedia.org/wiki/Julakanti_Brahmananda_Reddy,en.wikipedia.org,encyclopedia,office-holder reference,1,mlas-ka-ap-tg
https://en.wikipedia.org/wiki/Julfikar_Ali,en.wikipedia.org,encyclopedia,office-holder reference,1,mlas-wb-as-sk
https://en.wikipedia.org/wiki/Jupally_Krishna_Rao,en.wikipedia.org,encyclopedia,office-holder reference,1,mlas-ka-ap-tg
https://en.wikipedia.org/wiki/Jwenga_Seb,en.wikipedia.org,encyclopedia,office-holder reference,1,mlas-mz-nl-tr
https://en.wikipedia.org/wiki/Jyothi_Kumar_Chamakkala,en.wikipedia.org,encyclopedia,office-holder reference,1,mlas-tn-kl-py
https://en.wikipedia.org/wiki/Jyothula_Nehru,en.wikipedia.org,encyclopedia,office-holder reference,1,mlas-ka-ap-tg
https://en.wikipedia.org/wiki/Jyoti_Devi,en.wikipedia.org,encyclopedia,office-holder reference,1,mlas-br-jh-od
https://en.wikipedia.org/wiki/Jyoti_Gaikwad,en.wikipedia.org,encyclopedia,office-holder reference,1,mlas-mh-gj-ga
https://en.wikipedia.org/wiki/K_Anil_Kumar,en.wikipedia.org,encyclopedia,office-holder reference,1,mlas-br-jh-od
https://en.wikipedia.org/wiki/K._A._Sengottaiyan,en.wikipedia.org,encyclopedia,office-holder reference,1,mlas-tn-kl-py
https://en.wikipedia.org/wiki/K._Annadurai,en.wikipedia.org,encyclopedia,office-holder reference,1,mlas-tn-kl-py
https://en.wikipedia.org/wiki/K._Beichhua,en.wikipedia.org,encyclopedia,office-holder reference,1,mlas-mz-nl-tr
https://en.wikipedia.org/wiki/K._Binimon,en.wikipedia.org,encyclopedia,office-holder reference,1,mlas-tn-kl-py
https://en.wikipedia.org/wiki/K._C._Karuppannan,en.wikipedia.org,encyclopedia,office-holder reference,1,mlas-tn-kl-py
https://en.wikipedia.org/wiki/K._C._Veeramani,en.wikipedia.org,encyclopedia,office-holder reference,1,mlas-tn-kl-py
https://en.wikipedia.org/wiki/K._C._Veerendra_Puppy,en.wikipedia.org,encyclopedia,office-holder reference,1,mlas-ka-ap-tg
https://en.wikipedia.org/wiki/K._Chandrashekar_Rao,en.wikipedia.org,encyclopedia,office-holder reference,1,mlas-ka-ap-tg
https://en.wikipedia.org/wiki/K._E._Shyam_Babu,en.wikipedia.org,encyclopedia,office-holder reference,1,mlas-ka-ap-tg
https://en.wikipedia.org/wiki/K._G._Arunraj,en.wikipedia.org,encyclopedia,office-holder reference,1,mlas-tn-kl-py
https://en.wikipedia.org/wiki/K._G._Kenye,en.wikipedia.org,encyclopedia,office-holder reference,1,mlas-mz-nl-tr
https://en.wikipedia.org/wiki/K._Gopalaiah,en.wikipedia.org,encyclopedia,office-holder reference,1,mlas-ka-ap-tg
https://en.wikipedia.org/wiki/K._Govindaraj,en.wikipedia.org,encyclopedia,office-holder reference,1,mlas-ka-ap-tg
https://en.wikipedia.org/wiki/K._H._Muniyappa,en.wikipedia.org,encyclopedia,office-holder reference,1,mlas-ka-ap-tg
https://en.wikipedia.org/wiki/K._Harish_Gowda,en.wikipedia.org,encyclopedia,office-holder reference,1,mlas-ka-ap-tg
https://en.wikipedia.org/wiki/K._Hrahmo,en.wikipedia.org,encyclopedia,office-holder reference,1,mlas-mz-nl-tr
https://en.wikipedia.org/wiki/K._J._George,en.wikipedia.org,encyclopedia,office-holder reference,1,mlas-ka-ap-tg
https://en.wikipedia.org/wiki/K._K._Abid_Hussain_Thangal,en.wikipedia.org,encyclopedia,office-holder reference,1,mlas-tn-kl-py
https://en.wikipedia.org/wiki/K._K._Ananth_Moghan,en.wikipedia.org,encyclopedia,office-holder reference,1,mlas-tn-kl-py
https://en.wikipedia.org/wiki/K._K._Kathiravan,en.wikipedia.org,encyclopedia,office-holder reference,1,mlas-tn-kl-py
https://en.wikipedia.org/wiki/K._K._Ramachandran,en.wikipedia.org,encyclopedia,office-holder reference,1,mlas-tn-kl-py
https://en.wikipedia.org/wiki/K._K._Rema,en.wikipedia.org,encyclopedia,office-holder reference,1,mlas-tn-kl-py
https://en.wikipedia.org/wiki/K._K._Valsaraj,en.wikipedia.org,encyclopedia,office-holder reference,1,mlas-tn-kl-py
https://en.wikipedia.org/wiki/K._Karthikeyan,en.wikipedia.org,encyclopedia,office-holder reference,1,mlas-tn-kl-py
https://en.wikipedia.org/wiki/K._Karunanithi,en.wikipedia.org,encyclopedia,office-holder reference,1,mlas-tn-kl-py
https://en.wikipedia.org/wiki/K._Konngam_Konyak,en.wikipedia.org,encyclopedia,office-holder reference,1,mlas-mz-nl-tr
https://en.wikipedia.org/wiki/K._Laldawngliana,en.wikipedia.org,encyclopedia,office-holder reference,1,mlas-mz-nl-tr
https://en.wikipedia.org/wiki/K._M._Abhijith,en.wikipedia.org,encyclopedia,office-holder reference,1,mlas-tn-kl-py
https://en.wikipedia.org/wiki/K._M._Shaji,en.wikipedia.org,encyclopedia,office-holder reference,1,mlas-tn-kl-py
https://en.wikipedia.org/wiki/K._M._Shivalinge_Gowda,en.wikipedia.org,encyclopedia,office-holder reference,1,mlas-ka-ap-tg
https://en.wikipedia.org/wiki/K._M._Udaya,en.wikipedia.org,encyclopedia,office-holder reference,1,mlas-ka-ap-tg
https://en.wikipedia.org/wiki/K._Madan_Mohan_Rao,en.wikipedia.org,encyclopedia,office-holder reference,1,mlas-ka-ap-tg
https://en.wikipedia.org/wiki/K._Marimuthu,en.wikipedia.org,encyclopedia,office-holder reference,1,mlas-tn-kl-py
https://en.wikipedia.org/wiki/K._Mohan,en.wikipedia.org,encyclopedia,office-holder reference,1,mlas-tn-kl-py
https://en.wikipedia.org/wiki/K._Muraleedharan,en.wikipedia.org,encyclopedia,office-holder reference,1,mlas-tn-kl-py
https://en.wikipedia.org/wiki/K._N._Balagopal,en.wikipedia.org,encyclopedia,office-holder reference,1,mlas-tn-kl-py
https://en.wikipedia.org/wiki/K._N._Nehru,en.wikipedia.org,encyclopedia,office-holder reference,1,mlas-tn-kl-py
https://en.wikipedia.org/wiki/K._N._Rajanna,en.wikipedia.org,encyclopedia,office-holder reference,1,mlas-ka-ap-tg
https://en.wikipedia.org/wiki/K._Narayanasamy,en.wikipedia.org,encyclopedia,office-holder reference,1,mlas-tn-kl-py
https://en.wikipedia.org/wiki/K._Neelakandan,en.wikipedia.org,encyclopedia,office-holder reference,1,mlas-tn-kl-py
https://en.wikipedia.org/wiki/K._Nithyanandhan,en.wikipedia.org,encyclopedia,office-holder reference,1,mlas-tn-kl-py
https://en.wikipedia.org/wiki/K._P._Anbalagan,en.wikipedia.org,encyclopedia,office-holder reference,1,mlas-tn-kl-py
https://en.wikipedia.org/wiki/K._P._Noushad_Ali,en.wikipedia.org,encyclopedia,office-holder reference,1,mlas-tn-kl-py
https://en.wikipedia.org/wiki/K._P._Vivekanand_Goud,en.wikipedia.org,encyclopedia,office-holder reference,1,mlas-ka-ap-tg
https://en.wikipedia.org/wiki/K._Poondi_Kalaivanan,en.wikipedia.org,encyclopedia,office-holder reference,1,mlas-tn-kl-py
https://en.wikipedia.org/wiki/K._Praveen_Kumar,en.wikipedia.org,encyclopedia,office-holder reference,1,mlas-tn-kl-py
https://en.wikipedia.org/wiki/K._Preman,en.wikipedia.org,encyclopedia,office-holder reference,1,mlas-tn-kl-py
https://en.wikipedia.org/wiki/K._Premkumar,en.wikipedia.org,encyclopedia,office-holder reference,1,mlas-tn-kl-py
https://en.wikipedia.org/wiki/K._R._J._Bharath,en.wikipedia.org,encyclopedia,office-holder reference,1,mlas-ka-ap-tg
https://en.wikipedia.org/wiki/K._R._N._Rajeshkumar,en.wikipedia.org,encyclopedia,office-holder reference,1,parliament-rajya-sabha
https://en.wikipedia.org/wiki/K._Raghavendra_Hitnal,en.wikipedia.org,encyclopedia,office-holder reference,1,mlas-ka-ap-tg
https://en.wikipedia.org/wiki/K._Rajan_(politician),en.wikipedia.org,encyclopedia,office-holder reference,1,mlas-tn-kl-py
https://en.wikipedia.org/wiki/K._Ramkumar,en.wikipedia.org,encyclopedia,office-holder reference,1,mlas-tn-kl-py
https://en.wikipedia.org/wiki/K._Ravimanoharan,en.wikipedia.org,encyclopedia,office-holder reference,1,mlas-tn-kl-py
https://en.wikipedia.org/wiki/K._S._Anand,en.wikipedia.org,encyclopedia,office-holder reference,1,mlas-ka-ap-tg
https://en.wikipedia.org/wiki/K._S._Basavanthappa,en.wikipedia.org,encyclopedia,office-holder reference,1,mlas-ka-ap-tg
https://en.wikipedia.org/wiki/K._S._Sri_Giri_Prasath,en.wikipedia.org,encyclopedia,office-holder reference,1,mlas-tn-kl-py
https://en.wikipedia.org/wiki/K._Sapdanga,en.wikipedia.org,encyclopedia,office-holder reference,1,mlas-mz-nl-tr
https://en.wikipedia.org/wiki/K._Shadakshari,en.wikipedia.org,encyclopedia,office-holder reference,1,mlas-ka-ap-tg
https://en.wikipedia.org/wiki/K._Sindhu,en.wikipedia.org,encyclopedia,office-holder reference,1,mlas-tn-kl-py
https://en.wikipedia.org/wiki/K._Sivakumar,en.wikipedia.org,encyclopedia,office-holder reference,1,mlas-tn-kl-py
https://en.wikipedia.org/wiki/K._Sivakumar_(politician),en.wikipedia.org,encyclopedia,office-holder reference,1,mlas-tn-kl-py
https://en.wikipedia.org/wiki/K._T._Rama_Rao,en.wikipedia.org,encyclopedia,office-holder reference,1,mlas-ka-ap-tg
https://en.wikipedia.org/wiki/K._Tokugha_Sukhalu,en.wikipedia.org,encyclopedia,office-holder reference,1,mlas-mz-nl-tr
https://en.wikipedia.org/wiki/K._U._Jenish_Kumar,en.wikipedia.org,encyclopedia,office-holder reference,1,mlas-tn-kl-py
https://en.wikipedia.org/wiki/K._V._Ramana_Reddy,en.wikipedia.org,encyclopedia,office-holder reference,1,mlas-ka-ap-tg
https://en.wikipedia.org/wiki/K._V._Sumesh,en.wikipedia.org,encyclopedia,office-holder reference,1,mlas-tn-kl-py
https://en.wikipedia.org/wiki/K._V._Vijay_Damu,en.wikipedia.org,encyclopedia,office-holder reference,1,mlas-tn-kl-py
https://en.wikipedia.org/wiki/K._V._Viswanathan,en.wikipedia.org,encyclopedia,office-holder reference,1,judiciary-supreme-court
https://en.wikipedia.org/wiki/K._Venkatesh,en.wikipedia.org,encyclopedia,office-holder reference,1,mlas-ka-ap-tg
https://en.wikipedia.org/wiki/K._Vignesh,en.wikipedia.org,encyclopedia,office-holder reference,1,mlas-tn-kl-py
https://en.wikipedia.org/wiki/K._Vinod_Chandran,en.wikipedia.org,encyclopedia,office-holder reference,1,judiciary-supreme-court
https://en.wikipedia.org/wiki/K._Y._Nanjegowda,en.wikipedia.org,encyclopedia,office-holder reference,1,mlas-ka-ap-tg
https://en.wikipedia.org/wiki/K.Jayanth,en.wikipedia.org,encyclopedia,office-holder reference,1,mlas-tn-kl-py
https://en.wikipedia.org/wiki/Kadiyam_Srihari,en.wikipedia.org,encyclopedia,office-holder reference,1,mlas-ka-ap-tg
https://en.wikipedia.org/wiki/Kadraka_Appala_Swamy,en.wikipedia.org,encyclopedia,office-holder reference,1,mlas-br-jh-od
https://en.wikipedia.org/wiki/Kagitha_Krishna_Prasad,en.wikipedia.org,encyclopedia,office-holder reference,1,mlas-ka-ap-tg
https://en.wikipedia.org/wiki/Kailas_Patil,en.wikipedia.org,encyclopedia,office-holder reference,1,mlas-mh-gj-ga
https://en.wikipedia.org/wiki/Kailash_Chand_Verma,en.wikipedia.org,encyclopedia,office-holder reference,1,mlas-mp-cg-rj
https://en.wikipedia.org/wiki/Kailash_Chandra_Meena,en.wikipedia.org,encyclopedia,office-holder reference,1,mlas-mp-cg-rj
https://en.wikipedia.org/wiki/Kailash_Gahlot,en.wikipedia.org,encyclopedia,office-holder reference,1,mlas-pb-hr-hp-dl
https://en.wikipedia.org/wiki/Kailash_Gangwal,en.wikipedia.org,encyclopedia,office-holder reference,1,mlas-pb-hr-hp-dl
https://en.wikipedia.org/wiki/Kailash_Kushwah,en.wikipedia.org,encyclopedia,office-holder reference,1,mlas-mp-cg-rj
https://en.wikipedia.org/wiki/Kailash_Vijayvargiya,en.wikipedia.org,encyclopedia,office-holder reference,1,mlas-mp-cg-rj
https://en.wikipedia.org/wiki/Kakarla_Suresh,en.wikipedia.org,encyclopedia,office-holder reference,1,mlas-ka-ap-tg
https://en.wikipedia.org/wiki/Kala_Rai,en.wikipedia.org,encyclopedia,office-holder reference,1,mlas-wb-as-sk
https://en.wikipedia.org/wiki/Kaladhar_Mandal,en.wikipedia.org,encyclopedia,office-holder reference,1,mlas-br-jh-od
https://en.wikipedia.org/wiki/Kalai_Kathiravan,en.wikipedia.org,encyclopedia,office-holder reference,1,mlas-tn-kl-py
https://en.wikipedia.org/wiki/Kalava_Srinivasulu,en.wikipedia.org,encyclopedia,office-holder reference,1,mlas-ka-ap-tg
https://en.wikipedia.org/wiki/Kale_Yadaiah,en.wikipedia.org,encyclopedia,office-holder reference,1,mlas-ka-ap-tg
https://en.wikipedia.org/wiki/Kali_Charan_Saraf,en.wikipedia.org,encyclopedia,office-holder reference,1,mlas-mp-cg-rj
https://en.wikipedia.org/wiki/Kalidas_Kolambkar,en.wikipedia.org,encyclopedia,office-holder reference,1,mlas-mh-gj-ga
https://en.wikipedia.org/wiki/Kalidindi_Suryana_Naga_Sanyasi_Raju,en.wikipedia.org,encyclopedia,office-holder reference,1,mlas-ka-ap-tg
https://en.wikipedia.org/wiki/Kalikesh_Narayan_Singh_Deo,en.wikipedia.org,encyclopedia,office-holder reference,1,mlas-br-jh-od
https://en.wikipedia.org/wiki/Kalikiri_Murali_Mohan,en.wikipedia.org,encyclopedia,office-holder reference,1,mlas-ka-ap-tg
https://en.wikipedia.org/wiki/Kalita_Maji,en.wikipedia.org,encyclopedia,office-holder reference,1,mlas-wb-as-sk
https://en.wikipedia.org/wiki/Kallatra_Mahin,en.wikipedia.org,encyclopedia,office-holder reference,1,mlas-tn-kl-py
https://en.wikipedia.org/wiki/Kalpana_Devi_(politician),en.wikipedia.org,encyclopedia,office-holder reference,1,mlas-mp-cg-rj
https://en.wikipedia.org/wiki/Kalpana_Saini,en.wikipedia.org,encyclopedia,office-holder reference,1,parliament-rajya-sabha
https://en.wikipedia.org/wiki/Kalpana_Soren,en.wikipedia.org,encyclopedia,office-holder reference,1,mlas-br-jh-od
https://en.wikipedia.org/wiki/Kalpeshbhai_Ashabhai_Parmar,en.wikipedia.org,encyclopedia,office-holder reference,1,mlas-mh-gj-ga
https://en.wikipedia.org/wiki/Kalubhai_Rathod,en.wikipedia.org,encyclopedia,office-holder reference,1,mlas-mh-gj-ga
https://en.wikipedia.org/wiki/Kalubhai_Rupabhai_Dabhi,en.wikipedia.org,encyclopedia,office-holder reference,1,mlas-mh-gj-ga
https://en.wikipedia.org/wiki/Kaluram_Meghwal,en.wikipedia.org,encyclopedia,office-holder reference,1,mlas-mp-cg-rj
https://en.wikipedia.org/wiki/Kalvakuntla_Sanjay,en.wikipedia.org,encyclopedia,office-holder reference,1,mlas-ka-ap-tg
https://en.wikipedia.org/wiki/Kalyan_Chakraborti,en.wikipedia.org,encyclopedia,office-holder reference,1,mlas-wb-as-sk
https://en.wikipedia.org/wiki/Kalyani_Saha_Roy,en.wikipedia.org,encyclopedia,office-holder reference,1,mlas-mz-nl-tr
https://en.wikipedia.org/wiki/Kamakhya_Pratap_Singh,en.wikipedia.org,encyclopedia,office-holder reference,1,mlas-mp-cg-rj
https://en.wikipedia.org/wiki/Kamal_Haasan,en.wikipedia.org,encyclopedia,office-holder reference,1,parliament-rajya-sabha
https://en.wikipedia.org/wiki/Kamal_Marskole,en.wikipedia.org,encyclopedia,office-holder reference,1,mlas-mp-cg-rj
https://en.wikipedia.org/wiki/Kamal_Nath,en.wikipedia.org,encyclopedia,office-holder reference,1,mlas-mp-cg-rj
https://en.wikipedia.org/wiki/Kamalakanta_Hansda,en.wikipedia.org,encyclopedia,office-holder reference,1,mlas-wb-as-sk
https://en.wikipedia.org/wiki/Kamalakhya_Dey_Purkayastha,en.wikipedia.org,encyclopedia,office-holder reference,1,mlas-wb-as-sk
https://en.wikipedia.org/wiki/Kamali._S,en.wikipedia.org,encyclopedia,office-holder reference,1,mlas-tn-kl-py
https://en.wikipedia.org/wiki/Kamineni_Srinivas,en.wikipedia.org,encyclopedia,office-holder reference,1,mlas-ka-ap-tg
https://en.wikipedia.org/wiki/Kamlesh_Patel_(politician),en.wikipedia.org,encyclopedia,office-holder reference,1,mlas-mh-gj-ga
https://en.wikipedia.org/wiki/Kamlesh_Shah,en.wikipedia.org,encyclopedia,office-holder reference,1,mlas-mp-cg-rj
https://en.wikipedia.org/wiki/Kamlesh_Thakur,en.wikipedia.org,encyclopedia,office-holder reference,1,mlas-pb-hr-hp-dl
https://en.wikipedia.org/wiki/Kamleshwar_Dodiyar,en.wikipedia.org,encyclopedia,office-holder reference,1,mlas-mp-cg-rj
https://en.wikipedia.org/wiki/Kamlung_Mossang,en.wikipedia.org,encyclopedia,office-holder reference,1,mlas-jk-ar-mn-ml
https://en.wikipedia.org/wiki/Kanad_Purkayastha,en.wikipedia.org,encyclopedia,office-holder reference,1,parliament-rajya-sabha
https://en.wikipedia.org/wiki/Kanaia_Lal_Agarwal,en.wikipedia.org,encyclopedia,office-holder reference,1,mlas-wb-as-sk
https://en.wikipedia.org/wiki/Kanaiyalal_Kishori,en.wikipedia.org,encyclopedia,office-holder reference,1,mlas-mh-gj-ga
https://en.wikipedia.org/wiki/Kanak_Vardhan_Singh_Deo,en.wikipedia.org,encyclopedia,office-holder reference,1,mlas-br-jh-od
https://en.wikipedia.org/wiki/Kanchan_Mukesh_Tanve,en.wikipedia.org,encyclopedia,office-holder reference,1,mlas-mp-cg-rj
https://en.wikipedia.org/wiki/Kanchanben_Radadiya,en.wikipedia.org,encyclopedia,office-holder reference,1,mlas-mh-gj-ga
https://en.wikipedia.org/wiki/Kancharla_Srikanth,en.wikipedia.org,encyclopedia,office-holder reference,1,mlas-ka-ap-tg
https://en.wikipedia.org/wiki/Kandhal_Jadeja,en.wikipedia.org,encyclopedia,office-holder reference,1,mlas-mh-gj-ga
https://en.wikipedia.org/wiki/Kandikunta_Venkata_Prasad,en.wikipedia.org,encyclopedia,office-holder reference,1,mlas-ka-ap-tg
https://en.wikipedia.org/wiki/Kandula_Durgesh,en.wikipedia.org,encyclopedia,office-holder reference,1,mlas-ka-ap-tg
https://en.wikipedia.org/wiki/Kandula_Narayana_Reddy,en.wikipedia.org,encyclopedia,office-holder reference,1,mlas-ka-ap-tg
https://en.wikipedia.org/wiki/Kaneez_Fathima,en.wikipedia.org,encyclopedia,office-holder reference,1,mlas-ka-ap-tg
https://en.wikipedia.org/wiki/Kangujam_Ranjit_Singh,en.wikipedia.org,encyclopedia,office-holder reference,1,mlas-jk-ar-mn-ml
https://en.wikipedia.org/wiki/Kanhai_Charan_Danga,en.wikipedia.org,encyclopedia,office-holder reference,1,mlas-br-jh-od
https://en.wikipedia.org/wiki/Kanhaiya_Lal_Choudhary,en.wikipedia.org,encyclopedia,office-holder reference,1,mlas-mp-cg-rj
https://en.wikipedia.org/wiki/Kanimozhi_Karunanidhi,en.wikipedia.org,encyclopedia,office-holder reference,1,parliament-committees
https://en.wikipedia.org/wiki/Kanimozhi_Santhosh,en.wikipedia.org,encyclopedia,office-holder reference,1,mlas-tn-kl-py
https://en.wikipedia.org/wiki/Kanna_Lakshminarayana,en.wikipedia.org,encyclopedia,office-holder reference,1,mlas-ka-ap-tg
https://en.wikipedia.org/wiki/Kanti_Balar,en.wikipedia.org,encyclopedia,office-holder reference,1,mlas-mh-gj-ga
https://en.wikipedia.org/wiki/Kanti_Prasad_Meena,en.wikipedia.org,encyclopedia,office-holder reference,1,mlas-mp-cg-rj
https://en.wikipedia.org/wiki/Kantibhai_Kharadi,en.wikipedia.org,encyclopedia,office-holder reference,1,mlas-mh-gj-ga
https://en.wikipedia.org/wiki/Kantilal_Amrutiya,en.wikipedia.org,encyclopedia,office-holder reference,1,mlas-mh-gj-ga
https://en.wikipedia.org/wiki/Kanubhai_Desai,en.wikipedia.org,encyclopedia,office-holder reference,1,mlas-mh-gj-ga
https://en.wikipedia.org/wiki/Kanubhai_Patel,en.wikipedia.org,encyclopedia,office-holder reference,1,mlas-mh-gj-ga
https://en.wikipedia.org/wiki/Kanwar_Singh_Yadav,en.wikipedia.org,encyclopedia,office-holder reference,1,mlas-pb-hr-hp-dl
https://en.wikipedia.org/wiki/Kapil_Sibal,en.wikipedia.org,encyclopedia,office-holder reference,1,parliament-rajya-sabha
https://en.wikipedia.org/wiki/Kapoor_Singh,en.wikipedia.org,encyclopedia,office-holder reference,1,mlas-pb-hr-hp-dl
https://en.wikipedia.org/wiki/Karam_Shyam,en.wikipedia.org,encyclopedia,office-holder reference,1,mlas-jk-ar-mn-ml
https://en.wikipedia.org/wiki/Karambir_Singh_Ghuman,en.wikipedia.org,encyclopedia,office-holder reference,1,mlas-pb-hr-hp-dl
https://en.wikipedia.org/wiki/Karamvir_Singh_Boudh,en.wikipedia.org,encyclopedia,office-holder reference,1,parliament-rajya-sabha
https://en.wikipedia.org/wiki/Karan_Sanjay_Deotale,en.wikipedia.org,encyclopedia,office-holder reference,1,mlas-mh-gj-ga
https://en.wikipedia.org/wiki/Karan_Singh_Verma,en.wikipedia.org,encyclopedia,office-holder reference,1,mlas-mp-cg-rj
https://en.wikipedia.org/wiki/Karanjeet_Singh,en.wikipedia.org,encyclopedia,office-holder reference,1,mlas-br-jh-od
https://en.wikipedia.org/wiki/Karayi_Rajan,en.wikipedia.org,encyclopedia,office-holder reference,1,mlas-tn-kl-py
https://en.wikipedia.org/wiki/Kardo_Nyigyor,en.wikipedia.org,encyclopedia,office-holder reference,1,mlas-jk-ar-mn-ml
https://en.wikipedia.org/wiki/Karishma_Rai,en.wikipedia.org,encyclopedia,office-holder reference,1,mlas-br-jh-od
https://en.wikipedia.org/wiki/Karnail_Singh_(politician),en.wikipedia.org,encyclopedia,office-holder reference,1,mlas-pb-hr-hp-dl
https://en.wikipedia.org/wiki/Kartar_Singh_Tanwar,en.wikipedia.org,encyclopedia,office-holder reference,1,mlas-pb-hr-hp-dl
https://en.wikipedia.org/wiki/Kartikeya_Sharma,en.wikipedia.org,encyclopedia,office-holder reference,1,parliament-rajya-sabha
https://en.wikipedia.org/wiki/Kartush_R._Marak,en.wikipedia.org,encyclopedia,office-holder reference,1,mlas-jk-ar-mn-ml
https://en.wikipedia.org/wiki/Kashinath_Mahadu_Date,en.wikipedia.org,encyclopedia,office-holder reference,1,mlas-mh-gj-ga
https://en.wikipedia.org/wiki/Kashiram_Vechan_Pawara,en.wikipedia.org,encyclopedia,office-holder reference,1,mlas-mh-gj-ga
https://en.wikipedia.org/wiki/Katakadond_Vittal_Dondiba,en.wikipedia.org,encyclopedia,office-holder reference,1,mlas-ka-ap-tg
https://en.wikipedia.org/wiki/Katharbatcha_Muthuramalingam,en.wikipedia.org,encyclopedia,office-holder reference,1,mlas-tn-kl-py
https://en.wikipedia.org/wiki/Katihar_Municipal_Corporation,en.wikipedia.org,encyclopedia,entity facts,1,states-br-jh-od
https://en.wikipedia.org/wiki/Kaul_Singh_Thakur,en.wikipedia.org,encyclopedia,office-holder reference,1,mlas-mp-cg-rj
https://en.wikipedia.org/wiki/Kausar_Mohiuddin,en.wikipedia.org,encyclopedia,office-holder reference,1,mlas-ka-ap-tg
https://en.wikipedia.org/wiki/Kaushik_Jain,en.wikipedia.org,encyclopedia,office-holder reference,1,mlas-mh-gj-ga
https://en.wikipedia.org/wiki/Kaushik_Rai,en.wikipedia.org,encyclopedia,office-holder reference,1,mlas-wb-as-sk
https://en.wikipedia.org/wiki/Kaushik_Vekariya,en.wikipedia.org,encyclopedia,office-holder reference,1,mlas-mh-gj-ga
https://en.wikipedia.org/wiki/Kaustuv_Bagchi,en.wikipedia.org,encyclopedia,office-holder reference,1,mlas-wb-as-sk
https://en.wikipedia.org/wiki/Kavali_Greeshma,en.wikipedia.org,encyclopedia,office-holder reference,1,mlas-ka-ap-tg
https://en.wikipedia.org/wiki/Kavita_Devi_(politician),en.wikipedia.org,encyclopedia,office-holder reference,1,mlas-br-jh-od
https://en.wikipedia.org/wiki/Kavita_Patidar,en.wikipedia.org,encyclopedia,office-holder reference,1,parliament-rajya-sabha
https://en.wikipedia.org/wiki/Kavita_Pran_Lahrey,en.wikipedia.org,encyclopedia,office-holder reference,1,mlas-mp-cg-rj
https://en.wikipedia.org/wiki/Kawasi_Lakhma,en.wikipedia.org,encyclopedia,office-holder reference,1,mlas-mp-cg-rj
https://en.wikipedia.org/wiki/Kazheto_Kinimi,en.wikipedia.org,encyclopedia,office-holder reference,1,mlas-mz-nl-tr
https://en.wikipedia.org/wiki/Kedar_Chidabhai_Dawar,en.wikipedia.org,encyclopedia,office-holder reference,1,mlas-mp-cg-rj
https://en.wikipedia.org/wiki/Kedar_Naik,en.wikipedia.org,encyclopedia,office-holder reference,1,mlas-mh-gj-ga
https://en.wikipedia.org/wiki/Kedar_Nath_Kashyap,en.wikipedia.org,encyclopedia,office-holder reference,1,mlas-mp-cg-rj
https://en.wikipedia.org/wiki/Kedar_Nath_Singh_(Bihar_politician),en.wikipedia.org,encyclopedia,office-holder reference,1,mlas-br-jh-od
https://en.wikipedia.org/wiki/Kedar_Prasad_Gupta,en.wikipedia.org,encyclopedia,office-holder reference,1,mlas-br-jh-od
https://en.wikipedia.org/wiki/Keisham_Meghachandra_Singh,en.wikipedia.org,encyclopedia,office-holder reference,1,mlas-jk-ar-mn-ml
https://en.wikipedia.org/wiki/Kekhrielhoulie_Yhome,en.wikipedia.org,encyclopedia,office-holder reference,1,mlas-mz-nl-tr
https://en.wikipedia.org/wiki/Kendriya_Vidyalaya_Sangathan,en.wikipedia.org,encyclopedia,entity facts,1,ministries-f
https://en.wikipedia.org/wiki/Kento_Jini,en.wikipedia.org,encyclopedia,office-holder reference,1,mlas-jk-ar-mn-ml
https://en.wikipedia.org/wiki/Keoshu_Yimchunger,en.wikipedia.org,encyclopedia,office-holder reference,1,mlas-mz-nl-tr
https://en.wikipedia.org/wiki/Kerala_Police,en.wikipedia.org,encyclopedia,office-holder,1,states-tn-kl-py
https://en.wikipedia.org/wiki/Kesaram_Choudhary,en.wikipedia.org,encyclopedia,office-holder reference,1,mlas-mp-cg-rj
https://en.wikipedia.org/wiki/Keshab_Mahanta,en.wikipedia.org,encyclopedia,office-holder reference,1,mlas-wb-as-sk
https://en.wikipedia.org/wiki/Keshaji_Chauhan,en.wikipedia.org,encyclopedia,office-holder reference,1,mlas-mh-gj-ga
https://en.wikipedia.org/wiki/Keshav_Desai,en.wikipedia.org,encyclopedia,office-holder reference,1,mlas-mp-cg-rj
https://en.wikipedia.org/wiki/Keshubhai_Shivdas_Patel,en.wikipedia.org,encyclopedia,office-holder reference,1,mlas-mh-gj-ga
https://en.wikipedia.org/wiki/Kesridevsinh_Jhala,en.wikipedia.org,encyclopedia,office-holder reference,1,parliament-rajya-sabha
https://en.wikipedia.org/wiki/Ketan_Inamdar,en.wikipedia.org,encyclopedia,office-holder reference,1,mlas-mh-gj-ga
https://en.wikipedia.org/wiki/Kethavath_Shankar_Naik,en.wikipedia.org,encyclopedia,office-holder reference,1,mlas-ka-ap-tg
https://en.wikipedia.org/wiki/Kevipodi_Sophie,en.wikipedia.org,encyclopedia,office-holder reference,1,mlas-mz-nl-tr
https://en.wikipedia.org/wiki/Kewal_Singh_Pathania,en.wikipedia.org,encyclopedia,office-holder reference,1,mlas-pb-hr-hp-dl
https://en.wikipedia.org/wiki/Kewalram_Tulsiram_Kale,en.wikipedia.org,encyclopedia,office-holder reference,1,mlas-mh-gj-ga
https://en.wikipedia.org/wiki/Keyur_Rokadia,en.wikipedia.org,encyclopedia,office-holder reference,1,mlas-mh-gj-ga
https://en.wikipedia.org/wiki/Khadi_and_Village_Industries_Commission,en.wikipedia.org,encyclopedia,office-holder,1,ministries-a
https://en.wikipedia.org/wiki/Khalid_Anwar,en.wikipedia.org,encyclopedia,office-holder reference,1,mlas-br-jh-od
https://en.wikipedia.org/wiki/Khashim_Vashum,en.wikipedia.org,encyclopedia,office-holder reference,1,mlas-jk-ar-mn-ml
https://en.wikipedia.org/wiki/Khiru_Mahto,en.wikipedia.org,encyclopedia,office-holder reference,1,parliament-rajya-sabha
https://en.wikipedia.org/wiki/Khongbantabam_Ibomcha,en.wikipedia.org,encyclopedia,office-holder reference,1,mlas-jk-ar-mn-ml
https://en.wikipedia.org/wiki/Khumukcham_Joykishan,en.wikipedia.org,encyclopedia,office-holder reference,1,mlas-jk-ar-mn-ml
https://en.wikipedia.org/wiki/Khuraijam_Loken_Singh,en.wikipedia.org,encyclopedia,office-holder reference,1,mlas-jk-ar-mn-ml
https://en.wikipedia.org/wiki/Khursheed_Ahmed_Sheikh,en.wikipedia.org,encyclopedia,office-holder reference,1,mlas-jk-ar-mn-ml
https://en.wikipedia.org/wiki/Khurshied_Ahmed,en.wikipedia.org,encyclopedia,office-holder reference,1,mlas-jk-ar-mn-ml
https://en.wikipedia.org/wiki/Khwairakpam_Raghumani_Singh,en.wikipedia.org,encyclopedia,office-holder reference,1,mlas-jk-ar-mn-ml
https://en.wikipedia.org/wiki/Kimidi_Kalavenkata_Rao,en.wikipedia.org,encyclopedia,office-holder reference,1,mlas-ka-ap-tg
https://en.wikipedia.org/wiki/Kimneo_Haokip_Hangshing,en.wikipedia.org,encyclopedia,office-holder reference,1,mlas-jk-ar-mn-ml
https://en.wikipedia.org/wiki/Kinjarapu_Atchannaidu,en.wikipedia.org,encyclopedia,office-holder reference,1,mlas-ka-ap-tg
https://en.wikipedia.org/wiki/Kiran_Lahamate,en.wikipedia.org,encyclopedia,office-holder reference,1,mlas-mh-gj-ga
https://en.wikipedia.org/wiki/Kiran_Samant,en.wikipedia.org,encyclopedia,office-holder reference,1,mlas-mh-gj-ga
https://en.wikipedia.org/wiki/Kiran_Singh_Deo,en.wikipedia.org,encyclopedia,office-holder reference,1,mlas-mp-cg-rj
https://en.wikipedia.org/wiki/Kiritkumar_Patel,en.wikipedia.org,encyclopedia,office-holder reference,1,mlas-mh-gj-ga
https://en.wikipedia.org/wiki/Kiritsinh_Dabhi,en.wikipedia.org,encyclopedia,office-holder reference,1,mlas-mh-gj-ga
https://en.wikipedia.org/wiki/Kiritsinh_Rana,en.wikipedia.org,encyclopedia,office-holder reference,1,mlas-mh-gj-ga
https://en.wikipedia.org/wiki/Kirodi_Lal_Meena,en.wikipedia.org,encyclopedia,office-holder reference,1,mlas-mp-cg-rj
https://en.wikipedia.org/wiki/Kisan_Kathore,en.wikipedia.org,encyclopedia,office-holder reference,1,mlas-mh-gj-ga
https://en.wikipedia.org/wiki/Kisan_Wankhede,en.wikipedia.org,encyclopedia,office-holder reference,1,mlas-mh-gj-ga
https://en.wikipedia.org/wiki/Kishor_Appa_Patil,en.wikipedia.org,encyclopedia,office-holder reference,1,mlas-mh-gj-ga
https://en.wikipedia.org/wiki/Kishor_Barman,en.wikipedia.org,encyclopedia,office-holder reference,1,mlas-mz-nl-tr
https://en.wikipedia.org/wiki/Kishor_Darade,en.wikipedia.org,encyclopedia,office-holder reference,1,mlas-mh-gj-ga
https://en.wikipedia.org/wiki/Kishor_Jorgewar,en.wikipedia.org,encyclopedia,office-holder reference,1,mlas-mh-gj-ga
https://en.wikipedia.org/wiki/Kishor_Kanani,en.wikipedia.org,encyclopedia,office-holder reference,1,mlas-mh-gj-ga
https://en.wikipedia.org/wiki/Kishor_Nath,en.wikipedia.org,encyclopedia,office-holder reference,1,mlas-wb-as-sk
https://en.wikipedia.org/wiki/Kishori_Lal_(Baijnath_politician),en.wikipedia.org,encyclopedia,office-holder reference,1,mlas-pb-hr-hp-dl
https://en.wikipedia.org/wiki/KK_Vishnoi,en.wikipedia.org,encyclopedia,office-holder reference,1,mlas-mp-cg-rj
https://en.wikipedia.org/wiki/Kokkirala_Premsagar_Rao,en.wikipedia.org,encyclopedia,office-holder reference,1,mlas-ka-ap-tg
https://en.wikipedia.org/wiki/Kolikapudi_Srinivasa_Rao,en.wikipedia.org,encyclopedia,office-holder reference,1,mlas-ka-ap-tg
https://en.wikipedia.org/wiki/Kolkata_Municipal_Corporation,en.wikipedia.org,encyclopedia,entity facts,1,states-wb-as-sk
https://en.wikipedia.org/wiki/Kolla_Lalitha_Kumari,en.wikipedia.org,encyclopedia,office-holder reference,1,mlas-ka-ap-tg
https://en.wikipedia.org/wiki/Kollu_Ravindra,en.wikipedia.org,encyclopedia,office-holder reference,1,mlas-ka-ap-tg
https://en.wikipedia.org/wiki/Kolusu_Parthasarathy,en.wikipedia.org,encyclopedia,office-holder reference,1,mlas-ka-ap-tg
https://en.wikipedia.org/wiki/Komal_Singh,en.wikipedia.org,encyclopedia,office-holder reference,1,mlas-br-jh-od
https://en.wikipedia.org/wiki/Komatireddy_Raj_Gopal_Reddy,en.wikipedia.org,encyclopedia,office-holder reference,1,mlas-ka-ap-tg
https://en.wikipedia.org/wiki/Komatireddy_Venkat_Reddy,en.wikipedia.org,encyclopedia,office-holder reference,1,mlas-ka-ap-tg
https://en.wikipedia.org/wiki/Konathala_Ramakrishna,en.wikipedia.org,encyclopedia,office-holder reference,1,mlas-ka-ap-tg
https://en.wikipedia.org/wiki/Konda_Surekha,en.wikipedia.org,encyclopedia,office-holder reference,1,mlas-ka-ap-tg
https://en.wikipedia.org/wiki/Kondapalli_Srinivas,en.wikipedia.org,encyclopedia,office-holder reference,1,mlas-ka-ap-tg
https://en.wikipedia.org/wiki/Kondru_Murali_Mohan,en.wikipedia.org,encyclopedia,office-holder reference,1,mlas-ka-ap-tg
https://en.wikipedia.org/wiki/Koneti_Adimulam,en.wikipedia.org,encyclopedia,office-holder reference,1,mlas-ka-ap-tg
https://en.wikipedia.org/wiki/Kongkham_Robindro_Singh,en.wikipedia.org,encyclopedia,office-holder reference,1,mlas-jk-ar-mn-ml
https://en.wikipedia.org/wiki/Koona_Ravi_Kumar,en.wikipedia.org,encyclopedia,office-holder reference,1,mlas-ka-ap-tg
https://en.wikipedia.org/wiki/Koram_Kanakaiah,en.wikipedia.org,encyclopedia,office-holder reference,1,mlas-ka-ap-tg
https://en.wikipedia.org/wiki/Koridang_Assembly_constituency,en.wikipedia.org,encyclopedia,office-holder,1,mlas-mz-nl-tr
https://en.wikipedia.org/wiki/Kotamreddy_Sridhar_Reddy,en.wikipedia.org,encyclopedia,office-holder reference,1,mlas-ka-ap-tg
https://en.wikipedia.org/wiki/Kotha_Prabhakar_Reddy,en.wikipedia.org,encyclopedia,office-holder reference,1,mlas-ka-ap-tg
https://en.wikipedia.org/wiki/Kothur_G._Manjunath,en.wikipedia.org,encyclopedia,office-holder reference,1,mlas-ka-ap-tg
https://en.wikipedia.org/wiki/Kotla_Jayasurya_Prakasha_Reddy,en.wikipedia.org,encyclopedia,office-holder reference,1,mlas-ka-ap-tg
https://en.wikipedia.org/wiki/Koushik_Chowdhury,en.wikipedia.org,encyclopedia,office-holder reference,1,mlas-wb-as-sk
https://en.wikipedia.org/wiki/Kova_Laxmi,en.wikipedia.org,encyclopedia,office-holder reference,1,mlas-ka-ap-tg
https://en.wikipedia.org/wiki/Koyye_Moshenu_Raju,en.wikipedia.org,encyclopedia,office-holder reference,1,mlas-ka-ap-tg
https://en.wikipedia.org/wiki/Krishan_Kumar_(Bawal_politician),en.wikipedia.org,encyclopedia,office-holder reference,1,mlas-pb-hr-hp-dl
https://en.wikipedia.org/wiki/Krishna_Byre_Gowda,en.wikipedia.org,encyclopedia,office-holder reference,1,mlas-ka-ap-tg
https://en.wikipedia.org/wiki/Krishna_Gahlawat,en.wikipedia.org,encyclopedia,office-holder reference,1,mlas-pb-hr-hp-dl
https://en.wikipedia.org/wiki/Krishna_Gaur,en.wikipedia.org,encyclopedia,office-holder reference,1,mlas-mp-cg-rj
https://en.wikipedia.org/wiki/Krishna_Ghosh,en.wikipedia.org,encyclopedia,office-holder reference,1,mlas-wb-as-sk
https://en.wikipedia.org/wiki/Krishna_Kamal_Tanti,en.wikipedia.org,encyclopedia,office-holder reference,1,mlas-wb-as-sk
https://en.wikipedia.org/wiki/Krishna_Kanta_Saha,en.wikipedia.org,encyclopedia,office-holder reference,1,mlas-wb-as-sk
https://en.wikipedia.org/wiki/Krishna_Khopde,en.wikipedia.org,encyclopedia,office-holder reference,1,mlas-mh-gj-ga
https://en.wikipedia.org/wiki/Krishna_Kumar_Mantoo,en.wikipedia.org,encyclopedia,office-holder reference,1,mlas-br-jh-od
https://en.wikipedia.org/wiki/Krishna_Kumar_Rishi,en.wikipedia.org,encyclopedia,office-holder reference,1,mlas-br-jh-od
https://en.wikipedia.org/wiki/Krishna_Murari_Sharan,en.wikipedia.org,encyclopedia,office-holder reference,1,mlas-br-jh-od
https://en.wikipedia.org/wiki/Krishna_Nayaka,en.wikipedia.org,encyclopedia,office-holder reference,1,mlas-ka-ap-tg
https://en.wikipedia.org/wiki/Krishna_Salkar,en.wikipedia.org,encyclopedia,office-holder reference,1,mlas-mh-gj-ga
https://en.wikipedia.org/wiki/Krishnanandan_Paswan,en.wikipedia.org,encyclopedia,office-holder reference,1,mlas-br-jh-od
https://en.wikipedia.org/wiki/Krishnendu_Mukherjee,en.wikipedia.org,encyclopedia,office-holder reference,1,mlas-wb-as-sk
https://en.wikipedia.org/wiki/Krishnendu_Paul,en.wikipedia.org,encyclopedia,office-holder reference,1,mlas-wb-as-sk
https://en.wikipedia.org/wiki/Kropol_Vitsü,en.wikipedia.org,encyclopedia,office-holder reference,1,mlas-mz-nl-tr
https://en.wikipedia.org/wiki/Krupal_Tumane,en.wikipedia.org,encyclopedia,office-holder reference,1,mlas-mh-gj-ga
https://en.wikipedia.org/wiki/Krushna_Chandra_Mohapatra,en.wikipedia.org,encyclopedia,office-holder reference,1,mlas-br-jh-od
https://en.wikipedia.org/wiki/Krushna_Chandra_Nayak,en.wikipedia.org,encyclopedia,office-holder reference,1,mlas-br-jh-od
https://en.wikipedia.org/wiki/Krushna_Chandra_Patra,en.wikipedia.org,encyclopedia,office-holder reference,1,mlas-br-jh-od
https://en.wikipedia.org/wiki/Krushna_Ram_Mohapatra,en.wikipedia.org,encyclopedia,office-holder reference,1,judiciary-high-courts
https://en.wikipedia.org/wiki/Kshetra_Mohan_Hansda,en.wikipedia.org,encyclopedia,office-holder reference,1,mlas-wb-as-sk
https://en.wikipedia.org/wiki/Kshudiram_Tudu,en.wikipedia.org,encyclopedia,office-holder reference,1,mlas-wb-as-sk
https://en.wikipedia.org/wiki/Kuber_Dindor,en.wikipedia.org,encyclopedia,office-holder reference,1,mlas-mh-gj-ga
https://en.wikipedia.org/wiki/Küdecho_Khamo,en.wikipedia.org,encyclopedia,office-holder reference,1,mlas-mz-nl-tr
https://en.wikipedia.org/wiki/Kulanthai_Rani,en.wikipedia.org,encyclopedia,office-holder reference,1,mlas-tn-kl-py
https://en.wikipedia.org/wiki/Kuldeep_Dhankad,en.wikipedia.org,encyclopedia,office-holder reference,1,mlas-mp-cg-rj
https://en.wikipedia.org/wiki/Kuldeep_Kumar,en.wikipedia.org,encyclopedia,office-holder reference,1,mlas-pb-hr-hp-dl
https://en.wikipedia.org/wiki/Kuldeep_Raj_Dubey,en.wikipedia.org,encyclopedia,office-holder reference,1,mlas-jk-ar-mn-ml
https://en.wikipedia.org/wiki/Kuldeep_Singh_Dhaliwal,en.wikipedia.org,encyclopedia,office-holder reference,1,mlas-pb-hr-hp-dl
https://en.wikipedia.org/wiki/Kuldeep_Singh_Dhillon,en.wikipedia.org,encyclopedia,office-holder reference,1,mlas-pb-hr-hp-dl
https://en.wikipedia.org/wiki/Kuldeep_Singh_Pathania,en.wikipedia.org,encyclopedia,office-holder reference,1,mlas-pb-hr-hp-dl
https://en.wikipedia.org/wiki/Kuldeep_Singh_Rathore,en.wikipedia.org,encyclopedia,office-holder reference,1,mlas-pb-hr-hp-dl
https://en.wikipedia.org/wiki/Kuldeep_Solanki,en.wikipedia.org,encyclopedia,office-holder reference,1,mlas-pb-hr-hp-dl
https://en.wikipedia.org/wiki/Kuldeep_Vats,en.wikipedia.org,encyclopedia,office-holder reference,1,mlas-pb-hr-hp-dl
https://en.wikipedia.org/wiki/Kuljit_Singh_Randhawa,en.wikipedia.org,encyclopedia,office-holder reference,1,mlas-pb-hr-hp-dl
https://en.wikipedia.org/wiki/Kulwant_Rana,en.wikipedia.org,encyclopedia,office-holder reference,1,mlas-pb-hr-hp-dl
https://en.wikipedia.org/wiki/Kulwant_Singh_(politician),en.wikipedia.org,encyclopedia,office-holder reference,1,mlas-pb-hr-hp-dl
https://en.wikipedia.org/wiki/Kulwant_Singh_Bazigar,en.wikipedia.org,encyclopedia,office-holder reference,1,mlas-pb-hr-hp-dl
https://en.wikipedia.org/wiki/Kulwant_Singh_Pandori,en.wikipedia.org,encyclopedia,office-holder reference,1,mlas-pb-hr-hp-dl
https://en.wikipedia.org/wiki/Kulwant_Singh_Sidhu,en.wikipedia.org,encyclopedia,office-holder reference,1,mlas-pb-hr-hp-dl
https://en.wikipedia.org/wiki/Kumar_Ailani,en.wikipedia.org,encyclopedia,office-holder reference,1,mlas-mh-gj-ga
https://en.wikipedia.org/wiki/Kumar_Deepak_Das,en.wikipedia.org,encyclopedia,office-holder reference,1,mlas-wb-as-sk
https://en.wikipedia.org/wiki/Kumar_Jaimangal,en.wikipedia.org,encyclopedia,office-holder reference,1,mlas-br-jh-od
https://en.wikipedia.org/wiki/Kumar_Puspanjay,en.wikipedia.org,encyclopedia,office-holder reference,1,mlas-br-jh-od
https://en.wikipedia.org/wiki/Kumar_Sarvjeet,en.wikipedia.org,encyclopedia,office-holder reference,1,mlas-br-jh-od
https://en.wikipedia.org/wiki/Kumar_Shailendra,en.wikipedia.org,encyclopedia,office-holder reference,1,mlas-br-jh-od
https://en.wikipedia.org/wiki/Kumar_Ujjwal,en.wikipedia.org,encyclopedia,office-holder reference,1,mlas-br-jh-od
https://en.wikipedia.org/wiki/Kumar_Waii,en.wikipedia.org,encyclopedia,office-holder reference,1,mlas-jk-ar-mn-ml
https://en.wikipedia.org/wiki/Kumbha_Ravibabu,en.wikipedia.org,encyclopedia,office-holder reference,1,mlas-ka-ap-tg
https://en.wikipedia.org/wiki/Kunal_Ghosh,en.wikipedia.org,encyclopedia,office-holder reference,1,mlas-wb-as-sk
https://en.wikipedia.org/wiki/Kunamneni_Sambasiva_Rao,en.wikipedia.org,encyclopedia,office-holder reference,1,mlas-ka-ap-tg
https://en.wikipedia.org/wiki/Kundan_Kumar,en.wikipedia.org,encyclopedia,office-holder reference,1,mlas-br-jh-od
https://en.wikipedia.org/wiki/Kunvarji_Halpati,en.wikipedia.org,encyclopedia,office-holder reference,1,mlas-mh-gj-ga
https://en.wikipedia.org/wiki/Kunwar_Singh_Tekam,en.wikipedia.org,encyclopedia,office-holder reference,1,mlas-mp-cg-rj
https://en.wikipedia.org/wiki/Kunwar_Vijay_Pratap_Singh,en.wikipedia.org,encyclopedia,office-holder reference,1,mlas-pb-hr-hp-dl
https://en.wikipedia.org/wiki/Kunwar_Vijay_Shah,en.wikipedia.org,encyclopedia,office-holder reference,1,mlas-mp-cg-rj
https://en.wikipedia.org/wiki/Kunwarjibhai_Mohanbhai_Bavaliya,en.wikipedia.org,encyclopedia,office-holder reference,1,mlas-mh-gj-ga
https://en.wikipedia.org/wiki/Kunwer_Singh_Nishad,en.wikipedia.org,encyclopedia,office-holder reference,1,mlas-mp-cg-rj
https://en.wikipedia.org/wiki/Kurugondla_Ramakrishna,en.wikipedia.org,encyclopedia,office-holder reference,1,mlas-ka-ap-tg
https://en.wikipedia.org/wiki/Kurukkoli_Moideen,en.wikipedia.org,encyclopedia,office-holder reference,1,mlas-tn-kl-py
https://en.wikipedia.org/wiki/Kushwaha_Shashi_Bhushan_Mehta,en.wikipedia.org,encyclopedia,office-holder reference,1,mlas-br-jh-od
https://en.wikipedia.org/wiki/Kuzholuzo_Nienu,en.wikipedia.org,encyclopedia,office-holder reference,1,mlas-mz-nl-tr
https://en.wikipedia.org/wiki/Kyrmen_Shylla,en.wikipedia.org,encyclopedia,office-holder reference,1,mlas-jk-ar-mn-ml
https://en.wikipedia.org/wiki/L._A._Ravi_Subramanya,en.wikipedia.org,encyclopedia,office-holder reference,1,mlas-ka-ap-tg
https://en.wikipedia.org/wiki/L._E._Jothimani,en.wikipedia.org,encyclopedia,office-holder reference,1,mlas-tn-kl-py
https://en.wikipedia.org/wiki/L._Jaya_Sudha,en.wikipedia.org,encyclopedia,office-holder reference,1,mlas-tn-kl-py
https://en.wikipedia.org/wiki/L._M._Khaute,en.wikipedia.org,encyclopedia,office-holder reference,1,mlas-jk-ar-mn-ml
https://en.wikipedia.org/wiki/L._Ramana,en.wikipedia.org,encyclopedia,office-holder reference,1,mlas-ka-ap-tg
https://en.wikipedia.org/wiki/L.K._Sudhish,en.wikipedia.org,encyclopedia,office-holder reference,1,parliament-rajya-sabha
https://en.wikipedia.org/wiki/Labh_Singh_Ugoke,en.wikipedia.org,encyclopedia,office-holder reference,1,mlas-pb-hr-hp-dl
https://en.wikipedia.org/wiki/Labsen_Baskey,en.wikipedia.org,encyclopedia,office-holder reference,1,mlas-wb-as-sk
https://en.wikipedia.org/wiki/Ladu_Lal_Pitliya,en.wikipedia.org,encyclopedia,office-holder reference,1,mlas-mp-cg-rj
https://en.wikipedia.org/wiki/Lahkmen_Rymbui,en.wikipedia.org,encyclopedia,office-holder reference,1,mlas-jk-ar-mn-ml
https://en.wikipedia.org/wiki/Laisam_Simai,en.wikipedia.org,encyclopedia,office-holder reference,1,mlas-jk-ar-mn-ml
https://en.wikipedia.org/wiki/Lakhan_Ghanghoriya,en.wikipedia.org,encyclopedia,office-holder reference,1,mlas-mp-cg-rj
https://en.wikipedia.org/wiki/Lakhan_Lal_Dewangan,en.wikipedia.org,encyclopedia,office-holder reference,1,mlas-mp-cg-rj
https://en.wikipedia.org/wiki/Lakhan_Patel,en.wikipedia.org,encyclopedia,office-holder reference,1,mlas-mp-cg-rj
https://en.wikipedia.org/wiki/Lakhbir_Singh_Rai,en.wikipedia.org,encyclopedia,office-holder reference,1,mlas-pb-hr-hp-dl
https://en.wikipedia.org/wiki/Lakhendra_Kumar_Raushan,en.wikipedia.org,encyclopedia,office-holder reference,1,mlas-br-jh-od
https://en.wikipedia.org/wiki/Lakheshwar_Baghel,en.wikipedia.org,encyclopedia,office-holder reference,1,mlas-mp-cg-rj
https://en.wikipedia.org/wiki/Lakshman_Acharya,en.wikipedia.org,encyclopedia,office-holder reference,1,states-wb-as-sk
https://en.wikipedia.org/wiki/Lakshman_Chandra_Ghorui,en.wikipedia.org,encyclopedia,office-holder reference,1,mlas-wb-as-sk
https://en.wikipedia.org/wiki/Lakshmi_Hebbalkar,en.wikipedia.org,encyclopedia,office-holder reference,1,mlas-ka-ap-tg
https://en.wikipedia.org/wiki/Lakshmi_Kanta_Majumdar,en.wikipedia.org,encyclopedia,office-holder reference,1,mlas-wb-as-sk
https://en.wikipedia.org/wiki/Lakshmi_Kanta_Sau,en.wikipedia.org,encyclopedia,office-holder reference,1,mlas-wb-as-sk
https://en.wikipedia.org/wiki/Lal_Babu_Prasad_Gupta,en.wikipedia.org,encyclopedia,office-holder reference,1,mlas-br-jh-od
https://en.wikipedia.org/wiki/Lal_Bahadur_Shastri_National_Academy_of_Administration,en.wikipedia.org,encyclopedia,office-holder,1,ministries-b3
https://en.wikipedia.org/wiki/Lal_Mohan_Gupta,en.wikipedia.org,encyclopedia,office-holder reference,1,mlas-br-jh-od
https://en.wikipedia.org/wiki/Lalan_Prasad,en.wikipedia.org,encyclopedia,office-holder reference,1,mlas-br-jh-od
https://en.wikipedia.org/wiki/Lalan_Ram,en.wikipedia.org,encyclopedia,office-holder reference,1,mlas-br-jh-od
https://en.wikipedia.org/wiki/Lalaram_Bairwa,en.wikipedia.org,encyclopedia,office-holder reference,1,mlas-mp-cg-rj
https://en.wikipedia.org/wiki/Lalbiakzama,en.wikipedia.org,encyclopedia,office-holder reference,1,mlas-mz-nl-tr
https://en.wikipedia.org/wiki/Lalchhandama_Ralte,en.wikipedia.org,encyclopedia,office-holder reference,1,mlas-mz-nl-tr
https://en.wikipedia.org/wiki/Lalchhuanthanga,en.wikipedia.org,encyclopedia,office-holder reference,1,mlas-mz-nl-tr
https://en.wikipedia.org/wiki/Lalfamkima,en.wikipedia.org,encyclopedia,office-holder reference,1,mlas-mz-nl-tr
https://en.wikipedia.org/wiki/Lalit_Chandrakar,en.wikipedia.org,encyclopedia,office-holder reference,1,mlas-mp-cg-rj
https://en.wikipedia.org/wiki/Lalit_Meena,en.wikipedia.org,encyclopedia,office-holder reference,1,mlas-mp-cg-rj
https://en.wikipedia.org/wiki/Lalit_Narayan_Mandal,en.wikipedia.org,encyclopedia,office-holder reference,1,mlas-br-jh-od
https://en.wikipedia.org/wiki/Lalit_Yadav_(politician),en.wikipedia.org,encyclopedia,office-holder reference,1,mlas-mp-cg-rj
https://en.wikipedia.org/wiki/Lalita_Yadav,en.wikipedia.org,encyclopedia,office-holder reference,1,mlas-mp-cg-rj
https://en.wikipedia.org/wiki/Laljeet_Singh_Rathia,en.wikipedia.org,encyclopedia,office-holder reference,1,mlas-mp-cg-rj
https://en.wikipedia.org/wiki/Lall_Bahadur_Das,en.wikipedia.org,encyclopedia,office-holder reference,1,mlas-wb-as-sk
https://en.wikipedia.org/wiki/Lallan_Kumar_Saraf,en.wikipedia.org,encyclopedia,office-holder reference,1,mlas-br-jh-od
https://en.wikipedia.org/wiki/Lalmuanpuia_Punte,en.wikipedia.org,encyclopedia,office-holder reference,1,mlas-mz-nl-tr
https://en.wikipedia.org/wiki/Lalnghinglova_Hmar,en.wikipedia.org,encyclopedia,office-holder reference,1,mlas-mz-nl-tr
https://en.wikipedia.org/wiki/Lalnilawma,en.wikipedia.org,encyclopedia,office-holder reference,1,mlas-mz-nl-tr
https://en.wikipedia.org/wiki/Lalramliana_Papuia,en.wikipedia.org,encyclopedia,office-holder reference,1,mlas-mz-nl-tr
https://en.wikipedia.org/wiki/Lalrinpuii,en.wikipedia.org,encyclopedia,office-holder reference,1,mlas-mz-nl-tr
https://en.wikipedia.org/wiki/Lalrinsanga_Ralte,en.wikipedia.org,encyclopedia,office-holder reference,1,mlas-mz-nl-tr
https://en.wikipedia.org/wiki/Lalthansanga,en.wikipedia.org,encyclopedia,office-holder reference,1,mlas-mz-nl-tr
https://en.wikipedia.org/wiki/Lata_Usendi,en.wikipedia.org,encyclopedia,office-holder reference,1,mlas-mp-cg-rj
https://en.wikipedia.org/wiki/Latha_Mallikarjun,en.wikipedia.org,encyclopedia,office-holder reference,1,mlas-ka-ap-tg
https://en.wikipedia.org/wiki/Lavingji_Thakor,en.wikipedia.org,encyclopedia,office-holder reference,1,mlas-mh-gj-ga
https://en.wikipedia.org/wiki/Laxman_Bag,en.wikipedia.org,encyclopedia,office-holder reference,1,mlas-br-jh-od
https://en.wikipedia.org/wiki/Laxman_Meena,en.wikipedia.org,encyclopedia,office-holder reference,1,mlas-mp-cg-rj
https://en.wikipedia.org/wiki/Laxman_Munda,en.wikipedia.org,encyclopedia,office-holder reference,1,mlas-br-jh-od
https://en.wikipedia.org/wiki/Laxman_Savadi,en.wikipedia.org,encyclopedia,office-holder reference,1,mlas-ka-ap-tg
https://en.wikipedia.org/wiki/Laxman_Singh_Yadav,en.wikipedia.org,encyclopedia,office-holder reference,1,mlas-pb-hr-hp-dl
https://en.wikipedia.org/wiki/Laxmanram_Meghwal,en.wikipedia.org,encyclopedia,office-holder reference,1,mlas-mp-cg-rj
https://en.wikipedia.org/wiki/Laxmi_Rajwade,en.wikipedia.org,encyclopedia,office-holder reference,1,mlas-mp-cg-rj
https://en.wikipedia.org/wiki/Laxuman_Limbu,en.wikipedia.org,encyclopedia,office-holder reference,1,mlas-wb-as-sk
https://en.wikipedia.org/wiki/Leader_of_the_House_(India),en.wikipedia.org,encyclopedia,relationship,1,parliament-rajya-sabha
https://en.wikipedia.org/wiki/Leema_Rose_Martin,en.wikipedia.org,encyclopedia,office-holder reference,1,mlas-tn-kl-py
https://en.wikipedia.org/wiki/Lehar_Singh_Siroya,en.wikipedia.org,encyclopedia,office-holder reference,1,parliament-rajya-sabha
https://en.wikipedia.org/wiki/Leishangthem_Susindro_Meitei,en.wikipedia.org,encyclopedia,office-holder reference,1,mlas-jk-ar-mn-ml
https://en.wikipedia.org/wiki/Leishiyo_Keishing,en.wikipedia.org,encyclopedia,office-holder reference,1,mlas-jk-ar-mn-ml
https://en.wikipedia.org/wiki/Lella_Appi_Reddy,en.wikipedia.org,encyclopedia,office-holder reference,1,mlas-ka-ap-tg
https://en.wikipedia.org/wiki/Leshi_Singh,en.wikipedia.org,encyclopedia,office-holder reference,1,mlas-br-jh-od
https://en.wikipedia.org/wiki/Letpao_Haokip,en.wikipedia.org,encyclopedia,office-holder reference,1,mlas-jk-ar-mn-ml
https://en.wikipedia.org/wiki/Letzamang_Haokip,en.wikipedia.org,encyclopedia,office-holder reference,1,mlas-jk-ar-mn-ml
https://en.wikipedia.org/wiki/Lieutenant_Governor_of_Ladakh,en.wikipedia.org,encyclopedia,office-holder,1,states-dl-jk-la
https://en.wikipedia.org/wiki/Likha_Soni,en.wikipedia.org,encyclopedia,office-holder reference,1,mlas-jk-ar-mn-ml
https://en.wikipedia.org/wiki/Limison_D._Sangma,en.wikipedia.org,encyclopedia,office-holder reference,1,mlas-jk-ar-mn-ml
https://en.wikipedia.org/wiki/Lisa_Gill,en.wikipedia.org,encyclopedia,office-holder reference,1,judiciary-high-courts
https://en.wikipedia.org/wiki/List_of_chief_secretaries_of_Maharashtra,en.wikipedia.org,encyclopedia,office-holder,1,states-mh-gj-ga
https://en.wikipedia.org/wiki/List_of_Chief_Secretaries_of_Tamil_Nadu,en.wikipedia.org,encyclopedia,office-holder,1,states-tn-kl-py
https://en.wikipedia.org/wiki/List_of_diplomatic_missions_of_India,en.wikipedia.org,encyclopedia,entity facts,1,ministries-b3
https://en.wikipedia.org/wiki/List_of_districts_of_Mizoram,en.wikipedia.org,encyclopedia,entity facts,1,states-mz-nl-tr
https://en.wikipedia.org/wiki/List_of_districts_of_Nagaland,en.wikipedia.org,encyclopedia,entity facts,1,states-mz-nl-tr
https://en.wikipedia.org/wiki/List_of_governors_of_Bihar,en.wikipedia.org,encyclopedia,office-holder,1,states-br-jh-od
https://en.wikipedia.org/wiki/List_of_governors_of_Haryana,en.wikipedia.org,encyclopedia,office-holder,1,states-pb-hr-ch-r2
https://en.wikipedia.org/wiki/List_of_governors_of_Himachal_Pradesh,en.wikipedia.org,encyclopedia,office-holder,1,states-up-uk-hp
"https://en.wikipedia.org/wiki/List_of_governors_of_Punjab,_India",en.wikipedia.org,encyclopedia,office-holder,1,states-pb-hr-ch-r2
https://en.wikipedia.org/wiki/Logesh_Tamilselvan,en.wikipedia.org,encyclopedia,office-holder reference,1,mlas-tn-kl-py
https://en.wikipedia.org/wiki/Lok_Nath_Sharma,en.wikipedia.org,encyclopedia,office-holder reference,1,mlas-wb-as-sk
https://en.wikipedia.org/wiki/Lok_Sabha,en.wikipedia.org,encyclopedia,relationship,1,parliament-lok-sabha
https://en.wikipedia.org/wiki/Lokam_Naga_Madhavi,en.wikipedia.org,encyclopedia,office-holder reference,1,mlas-ka-ap-tg
https://en.wikipedia.org/wiki/Lokender_Kumar,en.wikipedia.org,encyclopedia,office-holder reference,1,mlas-pb-hr-hp-dl
https://en.wikipedia.org/wiki/Lorrain_Lalpekliana_Chinzah,en.wikipedia.org,encyclopedia,office-holder reference,1,mlas-mz-nl-tr
https://en.wikipedia.org/wiki/Losii_Dikho,en.wikipedia.org,encyclopedia,office-holder reference,1,mlas-jk-ar-mn-ml
https://en.wikipedia.org/wiki/Louis_Marandi,en.wikipedia.org,encyclopedia,office-holder reference,1,mlas-br-jh-od
https://en.wikipedia.org/wiki/Lourembam_Rameshwor_Meetei,en.wikipedia.org,encyclopedia,office-holder reference,1,mlas-jk-ar-mn-ml
https://en.wikipedia.org/wiki/Lunsing_Teron,en.wikipedia.org,encyclopedia,office-holder reference,1,mlas-wb-as-sk
https://en.wikipedia.org/wiki/M._A._Razak_Master,en.wikipedia.org,encyclopedia,office-holder reference,1,mlas-tn-kl-py
https://en.wikipedia.org/wiki/M._Abdul_Wahab,en.wikipedia.org,encyclopedia,office-holder reference,1,mlas-tn-kl-py
https://en.wikipedia.org/wiki/M._Anil_Kumar_Yadav,en.wikipedia.org,encyclopedia,office-holder reference,1,parliament-rajya-sabha
https://en.wikipedia.org/wiki/M._B._Patil,en.wikipedia.org,encyclopedia,office-holder reference,1,mlas-ka-ap-tg
https://en.wikipedia.org/wiki/M._Bhojarajan,en.wikipedia.org,encyclopedia,office-holder reference,1,mlas-tn-kl-py
https://en.wikipedia.org/wiki/M._C._Sudhakar,en.wikipedia.org,encyclopedia,office-holder reference,1,mlas-ka-ap-tg
https://en.wikipedia.org/wiki/M._Chandrappa,en.wikipedia.org,encyclopedia,office-holder reference,1,mlas-ka-ap-tg
https://en.wikipedia.org/wiki/M._Dhanapal,en.wikipedia.org,encyclopedia,office-holder reference,1,parliament-rajya-sabha
https://en.wikipedia.org/wiki/M._G._Muley,en.wikipedia.org,encyclopedia,office-holder reference,1,mlas-ka-ap-tg
https://en.wikipedia.org/wiki/M._H._Jawahirullah,en.wikipedia.org,encyclopedia,office-holder reference,1,mlas-tn-kl-py
https://en.wikipedia.org/wiki/M._Harish,en.wikipedia.org,encyclopedia,office-holder reference,1,mlas-tn-kl-py
https://en.wikipedia.org/wiki/M._Jayakumar_(DMK_politician),en.wikipedia.org,encyclopedia,office-holder reference,1,mlas-tn-kl-py
https://en.wikipedia.org/wiki/M._Kodandaram,en.wikipedia.org,encyclopedia,office-holder reference,1,mlas-ka-ap-tg
"https://en.wikipedia.org/wiki/M._Krishnappa_(politician,_born_1953)",en.wikipedia.org,encyclopedia,office-holder reference,1,mlas-ka-ap-tg
"https://en.wikipedia.org/wiki/M._Krishnappa_(politician,_born_1962)",en.wikipedia.org,encyclopedia,office-holder reference,1,mlas-ka-ap-tg
https://en.wikipedia.org/wiki/M._L._Vijay_Prabhu,en.wikipedia.org,encyclopedia,office-holder reference,1,mlas-tn-kl-py
https://en.wikipedia.org/wiki/M._Liju,en.wikipedia.org,encyclopedia,office-holder reference,1,mlas-tn-kl-py
https://en.wikipedia.org/wiki/M._M._Gopison,en.wikipedia.org,encyclopedia,office-holder reference,1,mlas-tn-kl-py
https://en.wikipedia.org/wiki/M._M._Naseer,en.wikipedia.org,encyclopedia,office-holder reference,1,mlas-tn-kl-py
https://en.wikipedia.org/wiki/M._M._Sundresh,en.wikipedia.org,encyclopedia,office-holder reference,1,judiciary-supreme-court
https://en.wikipedia.org/wiki/M._M._Vinoth_Kannan,en.wikipedia.org,encyclopedia,office-holder reference,1,mlas-tn-kl-py
https://en.wikipedia.org/wiki/M._R._Baiju,en.wikipedia.org,encyclopedia,office-holder reference,1,mlas-tn-kl-py
https://en.wikipedia.org/wiki/M._R._K._Panneerselvam,en.wikipedia.org,encyclopedia,office-holder reference,1,mlas-tn-kl-py
https://en.wikipedia.org/wiki/M._R._Manjunath,en.wikipedia.org,encyclopedia,office-holder reference,1,mlas-ka-ap-tg
https://en.wikipedia.org/wiki/M._R._Pallavi,en.wikipedia.org,encyclopedia,office-holder reference,1,mlas-tn-kl-py
https://en.wikipedia.org/wiki/M._R._Patil_(politician),en.wikipedia.org,encyclopedia,office-holder reference,1,mlas-ka-ap-tg
https://en.wikipedia.org/wiki/M._R._Seetharam,en.wikipedia.org,encyclopedia,office-holder reference,1,mlas-ka-ap-tg
https://en.wikipedia.org/wiki/M._Rahmathulla,en.wikipedia.org,encyclopedia,office-holder reference,1,mlas-tn-kl-py
https://en.wikipedia.org/wiki/M._Raju,en.wikipedia.org,encyclopedia,office-holder reference,1,mlas-tn-kl-py
https://en.wikipedia.org/wiki/M._Ravisankar,en.wikipedia.org,encyclopedia,office-holder reference,1,mlas-tn-kl-py
https://en.wikipedia.org/wiki/M._Roopakala,en.wikipedia.org,encyclopedia,office-holder reference,1,mlas-ka-ap-tg
https://en.wikipedia.org/wiki/M._S._Arun_Kumar,en.wikipedia.org,encyclopedia,office-holder reference,1,mlas-tn-kl-py
https://en.wikipedia.org/wiki/M._S._Palanivel,en.wikipedia.org,encyclopedia,office-holder reference,1,mlas-tn-kl-py
https://en.wikipedia.org/wiki/M._S._Raju_(politician),en.wikipedia.org,encyclopedia,office-holder reference,1,mlas-ka-ap-tg
https://en.wikipedia.org/wiki/M._S._Ramachandra_Rao_(judge),en.wikipedia.org,encyclopedia,office-holder reference,1,judiciary-high-courts
https://en.wikipedia.org/wiki/M._S._Ravi,en.wikipedia.org,encyclopedia,office-holder reference,1,mlas-tn-kl-py
https://en.wikipedia.org/wiki/M._S._Sonak,en.wikipedia.org,encyclopedia,office-holder reference,1,judiciary-high-courts
https://en.wikipedia.org/wiki/M._Sanjay_Kumar,en.wikipedia.org,encyclopedia,office-holder reference,1,mlas-ka-ap-tg
https://en.wikipedia.org/wiki/M._Satish_Reddy,en.wikipedia.org,encyclopedia,office-holder reference,1,mlas-ka-ap-tg
https://en.wikipedia.org/wiki/M._Sudhakar_(politician),en.wikipedia.org,encyclopedia,office-holder reference,1,mlas-tn-kl-py
https://en.wikipedia.org/wiki/M._Sundar,en.wikipedia.org,encyclopedia,office-holder reference,1,judiciary-high-courts
https://en.wikipedia.org/wiki/M._T._Krishnappa,en.wikipedia.org,encyclopedia,office-holder reference,1,mlas-ka-ap-tg
https://en.wikipedia.org/wiki/M._Thambi_Durai,en.wikipedia.org,encyclopedia,office-holder reference,1,parliament-committees
https://en.wikipedia.org/wiki/M._Thambidurai,en.wikipedia.org,encyclopedia,office-holder reference,1,parliament-rajya-sabha
https://en.wikipedia.org/wiki/M._Thiravidamani,en.wikipedia.org,encyclopedia,office-holder reference,1,mlas-tn-kl-py
https://en.wikipedia.org/wiki/M._V._Karuppiah,en.wikipedia.org,encyclopedia,office-holder reference,1,mlas-tn-kl-py
https://en.wikipedia.org/wiki/M._Vignesh,en.wikipedia.org,encyclopedia,office-holder reference,1,mlas-tn-kl-py
https://en.wikipedia.org/wiki/M._Vijay,en.wikipedia.org,encyclopedia,office-holder reference,1,mlas-tn-kl-py
https://en.wikipedia.org/wiki/M._Vijay_Balaji,en.wikipedia.org,encyclopedia,office-holder reference,1,mlas-tn-kl-py
https://en.wikipedia.org/wiki/M._Vijin,en.wikipedia.org,encyclopedia,office-holder reference,1,mlas-tn-kl-py
https://en.wikipedia.org/wiki/M._Vincent,en.wikipedia.org,encyclopedia,office-holder reference,1,mlas-tn-kl-py
https://en.wikipedia.org/wiki/M._Y._Patil,en.wikipedia.org,encyclopedia,office-holder reference,1,mlas-ka-ap-tg
https://en.wikipedia.org/wiki/Madan_Cintury,en.wikipedia.org,encyclopedia,office-holder reference,1,mlas-wb-as-sk
https://en.wikipedia.org/wiki/Madan_Dilawar,en.wikipedia.org,encyclopedia,office-holder reference,1,mlas-mp-cg-rj
https://en.wikipedia.org/wiki/Madan_Lal_Bagga,en.wikipedia.org,encyclopedia,office-holder reference,1,mlas-pb-hr-hp-dl
https://en.wikipedia.org/wiki/Madan_Mitra,en.wikipedia.org,encyclopedia,office-holder reference,1,mlas-wb-as-sk
https://en.wikipedia.org/wiki/Madan_Mohan_Jha,en.wikipedia.org,encyclopedia,office-holder reference,1,mlas-br-jh-od
https://en.wikipedia.org/wiki/Madan_Rathore,en.wikipedia.org,encyclopedia,office-holder reference,1,parliament-rajya-sabha
https://en.wikipedia.org/wiki/Madan_Sahni,en.wikipedia.org,encyclopedia,office-holder reference,1,mlas-br-jh-od
https://en.wikipedia.org/wiki/Maddipati_Venkata_Raju,en.wikipedia.org,encyclopedia,office-holder reference,1,mlas-ka-ap-tg
https://en.wikipedia.org/wiki/Madduluri_Malakondaiah_Yadav,en.wikipedia.org,encyclopedia,office-holder reference,1,mlas-ka-ap-tg
https://en.wikipedia.org/wiki/Madhab_Dhada,en.wikipedia.org,encyclopedia,office-holder reference,1,mlas-br-jh-od
https://en.wikipedia.org/wiki/Madhar_Badhurudeen,en.wikipedia.org,encyclopedia,office-holder reference,1,mlas-tn-kl-py
https://en.wikipedia.org/wiki/Madhav_Singh,en.wikipedia.org,encyclopedia,office-holder reference,1,mlas-mp-cg-rj
https://en.wikipedia.org/wiki/Madhavaram_Krishna_Rao,en.wikipedia.org,encyclopedia,office-holder reference,1,mlas-ka-ap-tg
https://en.wikipedia.org/wiki/Madhu_Bangarappa,en.wikipedia.org,encyclopedia,office-holder reference,1,mlas-ka-ap-tg
https://en.wikipedia.org/wiki/Madhu_Bhagat,en.wikipedia.org,encyclopedia,office-holder reference,1,mlas-mp-cg-rj
https://en.wikipedia.org/wiki/Madhu_Verma_(politician),en.wikipedia.org,encyclopedia,office-holder reference,1,mlas-mp-cg-rj
https://en.wikipedia.org/wiki/Madhubani_Municipal_Corporation,en.wikipedia.org,encyclopedia,entity facts,1,states-br-jh-od
https://en.wikipedia.org/wiki/Madhumita_Ghosh,en.wikipedia.org,encyclopedia,office-holder reference,1,mlas-wb-as-sk
https://en.wikipedia.org/wiki/Madhuri_Misal,en.wikipedia.org,encyclopedia,office-holder reference,1,mlas-mh-gj-ga
https://en.wikipedia.org/wiki/Madhya_Pradesh_Police,en.wikipedia.org,encyclopedia,office-holder,1,states-mp-cg-rj-r2
https://en.wikipedia.org/wiki/Mahant_Balaknath,en.wikipedia.org,encyclopedia,office-holder reference,1,mlas-mp-cg-rj
https://en.wikipedia.org/wiki/Mahantesh_Koujalagi,en.wikipedia.org,encyclopedia,office-holder reference,1,mlas-ka-ap-tg
https://en.wikipedia.org/wiki/Maharashtra_Police,en.wikipedia.org,encyclopedia,office-holder,1,states-mh-gj-ga
"https://en.wikipedia.org/wiki/Mahatma_Gandhi_National_Rural_Employment_Guarantee_Act,_2005",en.wikipedia.org,encyclopedia,entity facts,1,ministries-e
https://en.wikipedia.org/wiki/Mahendra_Bhabhor,en.wikipedia.org,encyclopedia,office-holder reference,1,mlas-mh-gj-ga
https://en.wikipedia.org/wiki/Mahendra_Bhatt,en.wikipedia.org,encyclopedia,office-holder reference,1,parliament-rajya-sabha
https://en.wikipedia.org/wiki/Mahendra_Dalvi,en.wikipedia.org,encyclopedia,office-holder reference,1,mlas-mh-gj-ga
https://en.wikipedia.org/wiki/Mahendra_Hardia,en.wikipedia.org,encyclopedia,office-holder reference,1,mlas-mp-cg-rj
https://en.wikipedia.org/wiki/Mahendra_Kallappa_Tammannavar,en.wikipedia.org,encyclopedia,office-holder reference,1,mlas-ka-ap-tg
https://en.wikipedia.org/wiki/Mahendra_Nagesh,en.wikipedia.org,encyclopedia,office-holder reference,1,mlas-mp-cg-rj
https://en.wikipedia.org/wiki/Mahendra_Padalia,en.wikipedia.org,encyclopedia,office-holder reference,1,mlas-mh-gj-ga
https://en.wikipedia.org/wiki/Mahendra_Pal_Meena,en.wikipedia.org,encyclopedia,office-holder reference,1,mlas-mp-cg-rj
https://en.wikipedia.org/wiki/Mahendra_Singh_Chouhan,en.wikipedia.org,encyclopedia,office-holder reference,1,mlas-mp-cg-rj
https://en.wikipedia.org/wiki/Mahendra_Singh_Yadav,en.wikipedia.org,encyclopedia,office-holder reference,1,mlas-mp-cg-rj
https://en.wikipedia.org/wiki/Mahendra_Thorve,en.wikipedia.org,encyclopedia,office-holder reference,1,mlas-mh-gj-ga
https://en.wikipedia.org/wiki/Mahesh_Baldi,en.wikipedia.org,encyclopedia,office-holder reference,1,mlas-mh-gj-ga
https://en.wikipedia.org/wiki/Mahesh_Bhuriya,en.wikipedia.org,encyclopedia,office-holder reference,1,mlas-mh-gj-ga
https://en.wikipedia.org/wiki/Mahesh_Chai,en.wikipedia.org,encyclopedia,office-holder reference,1,mlas-jk-ar-mn-ml
https://en.wikipedia.org/wiki/Mahesh_Chandra_Tripathi,en.wikipedia.org,encyclopedia,office-holder reference,1,judiciary-high-courts
https://en.wikipedia.org/wiki/Mahesh_Kaswala,en.wikipedia.org,encyclopedia,office-holder reference,1,mlas-mh-gj-ga
https://en.wikipedia.org/wiki/Mahesh_Kewat,en.wikipedia.org,encyclopedia,office-holder reference,1,parliament-rajya-sabha
https://en.wikipedia.org/wiki/Mahesh_Landge,en.wikipedia.org,encyclopedia,office-holder reference,1,mlas-mh-gj-ga
https://en.wikipedia.org/wiki/Mahesh_Parmar,en.wikipedia.org,encyclopedia,office-holder reference,1,mlas-mp-cg-rj
https://en.wikipedia.org/wiki/Mahesh_Paswan,en.wikipedia.org,encyclopedia,office-holder reference,1,mlas-br-jh-od
https://en.wikipedia.org/wiki/Mahesh_Prabhakar_Choughule,en.wikipedia.org,encyclopedia,office-holder reference,1,mlas-mh-gj-ga
https://en.wikipedia.org/wiki/Mahesh_Sawant,en.wikipedia.org,encyclopedia,office-holder reference,1,mlas-mh-gj-ga
https://en.wikipedia.org/wiki/Mahesh_Shinde,en.wikipedia.org,encyclopedia,office-holder reference,1,mlas-mh-gj-ga
https://en.wikipedia.org/wiki/Mahesh_Tenginakai,en.wikipedia.org,encyclopedia,office-holder reference,1,mlas-ka-ap-tg
https://en.wikipedia.org/wiki/Maheshwar_Hazari,en.wikipedia.org,encyclopedia,office-holder reference,1,mlas-br-jh-od
https://en.wikipedia.org/wiki/Maheshwar_Singh_(Bihar_politician),en.wikipedia.org,encyclopedia,office-holder reference,1,mlas-br-jh-od
https://en.wikipedia.org/wiki/Maheswar_Baro,en.wikipedia.org,encyclopedia,office-holder reference,1,mlas-wb-as-sk
https://en.wikipedia.org/wiki/Mahua_Maji,en.wikipedia.org,encyclopedia,office-holder reference,1,parliament-rajya-sabha
https://en.wikipedia.org/wiki/Mailafru_Mog,en.wikipedia.org,encyclopedia,office-holder reference,1,mlas-mz-nl-tr
https://en.wikipedia.org/wiki/Maintenance_Command,en.wikipedia.org,encyclopedia,office-holder,1,ministries-b2
https://en.wikipedia.org/wiki/Maithili_Thakur,en.wikipedia.org,encyclopedia,office-holder reference,1,mlas-br-jh-od
https://en.wikipedia.org/wiki/Makrand_Jadhav_-_Patil,en.wikipedia.org,encyclopedia,office-holder reference,1,mlas-mh-gj-ga
https://en.wikipedia.org/wiki/Malati_Rava_Roy,en.wikipedia.org,encyclopedia,office-holder reference,1,mlas-wb-as-sk
https://en.wikipedia.org/wiki/Malender_Rajan,en.wikipedia.org,encyclopedia,office-holder reference,1,mlas-pb-hr-hp-dl
https://en.wikipedia.org/wiki/Malini_Gaur,en.wikipedia.org,encyclopedia,office-holder reference,1,mlas-mp-cg-rj
https://en.wikipedia.org/wiki/Malka_Komaraiah,en.wikipedia.org,encyclopedia,office-holder reference,1,mlas-ka-ap-tg
https://en.wikipedia.org/wiki/Malla_Reddy,en.wikipedia.org,encyclopedia,office-holder reference,1,mlas-ka-ap-tg
https://en.wikipedia.org/wiki/Malladi_Krishna_Rao,en.wikipedia.org,encyclopedia,office-holder reference,1,mlas-tn-kl-py
https://en.wikipedia.org/wiki/Malti_Maheshwari,en.wikipedia.org,encyclopedia,office-holder reference,1,mlas-mh-gj-ga
https://en.wikipedia.org/wiki/Mama_Natung,en.wikipedia.org,encyclopedia,office-holder reference,1,mlas-jk-ar-mn-ml
https://en.wikipedia.org/wiki/Mamata_Bala_Thakur,en.wikipedia.org,encyclopedia,office-holder reference,1,parliament-rajya-sabha
https://en.wikipedia.org/wiki/Mamidala_Yashaswini_Reddy,en.wikipedia.org,encyclopedia,office-holder reference,1,mlas-ka-ap-tg
https://en.wikipedia.org/wiki/Mamidi_Govinda_Rao,en.wikipedia.org,encyclopedia,office-holder reference,1,mlas-ka-ap-tg
https://en.wikipedia.org/wiki/Mamman_Khan,en.wikipedia.org,encyclopedia,office-holder reference,1,mlas-pb-hr-hp-dl
https://en.wikipedia.org/wiki/Mamoni_Bauri,en.wikipedia.org,encyclopedia,office-holder reference,1,mlas-wb-as-sk
https://en.wikipedia.org/wiki/Mamta_Devi,en.wikipedia.org,encyclopedia,office-holder reference,1,mlas-br-jh-od
https://en.wikipedia.org/wiki/Manab_Deka,en.wikipedia.org,encyclopedia,office-holder reference,1,mlas-wb-as-sk
https://en.wikipedia.org/wiki/Manab_Guha,en.wikipedia.org,encyclopedia,office-holder reference,1,mlas-wb-as-sk
https://en.wikipedia.org/wiki/Manappa_D._Vajjal,en.wikipedia.org,encyclopedia,office-holder reference,1,mlas-ka-ap-tg
https://en.wikipedia.org/wiki/Manas_Kumar_Dutta,en.wikipedia.org,encyclopedia,office-holder reference,1,mlas-br-jh-od
https://en.wikipedia.org/wiki/Manas_Mangaraj,en.wikipedia.org,encyclopedia,office-holder reference,1,parliament-rajya-sabha
https://en.wikipedia.org/wiki/Manav_Debbarma,en.wikipedia.org,encyclopedia,office-holder reference,1,mlas-mz-nl-tr
https://en.wikipedia.org/wiki/Manda_Vijay_Mhatre,en.wikipedia.org,encyclopedia,office-holder reference,1,mlas-mh-gj-ga
https://en.wikipedia.org/wiki/Mandali_Buddha_Prasad,en.wikipedia.org,encyclopedia,office-holder reference,1,mlas-ka-ap-tg
https://en.wikipedia.org/wiki/Mandeep_Chatha,en.wikipedia.org,encyclopedia,office-holder reference,1,mlas-pb-hr-hp-dl
https://en.wikipedia.org/wiki/Mandipalli_Ramprasad_Reddy,en.wikipedia.org,encyclopedia,office-holder reference,1,mlas-ka-ap-tg
https://en.wikipedia.org/wiki/Maneswar_Brahma,en.wikipedia.org,encyclopedia,office-holder reference,1,mlas-wb-as-sk
https://en.wikipedia.org/wiki/Mangal_Kalindi,en.wikipedia.org,encyclopedia,office-holder reference,1,mlas-br-jh-od
https://en.wikipedia.org/wiki/Mangal_Lodha,en.wikipedia.org,encyclopedia,office-holder reference,1,mlas-mh-gj-ga
https://en.wikipedia.org/wiki/Mangal_Pandey_(politician),en.wikipedia.org,encyclopedia,office-holder reference,1,mlas-br-jh-od
https://en.wikipedia.org/wiki/Mangalore_Refinery_and_Petrochemicals_Limited,en.wikipedia.org,encyclopedia,entity facts,1,ministries-d
https://en.wikipedia.org/wiki/Mangelal_Meena,en.wikipedia.org,encyclopedia,office-holder reference,1,mlas-mp-cg-rj
https://en.wikipedia.org/wiki/Mangesh_Chavan,en.wikipedia.org,encyclopedia,office-holder reference,1,mlas-mh-gj-ga
https://en.wikipedia.org/wiki/Mangesh_Kudalkar,en.wikipedia.org,encyclopedia,office-holder reference,1,mlas-mh-gj-ga
https://en.wikipedia.org/wiki/Mangu_Khilla,en.wikipedia.org,encyclopedia,office-holder reference,1,mlas-br-jh-od
https://en.wikipedia.org/wiki/Mani_C._Kappan,en.wikipedia.org,encyclopedia,office-holder reference,1,mlas-tn-kl-py
https://en.wikipedia.org/wiki/Manikrao_Kokate,en.wikipedia.org,encyclopedia,office-holder reference,1,mlas-mh-gj-ga
https://en.wikipedia.org/wiki/Manipur,en.wikipedia.org,encyclopedia,entity facts,1,states-ar-mn-ml
https://en.wikipedia.org/wiki/Manipur_Police,en.wikipedia.org,encyclopedia,office-holder,1,states-ar-mn-ml
https://en.wikipedia.org/wiki/Manish_Kumar,en.wikipedia.org,encyclopedia,office-holder reference,1,mlas-br-jh-od
https://en.wikipedia.org/wiki/Manish_Yadav,en.wikipedia.org,encyclopedia,office-holder reference,1,mlas-mp-cg-rj
https://en.wikipedia.org/wiki/Manisha_Ashok_Chaudhary,en.wikipedia.org,encyclopedia,office-holder reference,1,mlas-mh-gj-ga
https://en.wikipedia.org/wiki/Manisha_Kayande,en.wikipedia.org,encyclopedia,office-holder reference,1,mlas-mh-gj-ga
https://en.wikipedia.org/wiki/Manisha_Singh_(politician),en.wikipedia.org,encyclopedia,office-holder reference,1,mlas-mp-cg-rj
https://en.wikipedia.org/wiki/Manisha_Vakil,en.wikipedia.org,encyclopedia,office-holder reference,1,mlas-mh-gj-ga
https://en.wikipedia.org/wiki/Manjalamkuzhi_Ali,en.wikipedia.org,encyclopedia,office-holder reference,1,mlas-tn-kl-py
https://en.wikipedia.org/wiki/Manjeet_Kumar_Singh,en.wikipedia.org,encyclopedia,office-holder reference,1,mlas-br-jh-od
https://en.wikipedia.org/wiki/Manjinder_Singh_Lalpura,en.wikipedia.org,encyclopedia,office-holder reference,1,mlas-pb-hr-hp-dl
https://en.wikipedia.org/wiki/Manjit_Singh_Bilaspur,en.wikipedia.org,encyclopedia,office-holder reference,1,mlas-pb-hr-hp-dl
https://en.wikipedia.org/wiki/Manju_Baghmar,en.wikipedia.org,encyclopedia,office-holder reference,1,mlas-mp-cg-rj
https://en.wikipedia.org/wiki/Manju_Choudhary_(politician),en.wikipedia.org,encyclopedia,office-holder reference,1,mlas-pb-hr-hp-dl
https://en.wikipedia.org/wiki/Manju_Kumari,en.wikipedia.org,encyclopedia,office-holder reference,1,mlas-br-jh-od
https://en.wikipedia.org/wiki/Manju_Rajendra_Dadu,en.wikipedia.org,encyclopedia,office-holder reference,1,mlas-mp-cg-rj
https://en.wikipedia.org/wiki/Manjula_Gavit,en.wikipedia.org,encyclopedia,office-holder reference,1,mlas-mh-gj-ga
https://en.wikipedia.org/wiki/Manjula_S,en.wikipedia.org,encyclopedia,office-holder reference,1,mlas-ka-ap-tg
https://en.wikipedia.org/wiki/Mankala_Vaidya,en.wikipedia.org,encyclopedia,office-holder reference,1,mlas-ka-ap-tg
https://en.wikipedia.org/wiki/Manmohan_(judge),en.wikipedia.org,encyclopedia,office-holder reference,1,judiciary-supreme-court
https://en.wikipedia.org/wiki/Manmohan_Bhadana,en.wikipedia.org,encyclopedia,office-holder reference,1,mlas-pb-hr-hp-dl
https://en.wikipedia.org/wiki/Manmohan_Samal,en.wikipedia.org,encyclopedia,office-holder reference,1,parliament-rajya-sabha
https://en.wikipedia.org/wiki/Manohar_Parrikar_Institute_for_Defence_Studies_and_Analyses,en.wikipedia.org,encyclopedia,entity facts,1,ministries-b2
https://en.wikipedia.org/wiki/Manohar_Prasad_Singh,en.wikipedia.org,encyclopedia,office-holder reference,1,mlas-br-jh-od
https://en.wikipedia.org/wiki/Manohar_Randhari,en.wikipedia.org,encyclopedia,office-holder reference,1,mlas-br-jh-od
https://en.wikipedia.org/wiki/Manoj_Bishwas,en.wikipedia.org,encyclopedia,office-holder reference,1,mlas-br-jh-od
https://en.wikipedia.org/wiki/Manoj_Choudhary,en.wikipedia.org,encyclopedia,office-holder reference,1,mlas-mp-cg-rj
https://en.wikipedia.org/wiki/Manoj_Ghorpade,en.wikipedia.org,encyclopedia,office-holder reference,1,mlas-mh-gj-ga
https://en.wikipedia.org/wiki/Manoj_Jamsutkar,en.wikipedia.org,encyclopedia,office-holder reference,1,mlas-mh-gj-ga
https://en.wikipedia.org/wiki/Manoj_Jha,en.wikipedia.org,encyclopedia,office-holder reference,1,parliament-rajya-sabha
https://en.wikipedia.org/wiki/Manoj_Kanti_Deb,en.wikipedia.org,encyclopedia,office-holder reference,1,mlas-mz-nl-tr
https://en.wikipedia.org/wiki/Manoj_Kayande,en.wikipedia.org,encyclopedia,office-holder reference,1,mlas-mh-gj-ga
https://en.wikipedia.org/wiki/Manoj_Kumar_(Bihar_politician),en.wikipedia.org,encyclopedia,office-holder reference,1,mlas-br-jh-od
https://en.wikipedia.org/wiki/Manoj_Kumar_Gupta,en.wikipedia.org,encyclopedia,office-holder reference,1,judiciary-high-courts
https://en.wikipedia.org/wiki/Manoj_Kumar_Oraon,en.wikipedia.org,encyclopedia,office-holder reference,1,mlas-wb-as-sk
https://en.wikipedia.org/wiki/Manoj_Kumar_Shokeen,en.wikipedia.org,encyclopedia,office-holder reference,1,mlas-pb-hr-hp-dl
https://en.wikipedia.org/wiki/Manoj_Kumar_Singh_(civil_servant),en.wikipedia.org,encyclopedia,office-holder,1,states-up-uk-hp
https://en.wikipedia.org/wiki/Manoj_Kumar_Yadav_(Jharkhand_politician),en.wikipedia.org,encyclopedia,office-holder reference,1,mlas-br-jh-od
https://en.wikipedia.org/wiki/Manoj_Meghwal,en.wikipedia.org,encyclopedia,office-holder reference,1,mlas-mp-cg-rj
https://en.wikipedia.org/wiki/Manoj_Misra,en.wikipedia.org,encyclopedia,office-holder reference,1,judiciary-supreme-court
https://en.wikipedia.org/wiki/Manoj_Moothedan,en.wikipedia.org,encyclopedia,office-holder reference,1,mlas-tn-kl-py
https://en.wikipedia.org/wiki/Manoj_Nirbhay_Singh_Patel,en.wikipedia.org,encyclopedia,office-holder reference,1,mlas-mp-cg-rj
https://en.wikipedia.org/wiki/Manoj_Nyangli,en.wikipedia.org,encyclopedia,office-holder reference,1,mlas-mp-cg-rj
https://en.wikipedia.org/wiki/Manoj_Yadav_(politician),en.wikipedia.org,encyclopedia,office-holder reference,1,mlas-br-jh-od
https://en.wikipedia.org/wiki/Manorama_Devi,en.wikipedia.org,encyclopedia,office-holder reference,1,mlas-br-jh-od
https://en.wikipedia.org/wiki/Manorama_Mohanty,en.wikipedia.org,encyclopedia,office-holder reference,1,mlas-br-jh-od
https://en.wikipedia.org/wiki/Manoranjan_Dyan_Samantara,en.wikipedia.org,encyclopedia,office-holder reference,1,mlas-br-jh-od
https://en.wikipedia.org/wiki/Manpreet_Singh_Ayali,en.wikipedia.org,encyclopedia,office-holder reference,1,mlas-pb-hr-hp-dl
https://en.wikipedia.org/wiki/Mansinh_Chauhan,en.wikipedia.org,encyclopedia,office-holder reference,1,mlas-mh-gj-ga
https://en.wikipedia.org/wiki/Mantar_Gowda,en.wikipedia.org,encyclopedia,office-holder reference,1,mlas-ka-ap-tg
https://en.wikipedia.org/wiki/Manu_Patel,en.wikipedia.org,encyclopedia,office-holder reference,1,mlas-mh-gj-ga
https://en.wikipedia.org/wiki/Manwinder_Singh_Gyaspura,en.wikipedia.org,encyclopedia,office-holder reference,1,mlas-pb-hr-hp-dl
https://en.wikipedia.org/wiki/Maragatham_Vetrivel,en.wikipedia.org,encyclopedia,office-holder reference,1,mlas-tn-kl-py
https://en.wikipedia.org/wiki/Marcuise_N._Marak,en.wikipedia.org,encyclopedia,office-holder reference,1,mlas-jk-ar-mn-ml
https://en.wikipedia.org/wiki/Marine_Products_Export_Development_Authority,en.wikipedia.org,encyclopedia,office-holder,1,ministries-a
https://en.wikipedia.org/wiki/Marthon_J._Sangma,en.wikipedia.org,encyclopedia,office-holder reference,1,mlas-jk-ar-mn-ml
https://en.wikipedia.org/wiki/Master_Jagsir_Singh,en.wikipedia.org,encyclopedia,office-holder reference,1,mlas-pb-hr-hp-dl
https://en.wikipedia.org/wiki/Mathew_Kuzhalnadan,en.wikipedia.org,encyclopedia,office-holder reference,1,mlas-tn-kl-py
https://en.wikipedia.org/wiki/Mathura_Prasad_Mahato,en.wikipedia.org,encyclopedia,office-holder reference,1,mlas-br-jh-od
https://en.wikipedia.org/wiki/Mathuralal_Damar,en.wikipedia.org,encyclopedia,office-holder reference,1,mlas-mp-cg-rj
https://en.wikipedia.org/wiki/Matsyarasa_Visweswara_Raju,en.wikipedia.org,encyclopedia,office-holder reference,1,mlas-ka-ap-tg
https://en.wikipedia.org/wiki/Matta_Ragamayee,en.wikipedia.org,encyclopedia,office-holder reference,1,mlas-ka-ap-tg
https://en.wikipedia.org/wiki/Matthew_Beyondstar_Kurbah,en.wikipedia.org,encyclopedia,office-holder reference,1,mlas-jk-ar-mn-ml
https://en.wikipedia.org/wiki/Mauvin_Godinho,en.wikipedia.org,encyclopedia,office-holder reference,1,mlas-mh-gj-ga
https://en.wikipedia.org/wiki/Mavji_Desai,en.wikipedia.org,encyclopedia,office-holder reference,1,mlas-mh-gj-ga
https://en.wikipedia.org/wiki/Maya_Naroliya,en.wikipedia.org,encyclopedia,office-holder reference,1,parliament-rajya-sabha
https://en.wikipedia.org/wiki/Mayanglambam_Rameshwar_Singh,en.wikipedia.org,encyclopedia,office-holder reference,1,mlas-jk-ar-mn-ml
https://en.wikipedia.org/wiki/Mayankbhai_Nayak,en.wikipedia.org,encyclopedia,office-holder reference,1,parliament-rajya-sabha
https://en.wikipedia.org/wiki/Mayna_Murmu,en.wikipedia.org,encyclopedia,office-holder reference,1,mlas-wb-as-sk
https://en.wikipedia.org/wiki/Mayralborn_Syiem,en.wikipedia.org,encyclopedia,office-holder reference,1,mlas-jk-ar-mn-ml
https://en.wikipedia.org/wiki/Mayur_Borgohain,en.wikipedia.org,encyclopedia,office-holder reference,1,mlas-wb-as-sk
https://en.wikipedia.org/wiki/Mazagon_Dock_Shipbuilders,en.wikipedia.org,encyclopedia,office-holder,1,ministries-b2
https://en.wikipedia.org/wiki/Mazagon_Dock_Shipbuilders_Limited,en.wikipedia.org,encyclopedia,entity facts,1,ministries-b2
https://en.wikipedia.org/wiki/Mazibur_Rahman,en.wikipedia.org,encyclopedia,office-holder reference,1,mlas-wb-as-sk
https://en.wikipedia.org/wiki/Md_Sohaib,en.wikipedia.org,encyclopedia,office-holder reference,1,mlas-br-jh-od
https://en.wikipedia.org/wiki/Md._Ashraful_Islam_Sheikh,en.wikipedia.org,encyclopedia,office-holder reference,1,mlas-wb-as-sk
https://en.wikipedia.org/wiki/Md._Baharul_Islam,en.wikipedia.org,encyclopedia,office-holder reference,1,mlas-wb-as-sk
https://en.wikipedia.org/wiki/Md._Ghulam_Rabbani,en.wikipedia.org,encyclopedia,office-holder reference,1,mlas-wb-as-sk
https://en.wikipedia.org/wiki/Md._Matibur_Rahaman,en.wikipedia.org,encyclopedia,office-holder reference,1,mlas-wb-as-sk
https://en.wikipedia.org/wiki/Md._Mostafijur_Rahaman,en.wikipedia.org,encyclopedia,office-holder reference,1,mlas-wb-as-sk
https://en.wikipedia.org/wiki/Md._Najrul_Islam,en.wikipedia.org,encyclopedia,office-holder reference,1,mlas-wb-as-sk
https://en.wikipedia.org/wiki/Md._Nurul_Islam_(Assam_politician),en.wikipedia.org,encyclopedia,office-holder reference,1,mlas-wb-as-sk
https://en.wikipedia.org/wiki/Md._Samim_Ahamed_Molla,en.wikipedia.org,encyclopedia,office-holder reference,1,mlas-wb-as-sk
https://en.wikipedia.org/wiki/Md._Tajuddin,en.wikipedia.org,encyclopedia,office-holder reference,1,mlas-br-jh-od
https://en.wikipedia.org/wiki/Md._Tauseef_Rahman,en.wikipedia.org,encyclopedia,office-holder reference,1,mlas-wb-as-sk
https://en.wikipedia.org/wiki/Meda_Raghunadha_Reddy,en.wikipedia.org,encyclopedia,office-holder reference,1,parliament-rajya-sabha
https://en.wikipedia.org/wiki/Medha_Kulkarni,en.wikipedia.org,encyclopedia,office-holder reference,1,parliament-committees
https://en.wikipedia.org/wiki/Medha_Vishram_Kulkarni,en.wikipedia.org,encyclopedia,office-holder reference,1,parliament-rajya-sabha
https://en.wikipedia.org/wiki/Medininagar_Municipal_Corporation,en.wikipedia.org,encyclopedia,entity facts,1,states-br-jh-od
https://en.wikipedia.org/wiki/Medipally_Sathyam,en.wikipedia.org,encyclopedia,office-holder reference,1,mlas-ka-ap-tg
https://en.wikipedia.org/wiki/Meena_Singh_(Manpur_politician),en.wikipedia.org,encyclopedia,office-holder reference,1,mlas-mp-cg-rj
https://en.wikipedia.org/wiki/Meenakshi_Jain,en.wikipedia.org,encyclopedia,office-holder reference,1,parliament-rajya-sabha
https://en.wikipedia.org/wiki/Meghalaya,en.wikipedia.org,encyclopedia,entity facts,1,states-ar-mn-ml
https://en.wikipedia.org/wiki/Meghalaya_Police,en.wikipedia.org,encyclopedia,office-holder,1,states-ar-mn-ml
https://en.wikipedia.org/wiki/Meghana_Bordikar,en.wikipedia.org,encyclopedia,office-holder reference,1,mlas-mh-gj-ga
https://en.wikipedia.org/wiki/Meghji_Chavda,en.wikipedia.org,encyclopedia,office-holder reference,1,mlas-mh-gj-ga
https://en.wikipedia.org/wiki/Mehboob_Mukhtar,en.wikipedia.org,encyclopedia,office-holder reference,1,mlas-wb-as-sk
https://en.wikipedia.org/wiki/Mehraj_Malik,en.wikipedia.org,encyclopedia,office-holder reference,1,mlas-jk-ar-mn-ml
https://en.wikipedia.org/wiki/Mehtab_Chandee_Agitok_Sangma,en.wikipedia.org,encyclopedia,office-holder reference,1,mlas-jk-ar-mn-ml
https://en.wikipedia.org/wiki/Menaka_Guruswamy,en.wikipedia.org,encyclopedia,office-holder reference,1,parliament-rajya-sabha
https://en.wikipedia.org/wiki/Metbah_Lyngdoh,en.wikipedia.org,encyclopedia,office-holder reference,1,mlas-jk-ar-mn-ml
https://en.wikipedia.org/wiki/Methodius_Dkhar,en.wikipedia.org,encyclopedia,office-holder reference,1,mlas-jk-ar-mn-ml
https://en.wikipedia.org/wiki/Metsübo_Jamir,en.wikipedia.org,encyclopedia,office-holder reference,1,mlas-mz-nl-tr
https://en.wikipedia.org/wiki/Meyyanathan_Siva_V,en.wikipedia.org,encyclopedia,office-holder reference,1,mlas-tn-kl-py
https://en.wikipedia.org/wiki/Mhathung_Yanthan,en.wikipedia.org,encyclopedia,office-holder reference,1,mlas-mz-nl-tr
https://en.wikipedia.org/wiki/Mian_Mehar_Ali,en.wikipedia.org,encyclopedia,office-holder reference,1,mlas-jk-ar-mn-ml
https://en.wikipedia.org/wiki/Miani_D_Shira,en.wikipedia.org,encyclopedia,office-holder reference,1,mlas-jk-ar-mn-ml
https://en.wikipedia.org/wiki/Michael_Lobo_(politician),en.wikipedia.org,encyclopedia,office-holder reference,1,mlas-mh-gj-ga
https://en.wikipedia.org/wiki/Mihir_Kotecha,en.wikipedia.org,encyclopedia,office-holder reference,1,mlas-mh-gj-ga
https://en.wikipedia.org/wiki/Milind_Narvekar,en.wikipedia.org,encyclopedia,office-holder reference,1,mlas-mh-gj-ga
https://en.wikipedia.org/wiki/Milind_Ramji_Narote,en.wikipedia.org,encyclopedia,office-holder reference,1,mlas-mh-gj-ga
https://en.wikipedia.org/wiki/Milon_Das,en.wikipedia.org,encyclopedia,office-holder reference,1,mlas-wb-as-sk
https://en.wikipedia.org/wiki/Mina_Kumari,en.wikipedia.org,encyclopedia,office-holder reference,1,mlas-br-jh-od
https://en.wikipedia.org/wiki/Mina_Rani_Sarkar,en.wikipedia.org,encyclopedia,office-holder reference,1,mlas-mz-nl-tr
https://en.wikipedia.org/wiki/Mingma_Narbu_Sherpa,en.wikipedia.org,encyclopedia,office-holder reference,1,mlas-wb-as-sk
https://en.wikipedia.org/wiki/Minhajul_Arfin_Azad,en.wikipedia.org,encyclopedia,office-holder reference,1,mlas-wb-as-sk
https://en.wikipedia.org/wiki/Ministry_of_Civil_Aviation_(India),en.wikipedia.org,encyclopedia,office-holder,1,ministries-c
https://en.wikipedia.org/wiki/Ministry_of_Earth_Sciences,en.wikipedia.org,encyclopedia,entity facts,1,ministries-g
https://en.wikipedia.org/wiki/Ministry_of_Electronics_and_Information_Technology,en.wikipedia.org,encyclopedia,entity facts,1,ministries-g
"https://en.wikipedia.org/wiki/Ministry_of_Environment,_Forest_and_Climate_Change",en.wikipedia.org,encyclopedia,entity facts,1,ministries-g
https://en.wikipedia.org/wiki/Ministry_of_Information_and_Broadcasting_(India),en.wikipedia.org,encyclopedia,entity facts,1,ministries-g
"https://en.wikipedia.org/wiki/Ministry_of_Personnel,_Public_Grievances_and_Pensions",en.wikipedia.org,encyclopedia,entity facts,1,ministries-b3
https://en.wikipedia.org/wiki/Ministry_of_Science_and_Technology_(India),en.wikipedia.org,encyclopedia,entity facts,1,ministries-g
https://en.wikipedia.org/wiki/Mir_Mohammad_Fayaz,en.wikipedia.org,encyclopedia,office-holder reference,1,mlas-jk-ar-mn-ml
https://en.wikipedia.org/wiki/Mir_Zulfeqar_Ali,en.wikipedia.org,encyclopedia,office-holder reference,1,mlas-ka-ap-tg
https://en.wikipedia.org/wiki/Miriyala_Sirisha_Devi,en.wikipedia.org,encyclopedia,office-holder reference,1,mlas-ka-ap-tg
https://en.wikipedia.org/wiki/Mirza_Rahmat_Baig,en.wikipedia.org,encyclopedia,office-holder reference,1,mlas-ka-ap-tg
https://en.wikipedia.org/wiki/Mirza_Riyaz_Ul_Hassan_Effendi,en.wikipedia.org,encyclopedia,office-holder reference,1,mlas-ka-ap-tg
https://en.wikipedia.org/wiki/Mishra_Dhatu_Nigam,en.wikipedia.org,encyclopedia,office-holder,1,ministries-b2
https://en.wikipedia.org/wiki/Mishra_Dhatu_Nigam_Limited,en.wikipedia.org,encyclopedia,entity facts,1,ministries-b2
https://en.wikipedia.org/wiki/Mitali_Mal,en.wikipedia.org,encyclopedia,office-holder reference,1,mlas-wb-as-sk
https://en.wikipedia.org/wiki/Mithlesh_Kumar,en.wikipedia.org,encyclopedia,office-holder reference,1,parliament-rajya-sabha
https://en.wikipedia.org/wiki/Mithlesh_Tiwari,en.wikipedia.org,encyclopedia,office-holder reference,1,mlas-br-jh-od
https://en.wikipedia.org/wiki/Mizanur_Rahman_Kazi,en.wikipedia.org,encyclopedia,office-holder reference,1,mlas-jk-ar-mn-ml
https://en.wikipedia.org/wiki/Mizoram_Police,en.wikipedia.org,encyclopedia,office-holder,1,states-mz-nl-tr
https://en.wikipedia.org/wiki/Moatoshi_Longkumer,en.wikipedia.org,encyclopedia,office-holder reference,1,mlas-mz-nl-tr
https://en.wikipedia.org/wiki/Mohammad_Azharuddin,en.wikipedia.org,encyclopedia,office-holder reference,1,mlas-ka-ap-tg
https://en.wikipedia.org/wiki/Mohammad_Ilyas_(Indian_politician),en.wikipedia.org,encyclopedia,office-holder reference,1,mlas-pb-hr-hp-dl
https://en.wikipedia.org/wiki/Mohammad_Jamil_Ur_Rehman,en.wikipedia.org,encyclopedia,office-holder reference,1,mlas-pb-hr-hp-dl
https://en.wikipedia.org/wiki/Mohammad_Kasem_Siddique,en.wikipedia.org,encyclopedia,office-holder reference,1,mlas-wb-as-sk
https://en.wikipedia.org/wiki/Mohammad_Majid_Hussain,en.wikipedia.org,encyclopedia,office-holder reference,1,mlas-ka-ap-tg
https://en.wikipedia.org/wiki/Mohammad_Murshid_Alam,en.wikipedia.org,encyclopedia,office-holder reference,1,mlas-br-jh-od
https://en.wikipedia.org/wiki/Mohammad_Noor_Alam,en.wikipedia.org,encyclopedia,office-holder reference,1,mlas-wb-as-sk
https://en.wikipedia.org/wiki/Mohammad_Shiyas,en.wikipedia.org,encyclopedia,office-holder reference,1,mlas-tn-kl-py
https://en.wikipedia.org/wiki/Mohammad_Yusuf_Tarigami,en.wikipedia.org,encyclopedia,office-holder reference,1,mlas-jk-ar-mn-ml
https://en.wikipedia.org/wiki/Mohammed_Ismail_Abdul_Khalique,en.wikipedia.org,encyclopedia,office-holder reference,1,mlas-mh-gj-ga
https://en.wikipedia.org/wiki/Mohammed_Mubeen,en.wikipedia.org,encyclopedia,office-holder reference,1,mlas-ka-ap-tg
https://en.wikipedia.org/wiki/Mohammed_Naseer_Ahmed,en.wikipedia.org,encyclopedia,office-holder reference,1,mlas-ka-ap-tg
https://en.wikipedia.org/wiki/Mohammed_Ruhulla,en.wikipedia.org,encyclopedia,office-holder reference,1,mlas-ka-ap-tg
https://en.wikipedia.org/wiki/Mohan_Charan_Majhi,en.wikipedia.org,encyclopedia,office-holder reference,1,mlas-br-jh-od
https://en.wikipedia.org/wiki/Mohan_Kokani,en.wikipedia.org,encyclopedia,office-holder reference,1,mlas-mh-gj-ga
https://en.wikipedia.org/wiki/Mohan_Lal,en.wikipedia.org,encyclopedia,office-holder reference,1,mlas-jk-ar-mn-ml
https://en.wikipedia.org/wiki/Mohan_Lal_Brakta,en.wikipedia.org,encyclopedia,office-holder reference,1,mlas-pb-hr-hp-dl
https://en.wikipedia.org/wiki/Mohan_Mate,en.wikipedia.org,encyclopedia,office-holder reference,1,mlas-mh-gj-ga
https://en.wikipedia.org/wiki/Mohan_Sharma,en.wikipedia.org,encyclopedia,office-holder reference,1,mlas-mp-cg-rj
https://en.wikipedia.org/wiki/Mohan_Singh_Rathore,en.wikipedia.org,encyclopedia,office-holder reference,1,mlas-mp-cg-rj
https://en.wikipedia.org/wiki/Mohanbhai_Dhodia,en.wikipedia.org,encyclopedia,office-holder reference,1,mlas-mh-gj-ga
https://en.wikipedia.org/wiki/Mohd_Israil,en.wikipedia.org,encyclopedia,office-holder reference,1,mlas-pb-hr-hp-dl
https://en.wikipedia.org/wiki/Mohd_Zama_Khan,en.wikipedia.org,encyclopedia,office-holder reference,1,mlas-br-jh-od
https://en.wikipedia.org/wiki/Mohibur_Rohman,en.wikipedia.org,encyclopedia,office-holder reference,1,mlas-wb-as-sk
https://en.wikipedia.org/wiki/Mohinder_Bhagat,en.wikipedia.org,encyclopedia,office-holder reference,1,states-pb-hr-ch-r2
https://en.wikipedia.org/wiki/Monika_Rajiv_Rajale,en.wikipedia.org,encyclopedia,office-holder reference,1,mlas-mh-gj-ga
https://en.wikipedia.org/wiki/Mons_Joseph,en.wikipedia.org,encyclopedia,office-holder reference,1,mlas-tn-kl-py
https://en.wikipedia.org/wiki/Montu_Solanki,en.wikipedia.org,encyclopedia,office-holder reference,1,mlas-mp-cg-rj
https://en.wikipedia.org/wiki/Mool_Chand_Sharma,en.wikipedia.org,encyclopedia,office-holder reference,1,mlas-pb-hr-hp-dl
https://en.wikipedia.org/wiki/Mopi_Mihu,en.wikipedia.org,encyclopedia,office-holder reference,1,mlas-jk-ar-mn-ml
https://en.wikipedia.org/wiki/Mosaraf_Hussen,en.wikipedia.org,encyclopedia,office-holder reference,1,mlas-wb-as-sk
https://en.wikipedia.org/wiki/Mosarraf_Hossain,en.wikipedia.org,encyclopedia,office-holder reference,1,mlas-wb-as-sk
https://en.wikipedia.org/wiki/Motab_Shaikh,en.wikipedia.org,encyclopedia,office-holder reference,1,mlas-wb-as-sk
https://en.wikipedia.org/wiki/Motihari,en.wikipedia.org,encyclopedia,entity facts,1,states-br-jh-od
https://en.wikipedia.org/wiki/Motilal_Sahu,en.wikipedia.org,encyclopedia,office-holder reference,1,mlas-mp-cg-rj
https://en.wikipedia.org/wiki/Motiram_Koli,en.wikipedia.org,encyclopedia,office-holder reference,1,mlas-mp-cg-rj
https://en.wikipedia.org/wiki/Moumita_Biswas_Mishra,en.wikipedia.org,encyclopedia,office-holder reference,1,mlas-wb-as-sk
https://en.wikipedia.org/wiki/Mridul_Kumar_Dutta,en.wikipedia.org,encyclopedia,office-holder reference,1,mlas-wb-as-sk
https://en.wikipedia.org/wiki/Mrinal_Saikia,en.wikipedia.org,encyclopedia,office-holder reference,1,mlas-wb-as-sk
https://en.wikipedia.org/wiki/Mubarik_Gul,en.wikipedia.org,encyclopedia,office-holder reference,1,mlas-jk-ar-mn-ml
https://en.wikipedia.org/wiki/Muhammad_Abdul_Nasir,en.wikipedia.org,encyclopedia,office-holder reference,1,mlas-jk-ar-mn-ml
https://en.wikipedia.org/wiki/Muhammed_Muhsin,en.wikipedia.org,encyclopedia,office-holder reference,1,mlas-tn-kl-py
https://en.wikipedia.org/wiki/Mukesh_Agnihotri,en.wikipedia.org,encyclopedia,office-holder reference,1,mlas-pb-hr-hp-dl
https://en.wikipedia.org/wiki/Mukesh_Bhakar,en.wikipedia.org,encyclopedia,office-holder reference,1,mlas-mp-cg-rj
https://en.wikipedia.org/wiki/Mukesh_Kumar_Ahlawat,en.wikipedia.org,encyclopedia,office-holder reference,1,mlas-pb-hr-hp-dl
https://en.wikipedia.org/wiki/Mukesh_Mahaling,en.wikipedia.org,encyclopedia,office-holder reference,1,mlas-br-jh-od
https://en.wikipedia.org/wiki/Mukesh_Malhotra,en.wikipedia.org,encyclopedia,office-holder reference,1,mlas-mp-cg-rj
https://en.wikipedia.org/wiki/Mukesh_Patel,en.wikipedia.org,encyclopedia,office-holder reference,1,mlas-mh-gj-ga
https://en.wikipedia.org/wiki/Mukesh_Sharma_(Haryana_politician),en.wikipedia.org,encyclopedia,office-holder reference,1,mlas-pb-hr-hp-dl
https://en.wikipedia.org/wiki/Mukesh_Tandan,en.wikipedia.org,encyclopedia,office-holder reference,1,mlas-mp-cg-rj
https://en.wikipedia.org/wiki/Mukeshbhai_Patel,en.wikipedia.org,encyclopedia,office-holder reference,1,mlas-mh-gj-ga
https://en.wikipedia.org/wiki/Mukku_Ugra_Narasimha_Reddy,en.wikipedia.org,encyclopedia,office-holder reference,1,mlas-ka-ap-tg
https://en.wikipedia.org/wiki/Mukkur_N._Subramanian,en.wikipedia.org,encyclopedia,office-holder reference,1,mlas-tn-kl-py
https://en.wikipedia.org/wiki/Mulu_Ayar_Bera,en.wikipedia.org,encyclopedia,office-holder reference,1,mlas-mh-gj-ga
https://en.wikipedia.org/wiki/Munger_Municipal_Corporation,en.wikipedia.org,encyclopedia,entity facts,1,states-br-jh-od
https://en.wikipedia.org/wiki/Munindra_Das,en.wikipedia.org,encyclopedia,office-holder reference,1,mlas-wb-as-sk
https://en.wikipedia.org/wiki/Munirathna,en.wikipedia.org,encyclopedia,office-holder reference,1,mlas-ka-ap-tg
https://en.wikipedia.org/wiki/Munitions_India_Limited,en.wikipedia.org,encyclopedia,entity facts,1,ministries-b2
https://en.wikipedia.org/wiki/Muppidi_Venkateswara_Rao,en.wikipedia.org,encyclopedia,office-holder reference,1,mlas-ka-ap-tg
https://en.wikipedia.org/wiki/Murari_Mohan_Jha,en.wikipedia.org,encyclopedia,office-holder reference,1,mlas-br-jh-od
https://en.wikipedia.org/wiki/Murari_Paswan,en.wikipedia.org,encyclopedia,office-holder reference,1,mlas-br-jh-od
https://en.wikipedia.org/wiki/Murari_Prasad_Gautam,en.wikipedia.org,encyclopedia,office-holder reference,1,mlas-br-jh-od
https://en.wikipedia.org/wiki/Murji_Patel,en.wikipedia.org,encyclopedia,office-holder reference,1,mlas-mh-gj-ga
https://en.wikipedia.org/wiki/Murli_Bhawara,en.wikipedia.org,encyclopedia,office-holder reference,1,mlas-mp-cg-rj
https://en.wikipedia.org/wiki/Mushtaq_Guroo,en.wikipedia.org,encyclopedia,office-holder reference,1,mlas-jk-ar-mn-ml
"https://en.wikipedia.org/wiki/Mustafizur_Rahaman_(politician,_born_1981)",en.wikipedia.org,encyclopedia,office-holder reference,1,mlas-wb-as-sk
https://en.wikipedia.org/wiki/Mutchu_Mithi,en.wikipedia.org,encyclopedia,office-holder reference,1,mlas-jk-ar-mn-ml
https://en.wikipedia.org/wiki/Muthumula_Ashok_Reddy,en.wikipedia.org,encyclopedia,office-holder reference,1,mlas-ka-ap-tg
https://en.wikipedia.org/wiki/Muzaffar_Iqbal_Khan,en.wikipedia.org,encyclopedia,office-holder reference,1,mlas-jk-ar-mn-ml
https://en.wikipedia.org/wiki/Muzaffarpur_Municipal_Corporation,en.wikipedia.org,encyclopedia,entity facts,1,states-br-jh-od
https://en.wikipedia.org/wiki/Mynampally_Rohit,en.wikipedia.org,encyclopedia,office-holder reference,1,mlas-ka-ap-tg
https://en.wikipedia.org/wiki/N._A._Haris,en.wikipedia.org,encyclopedia,office-holder reference,1,mlas-ka-ap-tg
https://en.wikipedia.org/wiki/N._Amarnath_Reddy,en.wikipedia.org,encyclopedia,office-holder reference,1,mlas-ka-ap-tg
https://en.wikipedia.org/wiki/N._Anand,en.wikipedia.org,encyclopedia,office-holder reference,1,mlas-tn-kl-py
https://en.wikipedia.org/wiki/N._Ashokkumar,en.wikipedia.org,encyclopedia,office-holder reference,1,mlas-tn-kl-py
https://en.wikipedia.org/wiki/N._Biren_Singh,en.wikipedia.org,encyclopedia,office-holder reference,1,mlas-jk-ar-mn-ml
https://en.wikipedia.org/wiki/N._Chaluvaraya_Swamy,en.wikipedia.org,encyclopedia,office-holder reference,1,mlas-ka-ap-tg
https://en.wikipedia.org/wiki/N._D._Gupta,en.wikipedia.org,encyclopedia,office-holder reference,1,parliament-rajya-sabha
https://en.wikipedia.org/wiki/N._Elaiyaraja,en.wikipedia.org,encyclopedia,office-holder reference,1,mlas-tn-kl-py
https://en.wikipedia.org/wiki/N._K._Akbar,en.wikipedia.org,encyclopedia,office-holder reference,1,mlas-tn-kl-py
https://en.wikipedia.org/wiki/N._Kishore_Kumar_Reddy,en.wikipedia.org,encyclopedia,office-holder reference,1,mlas-ka-ap-tg
https://en.wikipedia.org/wiki/N._Kotiswar_Singh,en.wikipedia.org,encyclopedia,office-holder reference,1,judiciary-supreme-court
https://en.wikipedia.org/wiki/N._M._D._Farooq,en.wikipedia.org,encyclopedia,office-holder reference,1,mlas-ka-ap-tg
https://en.wikipedia.org/wiki/N._M._Sukumar,en.wikipedia.org,encyclopedia,office-holder reference,1,mlas-tn-kl-py
https://en.wikipedia.org/wiki/N._Marie_Wilson,en.wikipedia.org,encyclopedia,office-holder reference,1,mlas-tn-kl-py
https://en.wikipedia.org/wiki/N._Naveen_Kumar_Reddy,en.wikipedia.org,encyclopedia,office-holder reference,1,mlas-ka-ap-tg
https://en.wikipedia.org/wiki/N._Ravikumar,en.wikipedia.org,encyclopedia,office-holder reference,1,mlas-ka-ap-tg
https://en.wikipedia.org/wiki/N._S._Boseraju,en.wikipedia.org,encyclopedia,office-holder reference,1,mlas-ka-ap-tg
https://en.wikipedia.org/wiki/N._S._N._Nataraj,en.wikipedia.org,encyclopedia,office-holder reference,1,mlas-tn-kl-py
https://en.wikipedia.org/wiki/N._Sakthan,en.wikipedia.org,encyclopedia,office-holder reference,1,mlas-tn-kl-py
https://en.wikipedia.org/wiki/N._Samsudheen,en.wikipedia.org,encyclopedia,office-holder reference,1,mlas-tn-kl-py
https://en.wikipedia.org/wiki/N._Senthil_Kumar,en.wikipedia.org,encyclopedia,office-holder reference,1,mlas-tn-kl-py
https://en.wikipedia.org/wiki/N._Shreenivasaiah,en.wikipedia.org,encyclopedia,office-holder reference,1,mlas-ka-ap-tg
https://en.wikipedia.org/wiki/N._Subramanian,en.wikipedia.org,encyclopedia,office-holder reference,1,mlas-tn-kl-py
https://en.wikipedia.org/wiki/N._Sunil_Anand,en.wikipedia.org,encyclopedia,office-holder reference,1,mlas-tn-kl-py
https://en.wikipedia.org/wiki/N._T._Srinivas,en.wikipedia.org,encyclopedia,office-holder reference,1,mlas-ka-ap-tg
https://en.wikipedia.org/wiki/N._Thalavai_Sundaram,en.wikipedia.org,encyclopedia,office-holder reference,1,mlas-tn-kl-py
https://en.wikipedia.org/wiki/N._Thirupathi,en.wikipedia.org,encyclopedia,office-holder reference,1,mlas-tn-kl-py
https://en.wikipedia.org/wiki/N._Y._Gopalakrishna,en.wikipedia.org,encyclopedia,office-holder reference,1,mlas-ka-ap-tg
https://en.wikipedia.org/wiki/Naba_Kishor_Mallick,en.wikipedia.org,encyclopedia,office-holder reference,1,mlas-br-jh-od
https://en.wikipedia.org/wiki/Naba_Kumar_Doley,en.wikipedia.org,encyclopedia,office-holder reference,1,mlas-wb-as-sk
https://en.wikipedia.org/wiki/Nabam_Vivek,en.wikipedia.org,encyclopedia,office-holder reference,1,mlas-jk-ar-mn-ml
https://en.wikipedia.org/wiki/Nabin_Chandra_Bag,en.wikipedia.org,encyclopedia,office-holder reference,1,mlas-wb-as-sk
https://en.wikipedia.org/wiki/Nabin_Kumar_Jain,en.wikipedia.org,encyclopedia,office-holder reference,1,mlas-br-jh-od
https://en.wikipedia.org/wiki/Nachhatar_Pal,en.wikipedia.org,encyclopedia,office-holder reference,1,mlas-pb-hr-hp-dl
https://en.wikipedia.org/wiki/Nachiketa_Mandal,en.wikipedia.org,encyclopedia,office-holder reference,1,mlas-br-jh-od
https://en.wikipedia.org/wiki/Nadendla_Manohar,en.wikipedia.org,encyclopedia,office-holder reference,1,mlas-ka-ap-tg
https://en.wikipedia.org/wiki/Nadiar_Chand_Bouri,en.wikipedia.org,encyclopedia,office-holder reference,1,mlas-wb-as-sk
https://en.wikipedia.org/wiki/Nadimul_Haque,en.wikipedia.org,encyclopedia,office-holder reference,1,parliament-rajya-sabha
https://en.wikipedia.org/wiki/Nadukuditi_Eswara_Rao,en.wikipedia.org,encyclopedia,office-holder reference,1,mlas-ka-ap-tg
https://en.wikipedia.org/wiki/Nagaland_Police,en.wikipedia.org,encyclopedia,office-holder,1,states-mz-nl-tr
https://en.wikipedia.org/wiki/Nagar_Singh_Chouhan,en.wikipedia.org,encyclopedia,office-holder reference,1,mlas-mp-cg-rj
https://en.wikipedia.org/wiki/Nagendra_Babu,en.wikipedia.org,encyclopedia,office-holder reference,1,mlas-ka-ap-tg
https://en.wikipedia.org/wiki/Nagendra_Mahto,en.wikipedia.org,encyclopedia,office-holder reference,1,mlas-br-jh-od
https://en.wikipedia.org/wiki/Nagendra_Raut,en.wikipedia.org,encyclopedia,office-holder reference,1,mlas-br-jh-od
https://en.wikipedia.org/wiki/Nagendra_Singh_(Gurh_politician),en.wikipedia.org,encyclopedia,correction,1,2026-09-25-mp-nagendra-singh-wikipedia.json
"https://en.wikipedia.org/wiki/Nagendra_Singh_(politician,_born_1943)",en.wikipedia.org,encyclopedia,correction,1,2026-09-25-mp-nagendra-singh-wikipedia.json
https://en.wikipedia.org/wiki/Naiba_Konyak,en.wikipedia.org,encyclopedia,office-holder reference,1,mlas-mz-nl-tr
https://en.wikipedia.org/wiki/Najeeb_Kanthapuram,en.wikipedia.org,encyclopedia,office-holder reference,1,mlas-tn-kl-py
https://en.wikipedia.org/wiki/Nakap_Nalo,en.wikipedia.org,encyclopedia,office-holder reference,1,mlas-jk-ar-mn-ml
https://en.wikipedia.org/wiki/Nakka_Ananda_Babu,en.wikipedia.org,encyclopedia,office-holder reference,1,mlas-ka-ap-tg
https://en.wikipedia.org/wiki/Nalamada_Padmavathi_Reddy,en.wikipedia.org,encyclopedia,office-holder reference,1,mlas-ka-ap-tg
https://en.wikipedia.org/wiki/Nalamada_Uttam_Kumar_Reddy,en.wikipedia.org,encyclopedia,office-holder reference,1,mlas-ka-ap-tg
https://en.wikipedia.org/wiki/Nalini_Kanta_Pradhan,en.wikipedia.org,encyclopedia,office-holder reference,1,mlas-br-jh-od
https://en.wikipedia.org/wiki/Naman_Bixal_Kongari,en.wikipedia.org,encyclopedia,office-holder reference,1,mlas-br-jh-od
https://en.wikipedia.org/wiki/Namgey_Tsering,en.wikipedia.org,encyclopedia,office-holder reference,1,mlas-jk-ar-mn-ml
https://en.wikipedia.org/wiki/Namita_Mundada,en.wikipedia.org,encyclopedia,office-holder reference,1,mlas-mh-gj-ga
https://en.wikipedia.org/wiki/Namri_Nchang,en.wikipedia.org,encyclopedia,office-holder reference,1,mlas-mz-nl-tr
https://en.wikipedia.org/wiki/Nana_Patole,en.wikipedia.org,encyclopedia,office-holder reference,1,mlas-mh-gj-ga
https://en.wikipedia.org/wiki/Nanalal_Ninama,en.wikipedia.org,encyclopedia,office-holder reference,1,mlas-mp-cg-rj
https://en.wikipedia.org/wiki/Nand_Kishor_Ram,en.wikipedia.org,encyclopedia,office-holder reference,1,mlas-br-jh-od
https://en.wikipedia.org/wiki/Nand_Lal_(Himachal_Pradesh_politician),en.wikipedia.org,encyclopedia,office-holder reference,1,mlas-pb-hr-hp-dl
https://en.wikipedia.org/wiki/Nandamuri_Balakrishna,en.wikipedia.org,encyclopedia,office-holder reference,1,mlas-ka-ap-tg
https://en.wikipedia.org/wiki/Nandita_Chowdhury,en.wikipedia.org,encyclopedia,office-holder reference,1,mlas-wb-as-sk
https://en.wikipedia.org/wiki/Nandita_Debbarma,en.wikipedia.org,encyclopedia,office-holder reference,1,mlas-mz-nl-tr
https://en.wikipedia.org/wiki/Nandyala_Varada_Rajulu_Reddy,en.wikipedia.org,encyclopedia,office-holder reference,1,mlas-ka-ap-tg
https://en.wikipedia.org/wiki/Nar_Bahadur_Dahal,en.wikipedia.org,encyclopedia,office-holder reference,1,mlas-wb-as-sk
https://en.wikipedia.org/wiki/Nar_Bahadur_Pradhan,en.wikipedia.org,encyclopedia,office-holder reference,1,mlas-wb-as-sk
https://en.wikipedia.org/wiki/Nara_Bharath_Reddy,en.wikipedia.org,encyclopedia,office-holder reference,1,mlas-ka-ap-tg
https://en.wikipedia.org/wiki/Narasinga_Madkami,en.wikipedia.org,encyclopedia,office-holder reference,1,mlas-br-jh-od
https://en.wikipedia.org/wiki/Narayan_Patel_(Madhya_Pradesh_politician),en.wikipedia.org,encyclopedia,office-holder reference,1,mlas-mp-cg-rj
https://en.wikipedia.org/wiki/Narayan_Patil,en.wikipedia.org,encyclopedia,office-holder reference,1,mlas-mh-gj-ga
https://en.wikipedia.org/wiki/Narayan_Prasad,en.wikipedia.org,encyclopedia,office-holder reference,1,mlas-br-jh-od
https://en.wikipedia.org/wiki/Narayan_Singh_Kushwah,en.wikipedia.org,encyclopedia,office-holder reference,1,mlas-mp-cg-rj
https://en.wikipedia.org/wiki/Narayan_Singh_Panwar,en.wikipedia.org,encyclopedia,office-holder reference,1,mlas-mp-cg-rj
https://en.wikipedia.org/wiki/Narayan_Singh_Patta,en.wikipedia.org,encyclopedia,office-holder reference,1,mlas-mp-cg-rj
https://en.wikipedia.org/wiki/Narayan_Tilakchand_Kuche,en.wikipedia.org,encyclopedia,office-holder reference,1,mlas-mh-gj-ga
https://en.wikipedia.org/wiki/Narayana_Bhandage,en.wikipedia.org,encyclopedia,office-holder reference,1,parliament-rajya-sabha
https://en.wikipedia.org/wiki/Narendra_Bhondekar,en.wikipedia.org,encyclopedia,office-holder reference,1,mlas-mh-gj-ga
https://en.wikipedia.org/wiki/Narendra_Budania,en.wikipedia.org,encyclopedia,office-holder reference,1,mlas-mp-cg-rj
https://en.wikipedia.org/wiki/Narendra_Mehta,en.wikipedia.org,encyclopedia,office-holder reference,1,mlas-mh-gj-ga
https://en.wikipedia.org/wiki/Narendra_Narayan_Yadav,en.wikipedia.org,encyclopedia,office-holder reference,1,mlas-br-jh-od
https://en.wikipedia.org/wiki/Narendra_Prajapati,en.wikipedia.org,encyclopedia,office-holder reference,1,mlas-mp-cg-rj
https://en.wikipedia.org/wiki/Narendra_Shivaji_Patel,en.wikipedia.org,encyclopedia,office-holder reference,1,mlas-mp-cg-rj
https://en.wikipedia.org/wiki/Narendra_Singh_Kushwah,en.wikipedia.org,encyclopedia,office-holder reference,1,mlas-mp-cg-rj
https://en.wikipedia.org/wiki/Naresh_Bansal,en.wikipedia.org,encyclopedia,office-holder reference,1,parliament-rajya-sabha
https://en.wikipedia.org/wiki/Naresh_Kataria,en.wikipedia.org,encyclopedia,office-holder reference,1,mlas-pb-hr-hp-dl
https://en.wikipedia.org/wiki/Naresh_Patel,en.wikipedia.org,encyclopedia,office-holder reference,1,mlas-mh-gj-ga
https://en.wikipedia.org/wiki/Naresh_Prasad_Singh,en.wikipedia.org,encyclopedia,office-holder reference,1,mlas-br-jh-od
https://en.wikipedia.org/wiki/Naresh_Roy,en.wikipedia.org,encyclopedia,office-holder reference,1,mlas-wb-as-sk
https://en.wikipedia.org/wiki/Naresh_Selwal,en.wikipedia.org,encyclopedia,office-holder reference,1,mlas-pb-hr-hp-dl
https://en.wikipedia.org/wiki/Narhari_Zirwal,en.wikipedia.org,encyclopedia,office-holder reference,1,mlas-mh-gj-ga
https://en.wikipedia.org/wiki/Narinder_Kaur_Bharaj,en.wikipedia.org,encyclopedia,office-holder reference,1,mlas-pb-hr-hp-dl
https://en.wikipedia.org/wiki/Narinder_Singh_Raina,en.wikipedia.org,encyclopedia,office-holder reference,1,mlas-jk-ar-mn-ml
https://en.wikipedia.org/wiki/Narinderpal_Singh_Sawna,en.wikipedia.org,encyclopedia,office-holder reference,1,mlas-pb-hr-hp-dl
https://en.wikipedia.org/wiki/Narsing_Bhatra,en.wikipedia.org,encyclopedia,office-holder reference,1,mlas-br-jh-od
https://en.wikipedia.org/wiki/Natham_R._Viswanathan,en.wikipedia.org,encyclopedia,office-holder reference,1,mlas-tn-kl-py
https://en.wikipedia.org/wiki/National_AIDS_Control_Organisation,en.wikipedia.org,encyclopedia,entity facts,1,ministries-f
https://en.wikipedia.org/wiki/National_Assessment_and_Accreditation_Council,en.wikipedia.org,encyclopedia,entity facts,1,ministries-f
https://en.wikipedia.org/wiki/National_Board_of_Examinations_in_Medical_Sciences,en.wikipedia.org,encyclopedia,entity facts,1,ministries-f
https://en.wikipedia.org/wiki/National_Centre_for_Disease_Control,en.wikipedia.org,encyclopedia,entity facts,1,ministries-f
https://en.wikipedia.org/wiki/National_Commission_for_Homoeopathy,en.wikipedia.org,encyclopedia,entity facts,1,ministries-f
https://en.wikipedia.org/wiki/National_Commission_for_Indian_System_of_Medicine,en.wikipedia.org,encyclopedia,entity facts,1,ministries-f
https://en.wikipedia.org/wiki/National_Commission_for_Minorities,en.wikipedia.org,encyclopedia,entity facts,1,regulators
https://en.wikipedia.org/wiki/National_Commission_for_Women,en.wikipedia.org,encyclopedia,office-holder,1,regulators
https://en.wikipedia.org/wiki/National_Council_for_Hotel_Management_and_Catering_Technology,en.wikipedia.org,encyclopedia,entity facts,1,ministries-g
https://en.wikipedia.org/wiki/National_Council_for_Teacher_Education,en.wikipedia.org,encyclopedia,entity facts,1,ministries-f
https://en.wikipedia.org/wiki/National_Council_for_Vocational_Education_and_Training,en.wikipedia.org,encyclopedia,entity facts,1,ministries-f
https://en.wikipedia.org/wiki/National_Defence_Academy_(India),en.wikipedia.org,encyclopedia,entity facts,1,ministries-b2
https://en.wikipedia.org/wiki/National_Defence_College_(India),en.wikipedia.org,encyclopedia,entity facts,1,ministries-b2
https://en.wikipedia.org/wiki/National_Fertilizers_Limited,en.wikipedia.org,encyclopedia,entity facts,1,ministries-e
https://en.wikipedia.org/wiki/National_Financial_Reporting_Authority,en.wikipedia.org,encyclopedia,office-holder,1,ministries-a
https://en.wikipedia.org/wiki/National_Institute_of_Ayurveda,en.wikipedia.org,encyclopedia,entity facts,1,ministries-f
https://en.wikipedia.org/wiki/National_Institute_of_Pharmaceutical_Education_and_Research,en.wikipedia.org,encyclopedia,entity facts,1,ministries-e
https://en.wikipedia.org/wiki/National_Institute_of_Public_Cooperation_and_Child_Development,en.wikipedia.org,encyclopedia,entity facts,1,ministries-f
https://en.wikipedia.org/wiki/National_Institute_of_Rural_Development_and_Panchayati_Raj,en.wikipedia.org,encyclopedia,entity facts,1,ministries-e
https://en.wikipedia.org/wiki/National_Institute_of_Solar_Energy,en.wikipedia.org,encyclopedia,entity facts,1,ministries-d
https://en.wikipedia.org/wiki/National_Institutes_of_Technology,en.wikipedia.org,encyclopedia,entity facts,1,ministries-f
https://en.wikipedia.org/wiki/National_Institutional_Ranking_Framework,en.wikipedia.org,encyclopedia,entity facts,1,ministries-f
https://en.wikipedia.org/wiki/National_Internet_Exchange_of_India,en.wikipedia.org,encyclopedia,entity facts,1,ministries-g
https://en.wikipedia.org/wiki/National_Medical_Commission,en.wikipedia.org,encyclopedia,entity facts,1,ministries-f
https://en.wikipedia.org/wiki/National_Minorities_Development_and_Finance_Corporation,en.wikipedia.org,encyclopedia,entity facts,1,ministries-f
https://en.wikipedia.org/wiki/National_Rural_Livelihood_Mission,en.wikipedia.org,encyclopedia,entity facts,1,ministries-e
https://en.wikipedia.org/wiki/National_Scheduled_Castes_Finance_and_Development_Corporation,en.wikipedia.org,encyclopedia,entity facts,1,ministries-f
https://en.wikipedia.org/wiki/National_Scheduled_Tribes_Finance_and_Development_Corporation,en.wikipedia.org,encyclopedia,entity facts,1,ministries-f
https://en.wikipedia.org/wiki/National_Skill_Development_Corporation,en.wikipedia.org,encyclopedia,entity facts,1,ministries-f
https://en.wikipedia.org/wiki/National_Small_Industries_Corporation,en.wikipedia.org,encyclopedia,office-holder,1,ministries-a
https://en.wikipedia.org/wiki/National_Testing_Agency,en.wikipedia.org,encyclopedia,entity facts,1,ministries-f
https://en.wikipedia.org/wiki/National_Tiger_Conservation_Authority,en.wikipedia.org,encyclopedia,entity facts,1,ministries-g
https://en.wikipedia.org/wiki/Nattakom_Suresh,en.wikipedia.org,encyclopedia,office-holder reference,1,mlas-tn-kl-py
https://en.wikipedia.org/wiki/Nauksham_Chaudhary,en.wikipedia.org,encyclopedia,office-holder reference,1,mlas-mp-cg-rj
https://en.wikipedia.org/wiki/Naushad_Siddiqui,en.wikipedia.org,encyclopedia,office-holder reference,1,mlas-wb-as-sk
https://en.wikipedia.org/wiki/Navalpattu_S._Viji,en.wikipedia.org,encyclopedia,office-holder reference,1,mlas-tn-kl-py
https://en.wikipedia.org/wiki/Naveen_Jain_(politician),en.wikipedia.org,encyclopedia,office-holder reference,1,parliament-rajya-sabha
https://en.wikipedia.org/wiki/Naveen_Yadav,en.wikipedia.org,encyclopedia,office-holder reference,1,mlas-ka-ap-tg
https://en.wikipedia.org/wiki/Navin_Jaiswal,en.wikipedia.org,encyclopedia,office-holder reference,1,mlas-br-jh-od
https://en.wikipedia.org/wiki/Nawal_Kishor_Yadav,en.wikipedia.org,encyclopedia,office-holder reference,1,mlas-br-jh-od
https://en.wikipedia.org/wiki/Nayan_Sarkar,en.wikipedia.org,encyclopedia,office-holder reference,1,mlas-mz-nl-tr
https://en.wikipedia.org/wiki/Nayana_Motamma,en.wikipedia.org,encyclopedia,office-holder reference,1,mlas-ka-ap-tg
https://en.wikipedia.org/wiki/Nayna_Bandyopadhyay,en.wikipedia.org,encyclopedia,office-holder reference,1,mlas-wb-as-sk
https://en.wikipedia.org/wiki/Nazir_Ahmed_Khan,en.wikipedia.org,encyclopedia,office-holder reference,1,mlas-jk-ar-mn-ml
https://en.wikipedia.org/wiki/Neelam_Gorhe,en.wikipedia.org,encyclopedia,office-holder reference,1,mlas-mh-gj-ga
https://en.wikipedia.org/wiki/Neelam_Pahalwan,en.wikipedia.org,encyclopedia,office-holder reference,1,mlas-pb-hr-hp-dl
https://en.wikipedia.org/wiki/Neelesh_Pusaram_Uikey,en.wikipedia.org,encyclopedia,office-holder reference,1,mlas-mp-cg-rj
https://en.wikipedia.org/wiki/Neelkanth_Tekam,en.wikipedia.org,encyclopedia,office-holder reference,1,mlas-mp-cg-rj
https://en.wikipedia.org/wiki/Neena_Mittal,en.wikipedia.org,encyclopedia,office-holder reference,1,mlas-pb-hr-hp-dl
https://en.wikipedia.org/wiki/Neena_Verma,en.wikipedia.org,encyclopedia,office-holder reference,1,mlas-mp-cg-rj
https://en.wikipedia.org/wiki/Neera_Yadav_(politician),en.wikipedia.org,encyclopedia,office-holder reference,1,mlas-br-jh-od
https://en.wikipedia.org/wiki/Neeraj_Basoya,en.wikipedia.org,encyclopedia,office-holder reference,1,mlas-pb-hr-hp-dl
https://en.wikipedia.org/wiki/Neeraj_Dangi,en.wikipedia.org,encyclopedia,office-holder reference,1,parliament-rajya-sabha
https://en.wikipedia.org/wiki/Neeraj_Kumar_Singh_Bablu,en.wikipedia.org,encyclopedia,office-holder reference,1,mlas-br-jh-od
https://en.wikipedia.org/wiki/Neeraj_Nayar,en.wikipedia.org,encyclopedia,office-holder reference,1,mlas-pb-hr-hp-dl
https://en.wikipedia.org/wiki/Neeraj_Shekhar,en.wikipedia.org,encyclopedia,office-holder reference,1,parliament-rajya-sabha
https://en.wikipedia.org/wiki/Neeraj_Singh_Lodhi,en.wikipedia.org,encyclopedia,office-holder reference,1,mlas-mp-cg-rj
https://en.wikipedia.org/wiki/Neisatuo_Mero,en.wikipedia.org,encyclopedia,office-holder reference,1,mlas-mz-nl-tr
https://en.wikipedia.org/wiki/Nelavala_Vijayasree,en.wikipedia.org,encyclopedia,office-holder reference,1,mlas-ka-ap-tg
https://en.wikipedia.org/wiki/Nellikanti_Satyam,en.wikipedia.org,encyclopedia,office-holder reference,1,mlas-ka-ap-tg
https://en.wikipedia.org/wiki/Nemcha_Kipgen,en.wikipedia.org,encyclopedia,office-holder reference,1,mlas-jk-ar-mn-ml
https://en.wikipedia.org/wiki/NewSpace_India_Limited,en.wikipedia.org,encyclopedia,entity facts,1,ministries-d
https://en.wikipedia.org/wiki/Ngursanglur_Sanate,en.wikipedia.org,encyclopedia,office-holder reference,1,mlas-jk-ar-mn-ml
https://en.wikipedia.org/wiki/Niamot_Sheikh,en.wikipedia.org,encyclopedia,office-holder reference,1,mlas-wb-as-sk
https://en.wikipedia.org/wiki/Nihar_Ranjan_Mahanand,en.wikipedia.org,encyclopedia,office-holder reference,1,mlas-br-jh-od
https://en.wikipedia.org/wiki/Nikh_Kamin,en.wikipedia.org,encyclopedia,office-holder reference,1,mlas-jk-ar-mn-ml
https://en.wikipedia.org/wiki/Nikhil_Madan,en.wikipedia.org,encyclopedia,office-holder reference,1,mlas-pb-hr-hp-dl
https://en.wikipedia.org/wiki/Nikhil_Umesh_Katti,en.wikipedia.org,encyclopedia,office-holder reference,1,mlas-ka-ap-tg
https://en.wikipedia.org/wiki/Niladri_Sekhar_Dana,en.wikipedia.org,encyclopedia,office-holder reference,1,mlas-wb-as-sk
https://en.wikipedia.org/wiki/Nilamadhab_Hikaka,en.wikipedia.org,encyclopedia,office-holder reference,1,mlas-br-jh-od
https://en.wikipedia.org/wiki/Nilamani_Bisoyi,en.wikipedia.org,encyclopedia,office-holder reference,1,mlas-br-jh-od
https://en.wikipedia.org/wiki/Nilesh_Cabral,en.wikipedia.org,encyclopedia,office-holder reference,1,mlas-mh-gj-ga
https://en.wikipedia.org/wiki/Nilesh_Narayan_Rane,en.wikipedia.org,encyclopedia,office-holder reference,1,mlas-mh-gj-ga
https://en.wikipedia.org/wiki/Nilima_Devi,en.wikipedia.org,encyclopedia,office-holder reference,1,mlas-wb-as-sk
https://en.wikipedia.org/wiki/Nilima_Mistry,en.wikipedia.org,encyclopedia,office-holder reference,1,mlas-wb-as-sk
https://en.wikipedia.org/wiki/Nilkanth_Halarnkar,en.wikipedia.org,encyclopedia,office-holder reference,1,mlas-mh-gj-ga
https://en.wikipedia.org/wiki/Nimisha_Suthar,en.wikipedia.org,encyclopedia,office-holder reference,1,mlas-mh-gj-ga
https://en.wikipedia.org/wiki/Nimmaka_Jaya_Krishna,en.wikipedia.org,encyclopedia,office-holder reference,1,mlas-ka-ap-tg
https://en.wikipedia.org/wiki/Nimmakayala_Chinarajappa,en.wikipedia.org,encyclopedia,office-holder reference,1,mlas-ka-ap-tg
https://en.wikipedia.org/wiki/Nimmala_Rama_Naidu,en.wikipedia.org,encyclopedia,office-holder reference,1,mlas-ka-ap-tg
https://en.wikipedia.org/wiki/Ninong_Ering,en.wikipedia.org,encyclopedia,office-holder reference,1,mlas-jk-ar-mn-ml
https://en.wikipedia.org/wiki/Niral_Purty,en.wikipedia.org,encyclopedia,office-holder reference,1,mlas-br-jh-od
https://en.wikipedia.org/wiki/Niranjan_Davkhare,en.wikipedia.org,encyclopedia,office-holder reference,1,mlas-mh-gj-ga
https://en.wikipedia.org/wiki/Niranjan_Kumar_Mehta,en.wikipedia.org,encyclopedia,office-holder reference,1,mlas-br-jh-od
https://en.wikipedia.org/wiki/Niranjan_Pujari,en.wikipedia.org,encyclopedia,office-holder reference,1,mlas-br-jh-od
https://en.wikipedia.org/wiki/Nirmal_Biswas,en.wikipedia.org,encyclopedia,office-holder reference,1,mlas-mz-nl-tr
https://en.wikipedia.org/wiki/Nirmal_Khanra,en.wikipedia.org,encyclopedia,office-holder reference,1,mlas-wb-as-sk
https://en.wikipedia.org/wiki/Nirmal_Kumar_Dhara,en.wikipedia.org,encyclopedia,office-holder reference,1,mlas-wb-as-sk
https://en.wikipedia.org/wiki/Nirmal_Mahto_(Jharkhand_politician),en.wikipedia.org,encyclopedia,office-holder reference,1,mlas-br-jh-od
https://en.wikipedia.org/wiki/Nirmal_Singh_(Haryana_politician),en.wikipedia.org,encyclopedia,office-holder reference,1,mlas-pb-hr-hp-dl
https://en.wikipedia.org/wiki/Nirmala_Bhuria,en.wikipedia.org,encyclopedia,office-holder reference,1,mlas-mp-cg-rj
https://en.wikipedia.org/wiki/Nirmla_Sapre,en.wikipedia.org,encyclopedia,office-holder reference,1,mlas-mp-cg-rj
https://en.wikipedia.org/wiki/Nisat_Alam,en.wikipedia.org,encyclopedia,office-holder reference,1,mlas-br-jh-od
https://en.wikipedia.org/wiki/Nisha_Singh,en.wikipedia.org,encyclopedia,office-holder reference,1,mlas-br-jh-od
https://en.wikipedia.org/wiki/Nishant_Kumar_(politician),en.wikipedia.org,encyclopedia,office-holder reference,1,mlas-br-jh-od
https://en.wikipedia.org/wiki/Nisith_Kumar_Malik,en.wikipedia.org,encyclopedia,office-holder reference,1,mlas-wb-as-sk
https://en.wikipedia.org/wiki/Nisith_Pramanik,en.wikipedia.org,encyclopedia,office-holder reference,1,mlas-wb-as-sk
https://en.wikipedia.org/wiki/Niso_Terangpi,en.wikipedia.org,encyclopedia,office-holder reference,1,mlas-wb-as-sk
https://en.wikipedia.org/wiki/Nitendra_Singh_Rathore,en.wikipedia.org,encyclopedia,office-holder reference,1,mlas-mp-cg-rj
https://en.wikipedia.org/wiki/Nitesh_Kumar_Singh,en.wikipedia.org,encyclopedia,office-holder reference,1,mlas-br-jh-od
https://en.wikipedia.org/wiki/Nitesh_Narayan_Rane,en.wikipedia.org,encyclopedia,office-holder reference,1,mlas-mh-gj-ga
https://en.wikipedia.org/wiki/Nitin_Arjun_Pawar,en.wikipedia.org,encyclopedia,office-holder reference,1,mlas-mh-gj-ga
https://en.wikipedia.org/wiki/Nitin_Nabin,en.wikipedia.org,encyclopedia,office-holder reference,1,parliament-rajya-sabha
https://en.wikipedia.org/wiki/Nitin_Patil,en.wikipedia.org,encyclopedia,office-holder reference,1,parliament-rajya-sabha
https://en.wikipedia.org/wiki/Nitin_Raut,en.wikipedia.org,encyclopedia,office-holder reference,1,mlas-mh-gj-ga
https://en.wikipedia.org/wiki/Nitin_Tale,en.wikipedia.org,encyclopedia,office-holder reference,1,mlas-mh-gj-ga
https://en.wikipedia.org/wiki/Nitish_Kumar,en.wikipedia.org,encyclopedia,office-holder reference,1,parliament-rajya-sabha
https://en.wikipedia.org/wiki/Nitish_Mishra,en.wikipedia.org,encyclopedia,office-holder reference,1,mlas-br-jh-od
https://en.wikipedia.org/wiki/Nityananda_Gond,en.wikipedia.org,encyclopedia,office-holder reference,1,mlas-br-jh-od
https://en.wikipedia.org/wiki/Nivedha_M._Murugan,en.wikipedia.org,encyclopedia,office-holder reference,1,mlas-tn-kl-py
https://en.wikipedia.org/wiki/Nivedita_Singh,en.wikipedia.org,encyclopedia,office-holder reference,1,mlas-br-jh-od
https://en.wikipedia.org/wiki/Nizam_Uddin_Bhat,en.wikipedia.org,encyclopedia,office-holder reference,1,mlas-jk-ar-mn-ml
https://en.wikipedia.org/wiki/Noman_Rai,en.wikipedia.org,encyclopedia,office-holder reference,1,mlas-wb-as-sk
https://en.wikipedia.org/wiki/North_Eastern_Council,en.wikipedia.org,encyclopedia,entity facts,1,core-apex
https://en.wikipedia.org/wiki/Nujorki_Sungoh,en.wikipedia.org,encyclopedia,office-holder reference,1,mlas-jk-ar-mn-ml
https://en.wikipedia.org/wiki/Nuklutoshi,en.wikipedia.org,encyclopedia,office-holder reference,1,mlas-mz-nl-tr
https://en.wikipedia.org/wiki/Numaligarh_Refinery,en.wikipedia.org,encyclopedia,entity facts,1,ministries-d
https://en.wikipedia.org/wiki/Nurul_Huda_(Assamese_politician),en.wikipedia.org,encyclopedia,office-holder reference,1,mlas-wb-as-sk
https://en.wikipedia.org/wiki/Nyabi_Jini_Dirchi,en.wikipedia.org,encyclopedia,office-holder reference,1,mlas-jk-ar-mn-ml
https://en.wikipedia.org/wiki/Nyato_Dukam,en.wikipedia.org,encyclopedia,office-holder reference,1,mlas-jk-ar-mn-ml
https://en.wikipedia.org/wiki/O._J._Janeesh,en.wikipedia.org,encyclopedia,office-holder reference,1,mlas-tn-kl-py
https://en.wikipedia.org/wiki/O._P._Choudhary,en.wikipedia.org,encyclopedia,office-holder reference,1,mlas-mp-cg-rj
https://en.wikipedia.org/wiki/O._Panneerselvam,en.wikipedia.org,encyclopedia,office-holder reference,1,mlas-tn-kl-py
https://en.wikipedia.org/wiki/O._S._Ambika,en.wikipedia.org,encyclopedia,office-holder reference,1,mlas-tn-kl-py
https://en.wikipedia.org/wiki/O._S._Manian,en.wikipedia.org,encyclopedia,office-holder reference,1,mlas-tn-kl-py
https://en.wikipedia.org/wiki/Odisha,en.wikipedia.org,encyclopedia,entity facts,1,states-br-jh-od
https://en.wikipedia.org/wiki/Odisha_Police,en.wikipedia.org,encyclopedia,office-holder,1,states-br-jh-od
https://en.wikipedia.org/wiki/Ojing_Tasing,en.wikipedia.org,encyclopedia,office-holder reference,1,mlas-jk-ar-mn-ml
https://en.wikipedia.org/wiki/Oken_Tayeng,en.wikipedia.org,encyclopedia,office-holder reference,1,mlas-jk-ar-mn-ml
https://en.wikipedia.org/wiki/Okram_Ibobi_Singh,en.wikipedia.org,encyclopedia,office-holder reference,1,mlas-jk-ar-mn-ml
https://en.wikipedia.org/wiki/Olish_Shilshi,en.wikipedia.org,encyclopedia,office-holder reference,1,mlas-jk-ar-mn-ml
https://en.wikipedia.org/wiki/Ollan_Singh_Suin,en.wikipedia.org,encyclopedia,office-holder reference,1,mlas-jk-ar-mn-ml
https://en.wikipedia.org/wiki/Om_Parkash_Yadav,en.wikipedia.org,encyclopedia,office-holder reference,1,mlas-pb-hr-hp-dl
https://en.wikipedia.org/wiki/Om_Prakash_Dhurve,en.wikipedia.org,encyclopedia,office-holder reference,1,mlas-mp-cg-rj
https://en.wikipedia.org/wiki/Om_Prakash_Mishra_(politician),en.wikipedia.org,encyclopedia,office-holder reference,1,mlas-br-jh-od
https://en.wikipedia.org/wiki/Om_Prakash_Sakhlecha,en.wikipedia.org,encyclopedia,office-holder reference,1,mlas-mp-cg-rj
https://en.wikipedia.org/wiki/Om_Prakash_Sharma_(Delhi_politician),en.wikipedia.org,encyclopedia,office-holder reference,1,mlas-pb-hr-hp-dl
https://en.wikipedia.org/wiki/Omkar_Markam,en.wikipedia.org,encyclopedia,office-holder reference,1,mlas-mp-cg-rj
https://en.wikipedia.org/wiki/Oni_Panyang,en.wikipedia.org,encyclopedia,office-holder reference,1,mlas-jk-ar-mn-ml
https://en.wikipedia.org/wiki/Onkar_Sahu,en.wikipedia.org,encyclopedia,office-holder reference,1,mlas-mp-cg-rj
https://en.wikipedia.org/wiki/Osama_Shahab,en.wikipedia.org,encyclopedia,office-holder reference,1,mlas-br-jh-od
https://en.wikipedia.org/wiki/Otaram_Dewasi,en.wikipedia.org,encyclopedia,office-holder reference,1,mlas-mp-cg-rj
https://en.wikipedia.org/wiki/P._A._Mohammed_Riyas,en.wikipedia.org,encyclopedia,office-holder reference,1,mlas-tn-kl-py
https://en.wikipedia.org/wiki/P._Balakrishna_Reddy,en.wikipedia.org,encyclopedia,office-holder reference,1,mlas-tn-kl-py
https://en.wikipedia.org/wiki/P._Bashangmongba_Chang,en.wikipedia.org,encyclopedia,office-holder reference,1,mlas-mz-nl-tr
https://en.wikipedia.org/wiki/P._C._Baranda,en.wikipedia.org,encyclopedia,office-holder reference,1,mlas-mh-gj-ga
https://en.wikipedia.org/wiki/P._C._Vanlalruata,en.wikipedia.org,encyclopedia,office-holder reference,1,mlas-mz-nl-tr
https://en.wikipedia.org/wiki/P._C._Vishnunadh,en.wikipedia.org,encyclopedia,office-holder reference,1,mlas-tn-kl-py
https://en.wikipedia.org/wiki/P._Chandrasekar,en.wikipedia.org,encyclopedia,office-holder reference,1,mlas-tn-kl-py
https://en.wikipedia.org/wiki/P._Chidambaram,en.wikipedia.org,encyclopedia,office-holder reference,1,parliament-rajya-sabha
https://en.wikipedia.org/wiki/P._G._V._R._Naidu,en.wikipedia.org,encyclopedia,office-holder reference,1,mlas-ka-ap-tg
https://en.wikipedia.org/wiki/P._H._Manoj_Pandian,en.wikipedia.org,encyclopedia,office-holder reference,1,mlas-tn-kl-py
https://en.wikipedia.org/wiki/P._Haribaskar,en.wikipedia.org,encyclopedia,office-holder reference,1,mlas-tn-kl-py
https://en.wikipedia.org/wiki/P._K._Basheer,en.wikipedia.org,encyclopedia,office-holder reference,1,mlas-tn-kl-py
https://en.wikipedia.org/wiki/P._K._Firos,en.wikipedia.org,encyclopedia,office-holder reference,1,mlas-tn-kl-py
https://en.wikipedia.org/wiki/P._K._Kunhalikutty,en.wikipedia.org,encyclopedia,office-holder reference,1,mlas-tn-kl-py
https://en.wikipedia.org/wiki/P._K._Navas,en.wikipedia.org,encyclopedia,office-holder reference,1,mlas-tn-kl-py
https://en.wikipedia.org/wiki/P._K._Parmar,en.wikipedia.org,encyclopedia,office-holder reference,1,mlas-mh-gj-ga
https://en.wikipedia.org/wiki/P._K._Praveen,en.wikipedia.org,encyclopedia,office-holder reference,1,mlas-tn-kl-py
https://en.wikipedia.org/wiki/P._K._Sekar_Babu,en.wikipedia.org,encyclopedia,office-holder reference,1,mlas-tn-kl-py
https://en.wikipedia.org/wiki/P._Karthikeyan_(Puducherry_politician),en.wikipedia.org,encyclopedia,office-holder reference,1,mlas-tn-kl-py
https://en.wikipedia.org/wiki/P._L._A._Jeganathmishra,en.wikipedia.org,encyclopedia,office-holder reference,1,mlas-tn-kl-py
https://en.wikipedia.org/wiki/P._M._A._Sameer,en.wikipedia.org,encyclopedia,office-holder reference,1,mlas-tn-kl-py
https://en.wikipedia.org/wiki/P._M._Narendraswamy,en.wikipedia.org,encyclopedia,office-holder reference,1,mlas-ka-ap-tg
https://en.wikipedia.org/wiki/P._Mahender_Reddy,en.wikipedia.org,encyclopedia,office-holder reference,1,mlas-ka-ap-tg
https://en.wikipedia.org/wiki/P._Mammikutty,en.wikipedia.org,encyclopedia,office-holder reference,1,mlas-tn-kl-py
https://en.wikipedia.org/wiki/P._Mathanraja,en.wikipedia.org,encyclopedia,office-holder reference,1,mlas-tn-kl-py
https://en.wikipedia.org/wiki/P._Mukundhan,en.wikipedia.org,encyclopedia,office-holder reference,1,mlas-tn-kl-py
https://en.wikipedia.org/wiki/P._P._Sumod,en.wikipedia.org,encyclopedia,office-holder reference,1,mlas-tn-kl-py
https://en.wikipedia.org/wiki/P._P._Suneer,en.wikipedia.org,encyclopedia,office-holder reference,1,parliament-rajya-sabha
https://en.wikipedia.org/wiki/P._Paiwang_Konyak,en.wikipedia.org,encyclopedia,office-holder reference,1,mlas-mz-nl-tr
https://en.wikipedia.org/wiki/P._Prasad,en.wikipedia.org,encyclopedia,office-holder reference,1,mlas-tn-kl-py
https://en.wikipedia.org/wiki/P._R._N._Thirumurugan,en.wikipedia.org,encyclopedia,office-holder reference,1,mlas-tn-kl-py
https://en.wikipedia.org/wiki/P._Rajavelu,en.wikipedia.org,encyclopedia,office-holder reference,1,mlas-tn-kl-py
https://en.wikipedia.org/wiki/P._Rhevanth_Charan,en.wikipedia.org,encyclopedia,office-holder reference,1,mlas-tn-kl-py
https://en.wikipedia.org/wiki/P._S._Narasimha,en.wikipedia.org,encyclopedia,office-holder reference,1,judiciary-supreme-court
https://en.wikipedia.org/wiki/P._S._Srinivasan_(DMK_politician),en.wikipedia.org,encyclopedia,office-holder reference,1,mlas-tn-kl-py
https://en.wikipedia.org/wiki/P._Santhosh_Kumar,en.wikipedia.org,encyclopedia,office-holder reference,1,parliament-rajya-sabha
https://en.wikipedia.org/wiki/P._Saravanan_(politician),en.wikipedia.org,encyclopedia,office-holder reference,1,mlas-tn-kl-py
https://en.wikipedia.org/wiki/P._Selvam,en.wikipedia.org,encyclopedia,office-holder reference,1,mlas-tn-kl-py
https://en.wikipedia.org/wiki/P._Sripal_Reddy,en.wikipedia.org,encyclopedia,office-holder reference,1,mlas-ka-ap-tg
https://en.wikipedia.org/wiki/P._T._Usha,en.wikipedia.org,encyclopedia,office-holder reference,1,parliament-rajya-sabha
https://en.wikipedia.org/wiki/P._Usharani,en.wikipedia.org,encyclopedia,office-holder reference,1,mlas-tn-kl-py
https://en.wikipedia.org/wiki/P._V._Abdul_Wahab,en.wikipedia.org,encyclopedia,office-holder reference,1,parliament-rajya-sabha
https://en.wikipedia.org/wiki/P._V._Parthasarathi,en.wikipedia.org,encyclopedia,office-holder reference,1,mlas-ka-ap-tg
https://en.wikipedia.org/wiki/P._V._V._Suryanarayana_Raju,en.wikipedia.org,encyclopedia,office-holder reference,1,mlas-ka-ap-tg
https://en.wikipedia.org/wiki/P._Venkata_Satyanarayana,en.wikipedia.org,encyclopedia,office-holder reference,1,parliament-rajya-sabha
https://en.wikipedia.org/wiki/P._Venkataramanan,en.wikipedia.org,encyclopedia,office-holder reference,1,mlas-tn-kl-py
https://en.wikipedia.org/wiki/P._Viswanathan,en.wikipedia.org,encyclopedia,office-holder reference,1,mlas-tn-kl-py
https://en.wikipedia.org/wiki/P._Wilson,en.wikipedia.org,encyclopedia,office-holder reference,1,parliament-rajya-sabha
https://en.wikipedia.org/wiki/Pabba_Ram_Bishnoi,en.wikipedia.org,encyclopedia,office-holder reference,1,mlas-mp-cg-rj
https://en.wikipedia.org/wiki/Pabitra_Rabha_(politician),en.wikipedia.org,encyclopedia,office-holder reference,1,mlas-wb-as-sk
https://en.wikipedia.org/wiki/Pabitra_Saunta,en.wikipedia.org,encyclopedia,office-holder reference,1,mlas-br-jh-od
https://en.wikipedia.org/wiki/Pabubha_Manek,en.wikipedia.org,encyclopedia,office-holder reference,1,mlas-mh-gj-ga
https://en.wikipedia.org/wiki/Padma_Charan_Haiburu,en.wikipedia.org,encyclopedia,office-holder reference,1,mlas-br-jh-od
https://en.wikipedia.org/wiki/Padma_Hazarika,en.wikipedia.org,encyclopedia,office-holder reference,1,mlas-wb-as-sk
https://en.wikipedia.org/wiki/Padma_Lochan_Panda,en.wikipedia.org,encyclopedia,office-holder reference,1,mlas-br-jh-od
https://en.wikipedia.org/wiki/Paidi_Rakesh_Reddy,en.wikipedia.org,encyclopedia,office-holder reference,1,mlas-ka-ap-tg
https://en.wikipedia.org/wiki/Palla_Rajeshwar_Reddy,en.wikipedia.org,encyclopedia,office-holder reference,1,mlas-ka-ap-tg
https://en.wikipedia.org/wiki/Palla_Srinivasa_Rao,en.wikipedia.org,encyclopedia,office-holder reference,1,mlas-ka-ap-tg
https://en.wikipedia.org/wiki/Pallab_Lochan_Das,en.wikipedia.org,encyclopedia,office-holder reference,1,mlas-wb-as-sk
https://en.wikipedia.org/wiki/Palle_Sindhura_Reddy,en.wikipedia.org,encyclopedia,office-holder reference,1,mlas-ka-ap-tg
https://en.wikipedia.org/wiki/Palvai_Harish_Babu,en.wikipedia.org,encyclopedia,office-holder reference,1,mlas-ka-ap-tg
https://en.wikipedia.org/wiki/Pamin_Lepcha,en.wikipedia.org,encyclopedia,office-holder reference,1,mlas-wb-as-sk
https://en.wikipedia.org/wiki/Panchakarla_Ramesh_Babu,en.wikipedia.org,encyclopedia,office-holder reference,1,mlas-ka-ap-tg
https://en.wikipedia.org/wiki/Panchumarthi_Anuradha,en.wikipedia.org,encyclopedia,office-holder reference,1,mlas-ka-ap-tg
https://en.wikipedia.org/wiki/Pani_Taram,en.wikipedia.org,encyclopedia,office-holder reference,1,mlas-jk-ar-mn-ml
https://en.wikipedia.org/wiki/Paniram_Brahma,en.wikipedia.org,encyclopedia,office-holder reference,1,mlas-wb-as-sk
https://en.wikipedia.org/wiki/Pankaj_Bhujbal,en.wikipedia.org,encyclopedia,office-holder reference,1,mlas-mh-gj-ga
https://en.wikipedia.org/wiki/Pankaj_Kumar_Mishra,en.wikipedia.org,encyclopedia,office-holder reference,1,mlas-br-jh-od
https://en.wikipedia.org/wiki/Pankaj_Rajesh_Bhoyar,en.wikipedia.org,encyclopedia,office-holder reference,1,mlas-mh-gj-ga
https://en.wikipedia.org/wiki/Pankaj_Upadhyay,en.wikipedia.org,encyclopedia,office-holder reference,1,mlas-mp-cg-rj
https://en.wikipedia.org/wiki/Pankaja_Munde,en.wikipedia.org,encyclopedia,office-holder reference,1,mlas-mh-gj-ga
https://en.wikipedia.org/wiki/Pankajbhai_Desai,en.wikipedia.org,encyclopedia,office-holder reference,1,mlas-mh-gj-ga
https://en.wikipedia.org/wiki/Panna_Lal_Shakya,en.wikipedia.org,encyclopedia,office-holder reference,1,mlas-mp-cg-rj
https://en.wikipedia.org/wiki/Panna_Lal_Singh_Patel,en.wikipedia.org,encyclopedia,office-holder reference,1,mlas-br-jh-od
https://en.wikipedia.org/wiki/Pannalal_Halder,en.wikipedia.org,encyclopedia,office-holder reference,1,mlas-wb-as-sk
https://en.wikipedia.org/wiki/Pantham_Venkateswara_Rao,en.wikipedia.org,encyclopedia,office-holder reference,1,mlas-ka-ap-tg
https://en.wikipedia.org/wiki/Paolienlal_Haokip,en.wikipedia.org,encyclopedia,office-holder reference,1,mlas-jk-ar-mn-ml
https://en.wikipedia.org/wiki/Paonam_Brojen,en.wikipedia.org,encyclopedia,office-holder reference,1,mlas-jk-ar-mn-ml
https://en.wikipedia.org/wiki/Papiya_Adhikari,en.wikipedia.org,encyclopedia,office-holder reference,1,mlas-wb-as-sk
https://en.wikipedia.org/wiki/Pappu_Kumar_Verma,en.wikipedia.org,encyclopedia,office-holder reference,1,mlas-br-jh-od
https://en.wikipedia.org/wiki/Parag_Alavani,en.wikipedia.org,encyclopedia,office-holder reference,1,mlas-mh-gj-ga
https://en.wikipedia.org/wiki/Parag_Shah,en.wikipedia.org,encyclopedia,office-holder reference,1,mlas-mh-gj-ga
https://en.wikipedia.org/wiki/Parakkal_Abdulla,en.wikipedia.org,encyclopedia,office-holder reference,1,mlas-tn-kl-py
https://en.wikipedia.org/wiki/Paramananda_Rajbongshi,en.wikipedia.org,encyclopedia,office-holder reference,1,mlas-wb-as-sk
https://en.wikipedia.org/wiki/Paramvir_Singh_(politician),en.wikipedia.org,encyclopedia,office-holder reference,1,mlas-pb-hr-hp-dl
https://en.wikipedia.org/wiki/Paresh_Ram_Das,en.wikipedia.org,encyclopedia,office-holder reference,1,mlas-wb-as-sk
https://en.wikipedia.org/wiki/Pargat_Singh,en.wikipedia.org,encyclopedia,office-holder reference,1,mlas-pb-hr-hp-dl
https://en.wikipedia.org/wiki/Parimal_Nathwani,en.wikipedia.org,encyclopedia,office-holder reference,1,parliament-rajya-sabha
https://en.wikipedia.org/wiki/Parinay_Phuke,en.wikipedia.org,encyclopedia,office-holder reference,1,mlas-mh-gj-ga
https://en.wikipedia.org/wiki/Paritala_Sunitha,en.wikipedia.org,encyclopedia,office-holder reference,1,mlas-ka-ap-tg
https://en.wikipedia.org/wiki/Paritosh_Das,en.wikipedia.org,encyclopedia,office-holder reference,1,mlas-wb-as-sk
https://en.wikipedia.org/wiki/Parliament_of_India,en.wikipedia.org,encyclopedia,entity facts,1,parliament-lok-sabha
https://en.wikipedia.org/wiki/Parmod_Kumar_Vij,en.wikipedia.org,encyclopedia,office-holder reference,1,mlas-pb-hr-hp-dl
https://en.wikipedia.org/wiki/Parshottambhai_Solanki,en.wikipedia.org,encyclopedia,office-holder reference,1,mlas-mh-gj-ga
https://en.wikipedia.org/wiki/Parth_Pawar,en.wikipedia.org,encyclopedia,office-holder reference,1,parliament-rajya-sabha
https://en.wikipedia.org/wiki/Partha_Ghosh_(politician),en.wikipedia.org,encyclopedia,office-holder reference,1,mlas-wb-as-sk
https://en.wikipedia.org/wiki/Parthasarathi_Chatterjee,en.wikipedia.org,encyclopedia,office-holder reference,1,mlas-wb-as-sk
https://en.wikipedia.org/wiki/Pasam_Sunil_Kumar,en.wikipedia.org,encyclopedia,office-holder reference,1,mlas-ka-ap-tg
https://en.wikipedia.org/wiki/Pasang_Dorjee_Sona,en.wikipedia.org,encyclopedia,office-holder reference,1,mlas-jk-ar-mn-ml
https://en.wikipedia.org/wiki/Pathan_Lal_Jamatia,en.wikipedia.org,encyclopedia,office-holder reference,1,mlas-mz-nl-tr
https://en.wikipedia.org/wiki/Patna_Municipal_Corporation,en.wikipedia.org,encyclopedia,entity facts,1,states-br-jh-od
https://en.wikipedia.org/wiki/Paul_Dangshu,en.wikipedia.org,encyclopedia,office-holder reference,1,mlas-mz-nl-tr
https://en.wikipedia.org/wiki/Paul_Lyngdoh,en.wikipedia.org,encyclopedia,office-holder reference,1,mlas-jk-ar-mn-ml
https://en.wikipedia.org/wiki/Pawan_Kharkhoda,en.wikipedia.org,encyclopedia,office-holder reference,1,mlas-pb-hr-hp-dl
https://en.wikipedia.org/wiki/Pawan_Khera,en.wikipedia.org,encyclopedia,office-holder reference,1,parliament-rajya-sabha
https://en.wikipedia.org/wiki/Pawan_Kumar_Gupta,en.wikipedia.org,encyclopedia,office-holder reference,1,mlas-jk-ar-mn-ml
https://en.wikipedia.org/wiki/Pawan_Kumar_Kajal,en.wikipedia.org,encyclopedia,office-holder reference,1,mlas-pb-hr-hp-dl
https://en.wikipedia.org/wiki/Pawan_Sharma,en.wikipedia.org,encyclopedia,office-holder reference,1,mlas-pb-hr-hp-dl
https://en.wikipedia.org/wiki/Pawan_Singh,en.wikipedia.org,encyclopedia,office-holder reference,1,mlas-br-jh-od
https://en.wikipedia.org/wiki/Pawan_Singh_(politician),en.wikipedia.org,encyclopedia,office-holder reference,1,mlas-wb-as-sk
https://en.wikipedia.org/wiki/Payal_Kukrani,en.wikipedia.org,encyclopedia,office-holder reference,1,mlas-mh-gj-ga
https://en.wikipedia.org/wiki/Payal_Shankar,en.wikipedia.org,encyclopedia,office-holder reference,1,mlas-ka-ap-tg
https://en.wikipedia.org/wiki/Payare_Lal_Sharma,en.wikipedia.org,encyclopedia,office-holder reference,1,mlas-jk-ar-mn-ml
https://en.wikipedia.org/wiki/Payyavula_Keshav,en.wikipedia.org,encyclopedia,office-holder reference,1,mlas-ka-ap-tg
https://en.wikipedia.org/wiki/Pazhakulam_Madhu,en.wikipedia.org,encyclopedia,office-holder reference,1,mlas-tn-kl-py
https://en.wikipedia.org/wiki/Peddireddy_Dwarakanatha_Reddy,en.wikipedia.org,encyclopedia,office-holder reference,1,mlas-ka-ap-tg
https://en.wikipedia.org/wiki/Peddireddy_Ramachandra_Reddy,en.wikipedia.org,encyclopedia,office-holder reference,1,mlas-ka-ap-tg
https://en.wikipedia.org/wiki/Peerzada_Feroze_Ahamad,en.wikipedia.org,encyclopedia,office-holder reference,1,mlas-jk-ar-mn-ml
https://en.wikipedia.org/wiki/Peerzada_Mohammad_Syed,en.wikipedia.org,encyclopedia,office-holder reference,1,mlas-jk-ar-mn-ml
https://en.wikipedia.org/wiki/Penmetsa_Vishnu_Kumar_Raju,en.wikipedia.org,encyclopedia,office-holder reference,1,mlas-ka-ap-tg
https://en.wikipedia.org/wiki/Perabathula_Rajasekharam,en.wikipedia.org,encyclopedia,office-holder reference,1,mlas-ka-ap-tg
https://en.wikipedia.org/wiki/Personnel_Secretary,en.wikipedia.org,encyclopedia,office-holder,1,ministries-b3
https://en.wikipedia.org/wiki/Pesi_Jilen,en.wikipedia.org,encyclopedia,office-holder reference,1,mlas-jk-ar-mn-ml
https://en.wikipedia.org/wiki/Petroleum_Conservation_Research_Association,en.wikipedia.org,encyclopedia,entity facts,1,ministries-d
https://en.wikipedia.org/wiki/Phangnon_Konyak,en.wikipedia.org,encyclopedia,office-holder reference,1,parliament-rajya-sabha
https://en.wikipedia.org/wiki/Philip_Kumar_Reang,en.wikipedia.org,encyclopedia,office-holder reference,1,mlas-mz-nl-tr
https://en.wikipedia.org/wiki/Phool_Singh_Baraiya,en.wikipedia.org,encyclopedia,office-holder reference,1,mlas-mp-cg-rj
https://en.wikipedia.org/wiki/Phool_Singh_Meena,en.wikipedia.org,encyclopedia,office-holder reference,1,mlas-mp-cg-rj
https://en.wikipedia.org/wiki/Phool_Singh_Rathiya,en.wikipedia.org,encyclopedia,office-holder reference,1,mlas-mp-cg-rj
https://en.wikipedia.org/wiki/Phulo_Devi_Netam,en.wikipedia.org,encyclopedia,office-holder reference,1,parliament-rajya-sabha
https://en.wikipedia.org/wiki/Phundelal_Singh_Marko,en.wikipedia.org,encyclopedia,office-holder reference,1,mlas-mp-cg-rj
https://en.wikipedia.org/wiki/Phurpa_Tsering,en.wikipedia.org,encyclopedia,office-holder reference,1,mlas-jk-ar-mn-ml
https://en.wikipedia.org/wiki/Picto_Shohe,en.wikipedia.org,encyclopedia,office-holder reference,1,mlas-mz-nl-tr
https://en.wikipedia.org/wiki/Pijush_Hazarika,en.wikipedia.org,encyclopedia,office-holder reference,1,mlas-wb-as-sk
https://en.wikipedia.org/wiki/Pijush_Kanti_Das,en.wikipedia.org,encyclopedia,office-holder reference,1,mlas-wb-as-sk
https://en.wikipedia.org/wiki/Pinaki_Das_Chowdhury,en.wikipedia.org,encyclopedia,office-holder reference,1,mlas-mz-nl-tr
https://en.wikipedia.org/wiki/Pintso_Namgyal_Lepcha,en.wikipedia.org,encyclopedia,office-holder reference,1,mlas-wb-as-sk
https://en.wikipedia.org/wiki/Pirzada_Farooq_Ahmed_Shah,en.wikipedia.org,encyclopedia,office-holder reference,1,mlas-jk-ar-mn-ml
https://en.wikipedia.org/wiki/Pitram_Singh_Kala,en.wikipedia.org,encyclopedia,office-holder reference,1,mlas-mp-cg-rj
https://en.wikipedia.org/wiki/Pius_Marwein,en.wikipedia.org,encyclopedia,office-holder reference,1,mlas-jk-ar-mn-ml
https://en.wikipedia.org/wiki/Piyush_Kanodia,en.wikipedia.org,encyclopedia,office-holder reference,1,mlas-wb-as-sk
https://en.wikipedia.org/wiki/PM_Kisan_Samman_Nidhi,en.wikipedia.org,encyclopedia,entity facts,1,ministries-e
https://en.wikipedia.org/wiki/Pocharam_Srinivas_Reddy,en.wikipedia.org,encyclopedia,office-holder reference,1,mlas-ka-ap-tg
https://en.wikipedia.org/wiki/Podduturi_Sudarshan_Reddy,en.wikipedia.org,encyclopedia,office-holder reference,1,mlas-ka-ap-tg
https://en.wikipedia.org/wiki/Pongseng_Marak,en.wikipedia.org,encyclopedia,office-holder reference,1,mlas-jk-ar-mn-ml
https://en.wikipedia.org/wiki/Ponguleti_Srinivasa_Reddy,en.wikipedia.org,encyclopedia,office-holder reference,1,mlas-ka-ap-tg
https://en.wikipedia.org/wiki/Ponguru_Narayana,en.wikipedia.org,encyclopedia,office-holder reference,1,mlas-ka-ap-tg
https://en.wikipedia.org/wiki/Ponnam_Prabhakar,en.wikipedia.org,encyclopedia,office-holder reference,1,mlas-ka-ap-tg
https://en.wikipedia.org/wiki/Pooja_Chaudhary,en.wikipedia.org,encyclopedia,office-holder reference,1,mlas-pb-hr-hp-dl
https://en.wikipedia.org/wiki/Poonam_Sharma,en.wikipedia.org,encyclopedia,office-holder reference,1,mlas-pb-hr-hp-dl
https://en.wikipedia.org/wiki/Poosaram_Godara,en.wikipedia.org,encyclopedia,office-holder reference,1,mlas-mp-cg-rj
https://en.wikipedia.org/wiki/Power_Grid_Corporation_of_India,en.wikipedia.org,encyclopedia,office-holder,1,ministries-d
https://en.wikipedia.org/wiki/Prabhu_Chauhan,en.wikipedia.org,encyclopedia,office-holder reference,1,mlas-ka-ap-tg
https://en.wikipedia.org/wiki/Prabhuram_Choudhary,en.wikipedia.org,encyclopedia,office-holder reference,1,mlas-mp-cg-rj
https://en.wikipedia.org/wiki/Prabodh_Minz,en.wikipedia.org,encyclopedia,office-holder reference,1,mlas-mp-cg-rj
https://en.wikipedia.org/wiki/Pradeep_Agrawal,en.wikipedia.org,encyclopedia,office-holder reference,1,mlas-mp-cg-rj
https://en.wikipedia.org/wiki/Pradeep_Bal_Samanta,en.wikipedia.org,encyclopedia,office-holder reference,1,mlas-br-jh-od
https://en.wikipedia.org/wiki/Pradeep_Eshwar,en.wikipedia.org,encyclopedia,office-holder reference,1,mlas-ka-ap-tg
https://en.wikipedia.org/wiki/Pradeep_Jaiswal,en.wikipedia.org,encyclopedia,office-holder reference,1,mlas-mh-gj-ga
https://en.wikipedia.org/wiki/Pradeep_Lariya,en.wikipedia.org,encyclopedia,office-holder reference,1,mlas-mp-cg-rj
https://en.wikipedia.org/wiki/Pradeep_Patel,en.wikipedia.org,encyclopedia,office-holder reference,1,mlas-mp-cg-rj
https://en.wikipedia.org/wiki/Pradeep_Shettar,en.wikipedia.org,encyclopedia,office-holder reference,1,mlas-ka-ap-tg
https://en.wikipedia.org/wiki/Pradeep_Yadav_(Indian_politician),en.wikipedia.org,encyclopedia,office-holder reference,1,mlas-br-jh-od
https://en.wikipedia.org/wiki/Pradhan_Mantri_Fasal_Bima_Yojana,en.wikipedia.org,encyclopedia,entity facts,1,ministries-e
https://en.wikipedia.org/wiki/Pradhan_Mantri_Garib_Kalyan_Anna_Yojana,en.wikipedia.org,encyclopedia,entity facts,1,ministries-e
https://en.wikipedia.org/wiki/Pradhan_Mantri_Gram_Sadak_Yojana,en.wikipedia.org,encyclopedia,entity facts,1,ministries-e
https://en.wikipedia.org/wiki/Pradhuman_Singh_Tomar,en.wikipedia.org,encyclopedia,office-holder reference,1,mlas-mp-cg-rj
https://en.wikipedia.org/wiki/Pradhyumansinh_Mahipatsinh_Jadeja,en.wikipedia.org,encyclopedia,office-holder reference,1,mlas-mh-gj-ga
https://en.wikipedia.org/wiki/Pradip_Kumar_Bijali,en.wikipedia.org,encyclopedia,office-holder reference,1,mlas-wb-as-sk
https://en.wikipedia.org/wiki/Pradip_Kumar_Dishari,en.wikipedia.org,encyclopedia,office-holder reference,1,mlas-br-jh-od
https://en.wikipedia.org/wiki/Pradip_Kumar_Sahu,en.wikipedia.org,encyclopedia,office-holder reference,1,mlas-br-jh-od
https://en.wikipedia.org/wiki/Pradip_Kumar_Varma,en.wikipedia.org,encyclopedia,office-holder reference,1,parliament-rajya-sabha
https://en.wikipedia.org/wiki/Pradip_Lodha,en.wikipedia.org,encyclopedia,office-holder reference,1,mlas-wb-as-sk
https://en.wikipedia.org/wiki/Pradip_Prasad,en.wikipedia.org,encyclopedia,office-holder reference,1,mlas-br-jh-od
https://en.wikipedia.org/wiki/Pradnya_Rajeev_Satav,en.wikipedia.org,encyclopedia,office-holder reference,1,mlas-mh-gj-ga
https://en.wikipedia.org/wiki/Pradyuman_Rajput,en.wikipedia.org,encyclopedia,office-holder reference,1,mlas-pb-hr-hp-dl
https://en.wikipedia.org/wiki/Pradyuman_Vaja,en.wikipedia.org,encyclopedia,office-holder reference,1,mlas-mh-gj-ga
https://en.wikipedia.org/wiki/Pradyumna_Kumar_Nayak,en.wikipedia.org,encyclopedia,office-holder reference,1,mlas-br-jh-od
https://en.wikipedia.org/wiki/Pradyut_Bordoloi,en.wikipedia.org,encyclopedia,office-holder reference,1,mlas-wb-as-sk
https://en.wikipedia.org/wiki/Praful_Pansheriya,en.wikipedia.org,encyclopedia,office-holder reference,1,mlas-mh-gj-ga
https://en.wikipedia.org/wiki/Praful_Patel,en.wikipedia.org,encyclopedia,office-holder reference,1,parliament-rajya-sabha
https://en.wikipedia.org/wiki/Prafull_Kumar_Singh,en.wikipedia.org,encyclopedia,office-holder reference,1,mlas-br-jh-od
https://en.wikipedia.org/wiki/Prafulla_Chandra_Pradhan,en.wikipedia.org,encyclopedia,office-holder reference,1,mlas-br-jh-od
https://en.wikipedia.org/wiki/Prahlad_Lodhi,en.wikipedia.org,encyclopedia,office-holder reference,1,mlas-mp-cg-rj
https://en.wikipedia.org/wiki/Prahlad_Singh_Patel,en.wikipedia.org,encyclopedia,office-holder reference,1,mlas-mp-cg-rj
https://en.wikipedia.org/wiki/Prajakt_Tanpure,en.wikipedia.org,encyclopedia,office-holder reference,1,mlas-mh-gj-ga
https://en.wikipedia.org/wiki/Prakasam._R,en.wikipedia.org,encyclopedia,office-holder reference,1,mlas-tn-kl-py
https://en.wikipedia.org/wiki/Prakash_Chandra,en.wikipedia.org,encyclopedia,office-holder reference,1,mlas-br-jh-od
https://en.wikipedia.org/wiki/Prakash_Chandra_Das_(Assam_politician),en.wikipedia.org,encyclopedia,office-holder reference,1,mlas-wb-as-sk
https://en.wikipedia.org/wiki/Prakash_Chandra_Sethi_(politician),en.wikipedia.org,encyclopedia,office-holder reference,1,mlas-br-jh-od
https://en.wikipedia.org/wiki/Prakash_Chik_Baraik,en.wikipedia.org,encyclopedia,office-holder reference,1,parliament-rajya-sabha
https://en.wikipedia.org/wiki/Prakash_Gunvantrao_Bharsakale,en.wikipedia.org,encyclopedia,office-holder reference,1,mlas-mh-gj-ga
https://en.wikipedia.org/wiki/Prakash_Hukkeri,en.wikipedia.org,encyclopedia,office-holder reference,1,mlas-ka-ap-tg
https://en.wikipedia.org/wiki/Prakash_Koliwad,en.wikipedia.org,encyclopedia,office-holder reference,1,mlas-ka-ap-tg
https://en.wikipedia.org/wiki/Prakash_Ram,en.wikipedia.org,encyclopedia,office-holder reference,1,mlas-br-jh-od
https://en.wikipedia.org/wiki/Prakash_Rana,en.wikipedia.org,encyclopedia,office-holder reference,1,mlas-pb-hr-hp-dl
https://en.wikipedia.org/wiki/Prakash_Soren,en.wikipedia.org,encyclopedia,office-holder reference,1,mlas-br-jh-od
https://en.wikipedia.org/wiki/Prakash_Surve,en.wikipedia.org,encyclopedia,office-holder reference,1,mlas-mh-gj-ga
https://en.wikipedia.org/wiki/Prakash_Varmora,en.wikipedia.org,encyclopedia,office-holder reference,1,mlas-mh-gj-ga
https://en.wikipedia.org/wiki/Prakashdada_Solanke,en.wikipedia.org,encyclopedia,office-holder reference,1,mlas-mh-gj-ga
https://en.wikipedia.org/wiki/Prakashrao_Abitkar,en.wikipedia.org,encyclopedia,office-holder reference,1,mlas-mh-gj-ga
https://en.wikipedia.org/wiki/Pramila_Mallik,en.wikipedia.org,encyclopedia,office-holder reference,1,mlas-br-jh-od
https://en.wikipedia.org/wiki/Pramod_Boro,en.wikipedia.org,encyclopedia,office-holder reference,1,parliament-rajya-sabha
https://en.wikipedia.org/wiki/Pramod_Jain_Bhaya,en.wikipedia.org,encyclopedia,office-holder reference,1,mlas-mp-cg-rj
https://en.wikipedia.org/wiki/Pramod_Kumar,en.wikipedia.org,encyclopedia,office-holder reference,1,mlas-br-jh-od
https://en.wikipedia.org/wiki/Pramod_Kumar_Sinha,en.wikipedia.org,encyclopedia,office-holder reference,1,mlas-br-jh-od
https://en.wikipedia.org/wiki/Pramod_Reang,en.wikipedia.org,encyclopedia,office-holder reference,1,mlas-mz-nl-tr
https://en.wikipedia.org/wiki/Pramod_Tiwari,en.wikipedia.org,encyclopedia,office-holder reference,1,parliament-rajya-sabha
https://en.wikipedia.org/wiki/Pranat_Tudu,en.wikipedia.org,encyclopedia,office-holder reference,1,mlas-wb-as-sk
https://en.wikipedia.org/wiki/Pranav_Kumar_Marpachi,en.wikipedia.org,encyclopedia,office-holder reference,1,mlas-mp-cg-rj
https://en.wikipedia.org/wiki/Pranav_Kumar_Yadav,en.wikipedia.org,encyclopedia,office-holder reference,1,mlas-br-jh-od
https://en.wikipedia.org/wiki/Pranay_Prabhat_Pandey,en.wikipedia.org,encyclopedia,office-holder reference,1,mlas-mp-cg-rj
https://en.wikipedia.org/wiki/Pranjit_Singha_Roy,en.wikipedia.org,encyclopedia,office-holder reference,1,mlas-mz-nl-tr
https://en.wikipedia.org/wiki/Prankrishna_Tapadar,en.wikipedia.org,encyclopedia,office-holder reference,1,mlas-wb-as-sk
https://en.wikipedia.org/wiki/Prasad_Lad,en.wikipedia.org,encyclopedia,office-holder reference,1,mlas-mh-gj-ga
https://en.wikipedia.org/wiki/Prasanna_Acharya,en.wikipedia.org,encyclopedia,office-holder reference,1,mlas-br-jh-od
https://en.wikipedia.org/wiki/Prasanna_B._Varale,en.wikipedia.org,encyclopedia,office-holder reference,1,judiciary-supreme-court
https://en.wikipedia.org/wiki/Prasanta_Behera,en.wikipedia.org,encyclopedia,office-holder reference,1,mlas-br-jh-od
https://en.wikipedia.org/wiki/Prasanta_Digar,en.wikipedia.org,encyclopedia,office-holder reference,1,mlas-wb-as-sk
https://en.wikipedia.org/wiki/Prasanta_Kumar_Jagadev,en.wikipedia.org,encyclopedia,office-holder reference,1,mlas-br-jh-od
https://en.wikipedia.org/wiki/Prasanta_Phukan,en.wikipedia.org,encyclopedia,office-holder reference,1,mlas-wb-as-sk
https://en.wikipedia.org/wiki/Prashant_Bamb,en.wikipedia.org,encyclopedia,office-holder reference,1,mlas-mh-gj-ga
https://en.wikipedia.org/wiki/Prashant_Kishor,en.wikipedia.org,encyclopedia,office-holder reference,1,mlas-br-jh-od
https://en.wikipedia.org/wiki/Prashant_Kumar_Mishra,en.wikipedia.org,encyclopedia,office-holder reference,1,judiciary-supreme-court
https://en.wikipedia.org/wiki/Prashant_Sharma_(politician),en.wikipedia.org,encyclopedia,office-holder reference,1,mlas-mp-cg-rj
https://en.wikipedia.org/wiki/Prashant_Thakur,en.wikipedia.org,encyclopedia,office-holder reference,1,mlas-mh-gj-ga
https://en.wikipedia.org/wiki/Prasun_Banerjee_(politician),en.wikipedia.org,encyclopedia,office-holder reference,1,mlas-wb-as-sk
https://en.wikipedia.org/wiki/Pratap_Adsad,en.wikipedia.org,encyclopedia,office-holder reference,1,mlas-mh-gj-ga
https://en.wikipedia.org/wiki/Pratap_Chandra_Nayak,en.wikipedia.org,encyclopedia,office-holder reference,1,mlas-br-jh-od
https://en.wikipedia.org/wiki/Pratap_Chandra_Pradhan,en.wikipedia.org,encyclopedia,office-holder reference,1,mlas-br-jh-od
https://en.wikipedia.org/wiki/Pratap_Grewal,en.wikipedia.org,encyclopedia,office-holder reference,1,mlas-mp-cg-rj
https://en.wikipedia.org/wiki/Pratap_Keshari_Deb,en.wikipedia.org,encyclopedia,office-holder reference,1,mlas-br-jh-od
https://en.wikipedia.org/wiki/Pratap_Lal_Bheel,en.wikipedia.org,encyclopedia,office-holder reference,1,mlas-mp-cg-rj
https://en.wikipedia.org/wiki/Pratap_Puriji_Maharaj,en.wikipedia.org,encyclopedia,office-holder reference,1,mlas-mp-cg-rj
https://en.wikipedia.org/wiki/Pratap_Sarnaik,en.wikipedia.org,encyclopedia,office-holder reference,1,mlas-mh-gj-ga
https://en.wikipedia.org/wiki/Pratap_Singh_Bajwa,en.wikipedia.org,encyclopedia,office-holder reference,1,states-pb-hr-ch-r2
https://en.wikipedia.org/wiki/Pratap_Singh_Singhvi,en.wikipedia.org,encyclopedia,office-holder reference,1,mlas-mp-cg-rj
https://en.wikipedia.org/wiki/Prataprao_Govindrao_Chikhalikar,en.wikipedia.org,encyclopedia,office-holder reference,1,mlas-mh-gj-ga
https://en.wikipedia.org/wiki/Prathipati_Pulla_Rao,en.wikipedia.org,encyclopedia,office-holder reference,1,mlas-ka-ap-tg
https://en.wikipedia.org/wiki/Pratima_Bagri,en.wikipedia.org,encyclopedia,office-holder reference,1,mlas-mp-cg-rj
https://en.wikipedia.org/wiki/Pravati_Parida,en.wikipedia.org,encyclopedia,office-holder reference,1,mlas-br-jh-od
https://en.wikipedia.org/wiki/Praveen_Chakravarty,en.wikipedia.org,encyclopedia,office-holder reference,1,parliament-rajya-sabha
https://en.wikipedia.org/wiki/Pravesh_Ratn,en.wikipedia.org,encyclopedia,office-holder reference,1,mlas-pb-hr-hp-dl
https://en.wikipedia.org/wiki/Pravin_Arlekar,en.wikipedia.org,encyclopedia,office-holder reference,1,mlas-mh-gj-ga
https://en.wikipedia.org/wiki/Pravin_Darekar,en.wikipedia.org,encyclopedia,office-holder reference,1,mlas-mh-gj-ga
https://en.wikipedia.org/wiki/Pravin_Datke,en.wikipedia.org,encyclopedia,office-holder reference,1,mlas-mh-gj-ga
https://en.wikipedia.org/wiki/Pravin_Ghoghari,en.wikipedia.org,encyclopedia,office-holder reference,1,mlas-mh-gj-ga
https://en.wikipedia.org/wiki/Pravin_Pote,en.wikipedia.org,encyclopedia,office-holder reference,1,mlas-mh-gj-ga
https://en.wikipedia.org/wiki/Pravin_Vasantrao_Tayade,en.wikipedia.org,encyclopedia,office-holder reference,1,mlas-mh-gj-ga
https://en.wikipedia.org/wiki/Pravin_Virbhadrayya_Swami,en.wikipedia.org,encyclopedia,office-holder reference,1,mlas-mh-gj-ga
https://en.wikipedia.org/wiki/Pravinkumar_Gordhanji_Mali,en.wikipedia.org,encyclopedia,office-holder reference,1,mlas-mh-gj-ga
https://en.wikipedia.org/wiki/Preetam_Lodhi,en.wikipedia.org,encyclopedia,office-holder reference,1,mlas-mp-cg-rj
https://en.wikipedia.org/wiki/Prem_Chauhan,en.wikipedia.org,encyclopedia,office-holder reference,1,mlas-pb-hr-hp-dl
https://en.wikipedia.org/wiki/Prem_Kumar_(politician),en.wikipedia.org,encyclopedia,office-holder reference,1,mlas-br-jh-od
https://en.wikipedia.org/wiki/Premalatha_Vijayakanth,en.wikipedia.org,encyclopedia,office-holder reference,1,mlas-tn-kl-py
https://en.wikipedia.org/wiki/Premchand_Patel,en.wikipedia.org,encyclopedia,office-holder reference,1,mlas-mp-cg-rj
https://en.wikipedia.org/wiki/Premendra_Shet,en.wikipedia.org,encyclopedia,office-holder reference,1,mlas-mh-gj-ga
https://en.wikipedia.org/wiki/Premshankar_Verma,en.wikipedia.org,encyclopedia,office-holder reference,1,mlas-mp-cg-rj
https://en.wikipedia.org/wiki/President_of_India,en.wikipedia.org,encyclopedia,relationship,1,ministries-b2
https://en.wikipedia.org/wiki/Press_Information_Bureau_(India),en.wikipedia.org,encyclopedia,entity facts,1,ministries-g
https://en.wikipedia.org/wiki/Prithiraj_Rava,en.wikipedia.org,encyclopedia,office-holder reference,1,mlas-wb-as-sk
https://en.wikipedia.org/wiki/Prithviraj_Harichandan,en.wikipedia.org,encyclopedia,office-holder reference,1,mlas-br-jh-od
https://en.wikipedia.org/wiki/Priya_Krishna_(politician),en.wikipedia.org,encyclopedia,office-holder reference,1,mlas-ka-ap-tg
https://en.wikipedia.org/wiki/Priya_Paul_(politician),en.wikipedia.org,encyclopedia,office-holder reference,1,mlas-wb-as-sk
https://en.wikipedia.org/wiki/Priyanka_Chowdhary,en.wikipedia.org,encyclopedia,office-holder reference,1,mlas-mp-cg-rj
https://en.wikipedia.org/wiki/Priyanka_Penchi,en.wikipedia.org,encyclopedia,office-holder reference,1,mlas-mp-cg-rj
https://en.wikipedia.org/wiki/Prosenjit_Bag,en.wikipedia.org,encyclopedia,office-holder reference,1,mlas-wb-as-sk
"https://en.wikipedia.org/wiki/Protection_of_Human_Rights_Act,_1993",en.wikipedia.org,encyclopedia,entity facts,1,states-pb-hr-ch-r2
https://en.wikipedia.org/wiki/Prova_Chakma,en.wikipedia.org,encyclopedia,office-holder reference,1,mlas-mz-nl-tr
https://en.wikipedia.org/wiki/Publications_Division_(India),en.wikipedia.org,encyclopedia,entity facts,1,ministries-g
https://en.wikipedia.org/wiki/Puducherry_Police,en.wikipedia.org,encyclopedia,office-holder,1,states-tn-kl-py
https://en.wikipedia.org/wiki/Puinnyo_Apum,en.wikipedia.org,encyclopedia,office-holder reference,1,mlas-jk-ar-mn-ml
https://en.wikipedia.org/wiki/Pulak_Roy,en.wikipedia.org,encyclopedia,office-holder reference,1,mlas-wb-as-sk
https://en.wikipedia.org/wiki/Pulaparthi_Ramanjaneyulu,en.wikipedia.org,encyclopedia,office-holder reference,1,mlas-ka-ap-tg
https://en.wikipedia.org/wiki/Pulivarthi_Venkata_Mani_Prasad,en.wikipedia.org,encyclopedia,office-holder reference,1,mlas-ka-ap-tg
https://en.wikipedia.org/wiki/Pulok_Gohain,en.wikipedia.org,encyclopedia,office-holder reference,1,mlas-wb-as-sk
https://en.wikipedia.org/wiki/Puna_Bhengra,en.wikipedia.org,encyclopedia,office-holder reference,1,mlas-wb-as-sk
https://en.wikipedia.org/wiki/Punardeep_Sawhney,en.wikipedia.org,encyclopedia,office-holder reference,1,mlas-pb-hr-hp-dl
https://en.wikipedia.org/wiki/Punnulal_Mohle,en.wikipedia.org,encyclopedia,office-holder reference,1,mlas-mp-cg-rj
https://en.wikipedia.org/wiki/Puran_Kumar_Gurung,en.wikipedia.org,encyclopedia,office-holder reference,1,mlas-wb-as-sk
https://en.wikipedia.org/wiki/Purandar_Mishra,en.wikipedia.org,encyclopedia,office-holder reference,1,mlas-mp-cg-rj
https://en.wikipedia.org/wiki/Puri_(city),en.wikipedia.org,encyclopedia,entity facts,1,states-br-jh-od
https://en.wikipedia.org/wiki/Purna_Chandra_Sethy,en.wikipedia.org,encyclopedia,office-holder reference,1,mlas-br-jh-od
https://en.wikipedia.org/wiki/Purnesh_Modi,en.wikipedia.org,encyclopedia,office-holder reference,1,mlas-mh-gj-ga
https://en.wikipedia.org/wiki/Purnia_Municipal_Corporation,en.wikipedia.org,encyclopedia,entity facts,1,states-br-jh-od
https://en.wikipedia.org/wiki/Purnima_Chakraborty,en.wikipedia.org,encyclopedia,office-holder reference,1,mlas-wb-as-sk
https://en.wikipedia.org/wiki/Purnima_Sahu,en.wikipedia.org,encyclopedia,office-holder reference,1,mlas-br-jh-od
https://en.wikipedia.org/wiki/Pusapati_Aditi_Vijayalakshmi,en.wikipedia.org,encyclopedia,office-holder reference,1,mlas-ka-ap-tg
https://en.wikipedia.org/wiki/Pushkar_Lal_Dangi,en.wikipedia.org,encyclopedia,office-holder reference,1,mlas-mp-cg-rj
https://en.wikipedia.org/wiki/Pushpendra_Singh,en.wikipedia.org,encyclopedia,office-holder reference,1,mlas-mp-cg-rj
https://en.wikipedia.org/wiki/Pushpendra_Singh_Bhati,en.wikipedia.org,encyclopedia,office-holder reference,1,judiciary-high-courts
https://en.wikipedia.org/wiki/Putha_Krishna_Chaitanya_Reddy,en.wikipedia.org,encyclopedia,office-holder reference,1,mlas-ka-ap-tg
https://en.wikipedia.org/wiki/Puthai_Longon,en.wikipedia.org,encyclopedia,office-holder reference,1,mlas-mz-nl-tr
https://en.wikipedia.org/wiki/Putta_Sudhakar_Yadav,en.wikipedia.org,encyclopedia,office-holder reference,1,mlas-ka-ap-tg
https://en.wikipedia.org/wiki/Puttanna,en.wikipedia.org,encyclopedia,office-holder reference,1,mlas-ka-ap-tg
https://en.wikipedia.org/wiki/Qamrul_Hoda,en.wikipedia.org,encyclopedia,office-holder reference,1,mlas-br-jh-od
https://en.wikipedia.org/wiki/Qaysar_Jamshaid_Lone,en.wikipedia.org,encyclopedia,office-holder reference,1,mlas-jk-ar-mn-ml
https://en.wikipedia.org/wiki/Quality_Council_of_India,en.wikipedia.org,encyclopedia,office-holder,1,ministries-a
https://en.wikipedia.org/wiki/R._Abishek,en.wikipedia.org,encyclopedia,office-holder reference,1,mlas-tn-kl-py
https://en.wikipedia.org/wiki/R._Ashoka,en.wikipedia.org,encyclopedia,office-holder reference,1,mlas-ka-ap-tg
https://en.wikipedia.org/wiki/R._Ayyanar,en.wikipedia.org,encyclopedia,office-holder reference,1,mlas-tn-kl-py
https://en.wikipedia.org/wiki/R._B._Timmapur,en.wikipedia.org,encyclopedia,office-holder reference,1,mlas-ka-ap-tg
https://en.wikipedia.org/wiki/R._Chellaswamy,en.wikipedia.org,encyclopedia,office-holder reference,1,mlas-tn-kl-py
https://en.wikipedia.org/wiki/R._Dharmar,en.wikipedia.org,encyclopedia,office-holder reference,1,parliament-rajya-sabha
https://en.wikipedia.org/wiki/R._Elango,en.wikipedia.org,encyclopedia,office-holder reference,1,mlas-tn-kl-py
https://en.wikipedia.org/wiki/R._Girirajan,en.wikipedia.org,encyclopedia,office-holder reference,1,parliament-rajya-sabha
https://en.wikipedia.org/wiki/R._Jayaramakrishnan,en.wikipedia.org,encyclopedia,office-holder reference,1,mlas-tn-kl-py
https://en.wikipedia.org/wiki/R._Kamaraj,en.wikipedia.org,encyclopedia,office-holder reference,1,mlas-tn-kl-py
https://en.wikipedia.org/wiki/R._Kathiravan,en.wikipedia.org,encyclopedia,office-holder reference,1,mlas-tn-kl-py
https://en.wikipedia.org/wiki/R._Krishnaiah,en.wikipedia.org,encyclopedia,office-holder reference,1,parliament-rajya-sabha
https://en.wikipedia.org/wiki/R._Kumar,en.wikipedia.org,encyclopedia,office-holder reference,1,mlas-tn-kl-py
https://en.wikipedia.org/wiki/R._Lakshmanan,en.wikipedia.org,encyclopedia,office-holder reference,1,mlas-tn-kl-py
https://en.wikipedia.org/wiki/R._Lalthangliana,en.wikipedia.org,encyclopedia,office-holder reference,1,mlas-mz-nl-tr
https://en.wikipedia.org/wiki/R._Mahadevan,en.wikipedia.org,encyclopedia,office-holder reference,1,judiciary-supreme-court
https://en.wikipedia.org/wiki/R._Mani,en.wikipedia.org,encyclopedia,office-holder reference,1,mlas-tn-kl-py
https://en.wikipedia.org/wiki/R._Rajendran_(AIADMK_politician),en.wikipedia.org,encyclopedia,office-holder reference,1,mlas-tn-kl-py
https://en.wikipedia.org/wiki/R._Rakesh,en.wikipedia.org,encyclopedia,office-holder reference,1,mlas-tn-kl-py
https://en.wikipedia.org/wiki/R._Ramesh_Kumar,en.wikipedia.org,encyclopedia,office-holder reference,1,mlas-tn-kl-py
https://en.wikipedia.org/wiki/R._Rohmingliana,en.wikipedia.org,encyclopedia,office-holder reference,1,mlas-mz-nl-tr
https://en.wikipedia.org/wiki/R._S._Murughan,en.wikipedia.org,encyclopedia,office-holder reference,1,mlas-tn-kl-py
https://en.wikipedia.org/wiki/R._S._Raja_Kannappan,en.wikipedia.org,encyclopedia,office-holder reference,1,mlas-tn-kl-py
https://en.wikipedia.org/wiki/R._Sabarinathan,en.wikipedia.org,encyclopedia,office-holder reference,1,mlas-tn-kl-py
https://en.wikipedia.org/wiki/R._Sakkarapani,en.wikipedia.org,encyclopedia,office-holder reference,1,mlas-tn-kl-py
https://en.wikipedia.org/wiki/R._Senthilkumar,en.wikipedia.org,encyclopedia,office-holder reference,1,mlas-tn-kl-py
https://en.wikipedia.org/wiki/R._Senthilselvan,en.wikipedia.org,encyclopedia,office-holder reference,1,mlas-tn-kl-py
https://en.wikipedia.org/wiki/R._Tamil_Selvan,en.wikipedia.org,encyclopedia,office-holder reference,1,mlas-mh-gj-ga
https://en.wikipedia.org/wiki/R._V._Deshpande,en.wikipedia.org,encyclopedia,office-holder reference,1,mlas-ka-ap-tg
https://en.wikipedia.org/wiki/R._V._Ranjithkumar,en.wikipedia.org,encyclopedia,office-holder reference,1,mlas-tn-kl-py
https://en.wikipedia.org/wiki/R._V._Sujay_Krishna_Ranga_Rao,en.wikipedia.org,encyclopedia,office-holder reference,1,mlas-ka-ap-tg
https://en.wikipedia.org/wiki/R._Vaithilingam,en.wikipedia.org,encyclopedia,office-holder reference,1,mlas-tn-kl-py
https://en.wikipedia.org/wiki/R._Vijaysaravanan,en.wikipedia.org,encyclopedia,office-holder reference,1,mlas-tn-kl-py
https://en.wikipedia.org/wiki/R._Vinoth,en.wikipedia.org,encyclopedia,office-holder reference,1,mlas-tn-kl-py
https://en.wikipedia.org/wiki/Rabi_Narayan_Naik,en.wikipedia.org,encyclopedia,office-holder reference,1,mlas-br-jh-od
https://en.wikipedia.org/wiki/Rabindra_Nath_Mahato,en.wikipedia.org,encyclopedia,office-holder reference,1,mlas-br-jh-od
https://en.wikipedia.org/wiki/Rabiram_Narzary,en.wikipedia.org,encyclopedia,office-holder reference,1,mlas-wb-as-sk
https://en.wikipedia.org/wiki/Radha_Charan_Sah,en.wikipedia.org,encyclopedia,office-holder reference,1,mlas-br-jh-od
https://en.wikipedia.org/wiki/Radha_Krishna_Kishore,en.wikipedia.org,encyclopedia,office-holder reference,1,mlas-br-jh-od
https://en.wikipedia.org/wiki/Radha_Krishnayya_Badeti,en.wikipedia.org,encyclopedia,office-holder reference,1,mlas-ka-ap-tg
https://en.wikipedia.org/wiki/Radha_Ravindra_Singh,en.wikipedia.org,encyclopedia,office-holder reference,1,mlas-mp-cg-rj
https://en.wikipedia.org/wiki/Radhakrishna_Vikhe_Patil,en.wikipedia.org,encyclopedia,office-holder reference,1,mlas-mh-gj-ga
https://en.wikipedia.org/wiki/Radheyshayam_Bairwa,en.wikipedia.org,encyclopedia,office-holder reference,1,mlas-mp-cg-rj
https://en.wikipedia.org/wiki/Rafeek_Khan,en.wikipedia.org,encyclopedia,office-holder reference,1,mlas-mp-cg-rj
https://en.wikipedia.org/wiki/Rafiq_Ahmad_Naik,en.wikipedia.org,encyclopedia,office-holder reference,1,mlas-jk-ar-mn-ml
https://en.wikipedia.org/wiki/Raghavendra_Kumar_Singh,en.wikipedia.org,encyclopedia,office-holder reference,1,mlas-mp-cg-rj
https://en.wikipedia.org/wiki/Raghavendra_Patil,en.wikipedia.org,encyclopedia,office-holder reference,1,mlas-mh-gj-ga
https://en.wikipedia.org/wiki/Raghavji_Patel,en.wikipedia.org,encyclopedia,office-holder reference,1,mlas-mh-gj-ga
https://en.wikipedia.org/wiki/Raghu_Rama_Krishna_Raju,en.wikipedia.org,encyclopedia,office-holder reference,1,mlas-ka-ap-tg
https://en.wikipedia.org/wiki/Raghubir_Singh_Bali,en.wikipedia.org,encyclopedia,office-holder reference,1,mlas-pb-hr-hp-dl
https://en.wikipedia.org/wiki/Raghubir_Tewatia,en.wikipedia.org,encyclopedia,office-holder reference,1,mlas-pb-hr-hp-dl
https://en.wikipedia.org/wiki/Raghunath_Jagadala,en.wikipedia.org,encyclopedia,office-holder reference,1,mlas-br-jh-od
https://en.wikipedia.org/wiki/Raghuram_Machha,en.wikipedia.org,encyclopedia,office-holder reference,1,mlas-br-jh-od
https://en.wikipedia.org/wiki/Raghuvir_Singh_Kadian,en.wikipedia.org,encyclopedia,office-holder reference,1,mlas-pb-hr-hp-dl
https://en.wikipedia.org/wiki/Raghvendra_Pratap_Singh_(Bihar_politician),en.wikipedia.org,encyclopedia,office-holder reference,1,mlas-br-jh-od
https://en.wikipedia.org/wiki/Ragini_Singh,en.wikipedia.org,encyclopedia,office-holder reference,1,mlas-br-jh-od
https://en.wikipedia.org/wiki/Rahidas_Mahato,en.wikipedia.org,encyclopedia,office-holder reference,1,mlas-wb-as-sk
https://en.wikipedia.org/wiki/Rahim_Khan_(politician),en.wikipedia.org,encyclopedia,office-holder reference,1,mlas-ka-ap-tg
https://en.wikipedia.org/wiki/Rahul_Awade,en.wikipedia.org,encyclopedia,office-holder reference,1,mlas-mh-gj-ga
https://en.wikipedia.org/wiki/Rahul_Daulatrao_Aher,en.wikipedia.org,encyclopedia,office-holder reference,1,mlas-mh-gj-ga
https://en.wikipedia.org/wiki/Rahul_Kul,en.wikipedia.org,encyclopedia,office-holder reference,1,mlas-mh-gj-ga
https://en.wikipedia.org/wiki/Rahul_Kumar_(politician),en.wikipedia.org,encyclopedia,office-holder reference,1,mlas-br-jh-od
https://en.wikipedia.org/wiki/Rahul_Kumar_Singh,en.wikipedia.org,encyclopedia,office-holder reference,1,mlas-br-jh-od
https://en.wikipedia.org/wiki/Rahul_Sinha,en.wikipedia.org,encyclopedia,office-holder reference,1,parliament-rajya-sabha
https://en.wikipedia.org/wiki/Rahul_Uttamrao_Dhikale,en.wikipedia.org,encyclopedia,office-holder reference,1,mlas-mh-gj-ga
https://en.wikipedia.org/wiki/Rahul_Vedprakash_Patil,en.wikipedia.org,encyclopedia,office-holder reference,1,mlas-mh-gj-ga
https://en.wikipedia.org/wiki/Railway_Protection_Force,en.wikipedia.org,encyclopedia,entity facts,1,ministries-c
https://en.wikipedia.org/wiki/Rais_Shaikh,en.wikipedia.org,encyclopedia,office-holder reference,1,mlas-mh-gj-ga
https://en.wikipedia.org/wiki/Raj_Karan_Khatri,en.wikipedia.org,encyclopedia,office-holder reference,1,mlas-pb-hr-hp-dl
https://en.wikipedia.org/wiki/Raj_Kumar_Bhatia,en.wikipedia.org,encyclopedia,office-holder reference,1,mlas-pb-hr-hp-dl
https://en.wikipedia.org/wiki/Raj_Kumar_Chauhan,en.wikipedia.org,encyclopedia,office-holder reference,1,mlas-pb-hr-hp-dl
https://en.wikipedia.org/wiki/Raj_Kumar_Ray,en.wikipedia.org,encyclopedia,office-holder reference,1,mlas-br-jh-od
https://en.wikipedia.org/wiki/Raj_Kumari_Thapa,en.wikipedia.org,encyclopedia,office-holder reference,1,mlas-wb-as-sk
https://en.wikipedia.org/wiki/Raj_Sinha,en.wikipedia.org,encyclopedia,office-holder reference,1,mlas-br-jh-od
https://en.wikipedia.org/wiki/Raja_Ramanna_Centre_for_Advanced_Technology,en.wikipedia.org,encyclopedia,entity facts,1,ministries-d
https://en.wikipedia.org/wiki/Raja_Venugopal_Naik,en.wikipedia.org,encyclopedia,office-holder reference,1,mlas-ka-ap-tg
https://en.wikipedia.org/wiki/Rajagolla_Ramesh_Yadav,en.wikipedia.org,encyclopedia,office-holder reference,1,mlas-ka-ap-tg
https://en.wikipedia.org/wiki/Rajagopal_Sreeram,en.wikipedia.org,encyclopedia,office-holder reference,1,mlas-ka-ap-tg
https://en.wikipedia.org/wiki/Rajan_Mandloi,en.wikipedia.org,encyclopedia,office-holder reference,1,mlas-mp-cg-rj
https://en.wikipedia.org/wiki/Rajan_Naik,en.wikipedia.org,encyclopedia,office-holder reference,1,mlas-mh-gj-ga
https://en.wikipedia.org/wiki/Rajan_Pallan,en.wikipedia.org,encyclopedia,office-holder reference,1,mlas-tn-kl-py
https://en.wikipedia.org/wiki/Rajasthan_Police,en.wikipedia.org,encyclopedia,office-holder,1,states-mp-cg-rj-r2
https://en.wikipedia.org/wiki/Rajbir_Singh_Fartiya,en.wikipedia.org,encyclopedia,office-holder reference,1,mlas-pb-hr-hp-dl
https://en.wikipedia.org/wiki/Rajdeep_Goala,en.wikipedia.org,encyclopedia,office-holder reference,1,mlas-wb-as-sk
https://en.wikipedia.org/wiki/Rajdeep_Roy,en.wikipedia.org,encyclopedia,office-holder reference,1,mlas-wb-as-sk
https://en.wikipedia.org/wiki/Rajeev_(politician),en.wikipedia.org,encyclopedia,office-holder reference,1,mlas-tn-kl-py
https://en.wikipedia.org/wiki/Rajeev_Chandrasekhar,en.wikipedia.org,encyclopedia,office-holder reference,1,mlas-tn-kl-py
https://en.wikipedia.org/wiki/Rajeev_Krishna,en.wikipedia.org,encyclopedia,office-holder,1,states-up-uk-hp
https://en.wikipedia.org/wiki/Rajeev_Kumar,en.wikipedia.org,encyclopedia,office-holder reference,1,mlas-jk-ar-mn-ml
https://en.wikipedia.org/wiki/Rajeev_Kumar_(IPS),en.wikipedia.org,encyclopedia,office-holder reference,1,parliament-rajya-sabha
https://en.wikipedia.org/wiki/Rajeev_Ranjan_Singh,en.wikipedia.org,encyclopedia,office-holder reference,1,mlas-br-jh-od
https://en.wikipedia.org/wiki/Rajeev_Shukla,en.wikipedia.org,encyclopedia,office-holder reference,1,parliament-rajya-sabha
https://en.wikipedia.org/wiki/Rajendra_Bhamboo,en.wikipedia.org,encyclopedia,office-holder reference,1,mlas-mp-cg-rj
https://en.wikipedia.org/wiki/Rajendra_Bharti,en.wikipedia.org,encyclopedia,office-holder reference,1,mlas-mp-cg-rj
https://en.wikipedia.org/wiki/Rajendra_Chavda,en.wikipedia.org,encyclopedia,office-holder reference,1,mlas-mh-gj-ga
https://en.wikipedia.org/wiki/Rajendra_Gavit,en.wikipedia.org,encyclopedia,office-holder reference,1,mlas-mh-gj-ga
https://en.wikipedia.org/wiki/Rajendra_Gurjar,en.wikipedia.org,encyclopedia,office-holder reference,1,mlas-mp-cg-rj
https://en.wikipedia.org/wiki/Rajendra_Kumar_Singh,en.wikipedia.org,encyclopedia,office-holder reference,1,mlas-mp-cg-rj
https://en.wikipedia.org/wiki/Rajendra_Meena,en.wikipedia.org,encyclopedia,office-holder reference,1,mlas-mp-cg-rj
https://en.wikipedia.org/wiki/Rajendra_Meshram,en.wikipedia.org,encyclopedia,office-holder reference,1,mlas-mp-cg-rj
https://en.wikipedia.org/wiki/Rajendra_Pandey_(Indian_politician),en.wikipedia.org,encyclopedia,office-holder reference,1,mlas-mp-cg-rj
https://en.wikipedia.org/wiki/Rajendra_Pareek,en.wikipedia.org,encyclopedia,office-holder reference,1,mlas-mp-cg-rj
https://en.wikipedia.org/wiki/Rajendra_Patil_Yadravkar,en.wikipedia.org,encyclopedia,office-holder reference,1,mlas-mh-gj-ga
https://en.wikipedia.org/wiki/Rajendra_Prasad_Gupta,en.wikipedia.org,encyclopedia,office-holder reference,1,mlas-br-jh-od
https://en.wikipedia.org/wiki/Rajendra_Prasad_Singh_(Birbhum_politician),en.wikipedia.org,encyclopedia,office-holder reference,1,mlas-wb-as-sk
https://en.wikipedia.org/wiki/Rajendra_Raut,en.wikipedia.org,encyclopedia,office-holder reference,1,mlas-mh-gj-ga
https://en.wikipedia.org/wiki/Rajendrasinh_Rathva,en.wikipedia.org,encyclopedia,office-holder reference,1,mlas-mh-gj-ga
https://en.wikipedia.org/wiki/Rajesh_Agrawal,en.wikipedia.org,encyclopedia,office-holder reference,1,mlas-mp-cg-rj
https://en.wikipedia.org/wiki/Rajesh_Bhaurao_Bakane,en.wikipedia.org,encyclopedia,office-holder reference,1,mlas-mh-gj-ga
https://en.wikipedia.org/wiki/Rajesh_Dharmani,en.wikipedia.org,encyclopedia,office-holder reference,1,mlas-pb-hr-hp-dl
https://en.wikipedia.org/wiki/Rajesh_Faldessai,en.wikipedia.org,encyclopedia,office-holder reference,1,mlas-mh-gj-ga
https://en.wikipedia.org/wiki/Rajesh_Joon,en.wikipedia.org,encyclopedia,office-holder reference,1,mlas-pb-hr-hp-dl
https://en.wikipedia.org/wiki/Rajesh_Kachhap,en.wikipedia.org,encyclopedia,office-holder reference,1,mlas-br-jh-od
https://en.wikipedia.org/wiki/Rajesh_Kumar_(Madhya_Pradesh_politician),en.wikipedia.org,encyclopedia,office-holder reference,1,mlas-mp-cg-rj
https://en.wikipedia.org/wiki/Rajesh_Kumar_(police_officer),en.wikipedia.org,encyclopedia,office-holder reference,1,mlas-wb-as-sk
https://en.wikipedia.org/wiki/Rajesh_Kumar_Mandal,en.wikipedia.org,encyclopedia,office-holder reference,1,mlas-br-jh-od
"https://en.wikipedia.org/wiki/Rajesh_Kumar_Singh_(Bihar_politician,_born_1974)",en.wikipedia.org,encyclopedia,office-holder reference,1,mlas-br-jh-od
https://en.wikipedia.org/wiki/Rajesh_Mahata,en.wikipedia.org,encyclopedia,office-holder reference,1,mlas-wb-as-sk
https://en.wikipedia.org/wiki/Rajesh_More,en.wikipedia.org,encyclopedia,office-holder reference,1,mlas-mh-gj-ga
https://en.wikipedia.org/wiki/Rajesh_Munat,en.wikipedia.org,encyclopedia,office-holder reference,1,mlas-mp-cg-rj
https://en.wikipedia.org/wiki/Rajesh_Padvi,en.wikipedia.org,encyclopedia,office-holder reference,1,mlas-mh-gj-ga
https://en.wikipedia.org/wiki/Rajesh_Sambhaji_Pawar,en.wikipedia.org,encyclopedia,office-holder reference,1,mlas-mh-gj-ga
https://en.wikipedia.org/wiki/Rajesh_Shriramji_Wankhade,en.wikipedia.org,encyclopedia,office-holder reference,1,mlas-mh-gj-ga
https://en.wikipedia.org/wiki/Rajesh_Sonkar,en.wikipedia.org,encyclopedia,office-holder reference,1,mlas-mp-cg-rj
https://en.wikipedia.org/wiki/Rajesh_Vinayakrao_Kshirsagar,en.wikipedia.org,encyclopedia,office-holder reference,1,mlas-mh-gj-ga
https://en.wikipedia.org/wiki/Rajesh_Vitekar,en.wikipedia.org,encyclopedia,office-holder reference,1,mlas-mh-gj-ga
https://en.wikipedia.org/wiki/Rajeshkumar_Zala,en.wikipedia.org,encyclopedia,office-holder reference,1,mlas-mh-gj-ga
https://en.wikipedia.org/wiki/Rajhans_Singh,en.wikipedia.org,encyclopedia,office-holder reference,1,mlas-mh-gj-ga
https://en.wikipedia.org/wiki/Rajib_Bhattacharjee,en.wikipedia.org,encyclopedia,office-holder reference,1,parliament-rajya-sabha
https://en.wikipedia.org/wiki/Rajinder_Gupta,en.wikipedia.org,encyclopedia,office-holder reference,1,parliament-rajya-sabha
https://en.wikipedia.org/wiki/Rajinder_Khanna,en.wikipedia.org,encyclopedia,office-holder reference,1,core-apex
https://en.wikipedia.org/wiki/Rajinder_Pal_Kaur_Chhina,en.wikipedia.org,encyclopedia,office-holder reference,1,mlas-pb-hr-hp-dl
https://en.wikipedia.org/wiki/Rajiv_Jasrotia,en.wikipedia.org,encyclopedia,office-holder reference,1,mlas-jk-ar-mn-ml
https://en.wikipedia.org/wiki/Rajkumar_Badole,en.wikipedia.org,encyclopedia,office-holder reference,1,mlas-mh-gj-ga
https://en.wikipedia.org/wiki/Rajkumar_Imo_Singh,en.wikipedia.org,encyclopedia,office-holder reference,1,mlas-jk-ar-mn-ml
https://en.wikipedia.org/wiki/Rajkumar_Karrahe,en.wikipedia.org,encyclopedia,office-holder reference,1,mlas-mp-cg-rj
https://en.wikipedia.org/wiki/Rajkumar_Mev,en.wikipedia.org,encyclopedia,office-holder reference,1,mlas-mp-cg-rj
https://en.wikipedia.org/wiki/Rajmohan_Arumugam,en.wikipedia.org,encyclopedia,office-holder reference,1,mlas-tn-kl-py
https://en.wikipedia.org/wiki/Rajneesh_Agrawal,en.wikipedia.org,encyclopedia,office-holder reference,1,parliament-rajya-sabha
https://en.wikipedia.org/wiki/Rajneesh_Harvansh_Singh,en.wikipedia.org,encyclopedia,office-holder reference,1,mlas-mp-cg-rj
https://en.wikipedia.org/wiki/Rajnish_Dahiya,en.wikipedia.org,encyclopedia,office-holder reference,1,mlas-pb-hr-hp-dl
https://en.wikipedia.org/wiki/Rajnish_Kumar_Singh,en.wikipedia.org,encyclopedia,office-holder reference,1,mlas-br-jh-od
https://en.wikipedia.org/wiki/Raju_Basnet_(politician),en.wikipedia.org,encyclopedia,office-holder reference,1,mlas-wb-as-sk
https://en.wikipedia.org/wiki/Raju_Kage,en.wikipedia.org,encyclopedia,office-holder reference,1,mlas-ka-ap-tg
https://en.wikipedia.org/wiki/Raju_Karmakar,en.wikipedia.org,encyclopedia,office-holder reference,1,mlas-wb-as-sk
https://en.wikipedia.org/wiki/Raju_Khare,en.wikipedia.org,encyclopedia,office-holder reference,1,mlas-mh-gj-ga
https://en.wikipedia.org/wiki/Raju_Kumar_Singh,en.wikipedia.org,encyclopedia,office-holder reference,1,mlas-br-jh-od
https://en.wikipedia.org/wiki/Raju_Manikrao_Karemore,en.wikipedia.org,encyclopedia,office-holder reference,1,mlas-mh-gj-ga
https://en.wikipedia.org/wiki/Raju_Mesh,en.wikipedia.org,encyclopedia,office-holder reference,1,mlas-wb-as-sk
https://en.wikipedia.org/wiki/Raju_Narayan_Todsam,en.wikipedia.org,encyclopedia,office-holder reference,1,mlas-mh-gj-ga
https://en.wikipedia.org/wiki/Raju_Patra,en.wikipedia.org,encyclopedia,office-holder reference,1,mlas-wb-as-sk
https://en.wikipedia.org/wiki/Raju_Tiwari,en.wikipedia.org,encyclopedia,office-holder reference,1,mlas-br-jh-od
https://en.wikipedia.org/wiki/Rajyavardhan_Singh_Rathore,en.wikipedia.org,encyclopedia,office-holder reference,1,mlas-mp-cg-rj
https://en.wikipedia.org/wiki/Rakesh_Desai,en.wikipedia.org,encyclopedia,office-holder reference,1,mlas-mh-gj-ga
https://en.wikipedia.org/wiki/Rakesh_Jamwal,en.wikipedia.org,encyclopedia,office-holder reference,1,mlas-pb-hr-hp-dl
https://en.wikipedia.org/wiki/Rakesh_Shukla_(politician),en.wikipedia.org,encyclopedia,office-holder reference,1,mlas-mp-cg-rj
https://en.wikipedia.org/wiki/Rakesh_Singh_(politician),en.wikipedia.org,encyclopedia,office-holder reference,1,mlas-mp-cg-rj
https://en.wikipedia.org/wiki/Rakkam_A_Sangma,en.wikipedia.org,encyclopedia,office-holder reference,1,mlas-jk-ar-mn-ml
https://en.wikipedia.org/wiki/Rakkiaiah,en.wikipedia.org,encyclopedia,office-holder reference,1,parliament-rajya-sabha
https://en.wikipedia.org/wiki/Ram_Chandra_Sada,en.wikipedia.org,encyclopedia,office-holder reference,1,mlas-br-jh-od
https://en.wikipedia.org/wiki/Ram_Kadam,en.wikipedia.org,encyclopedia,office-holder reference,1,mlas-mh-gj-ga
https://en.wikipedia.org/wiki/Ram_Karan,en.wikipedia.org,encyclopedia,office-holder reference,1,mlas-pb-hr-hp-dl
https://en.wikipedia.org/wiki/Ram_Kishore_Dogne,en.wikipedia.org,encyclopedia,office-holder reference,1,mlas-mp-cg-rj
https://en.wikipedia.org/wiki/Ram_Kripal_Yadav,en.wikipedia.org,encyclopedia,office-holder reference,1,mlas-br-jh-od
https://en.wikipedia.org/wiki/Ram_Kumar_Chaudhary,en.wikipedia.org,encyclopedia,office-holder reference,1,mlas-pb-hr-hp-dl
https://en.wikipedia.org/wiki/Ram_Kumar_Gautam,en.wikipedia.org,encyclopedia,office-holder reference,1,mlas-pb-hr-hp-dl
https://en.wikipedia.org/wiki/Ram_Kumar_Kashyap,en.wikipedia.org,encyclopedia,office-holder reference,1,mlas-pb-hr-hp-dl
https://en.wikipedia.org/wiki/Ram_Kumar_Yadav_(Indian_politician),en.wikipedia.org,encyclopedia,office-holder reference,1,mlas-mp-cg-rj
https://en.wikipedia.org/wiki/Ram_Muivah,en.wikipedia.org,encyclopedia,office-holder reference,1,mlas-jk-ar-mn-ml
https://en.wikipedia.org/wiki/Ram_Niwas_Shah,en.wikipedia.org,encyclopedia,office-holder reference,1,mlas-mp-cg-rj
https://en.wikipedia.org/wiki/Ram_Pada_Jamatia,en.wikipedia.org,encyclopedia,office-holder reference,1,mlas-mz-nl-tr
https://en.wikipedia.org/wiki/Ram_Prasad_Paul,en.wikipedia.org,encyclopedia,office-holder reference,1,mlas-mz-nl-tr
https://en.wikipedia.org/wiki/Ram_Sahay_Varma,en.wikipedia.org,encyclopedia,office-holder reference,1,mlas-mp-cg-rj
https://en.wikipedia.org/wiki/Ram_Shinde,en.wikipedia.org,encyclopedia,office-holder reference,1,mlas-mh-gj-ga
https://en.wikipedia.org/wiki/Ram_Singh_(politician),en.wikipedia.org,encyclopedia,office-holder reference,1,mlas-br-jh-od
https://en.wikipedia.org/wiki/Ram_Singh_Netaji,en.wikipedia.org,encyclopedia,office-holder reference,1,mlas-pb-hr-hp-dl
https://en.wikipedia.org/wiki/Ram_Surya_Munda,en.wikipedia.org,encyclopedia,office-holder reference,1,mlas-br-jh-od
https://en.wikipedia.org/wiki/Rama_Chandra_Kadam,en.wikipedia.org,encyclopedia,office-holder reference,1,mlas-br-jh-od
https://en.wikipedia.org/wiki/Rama_Kanta_Dewri,en.wikipedia.org,encyclopedia,office-holder reference,1,mlas-wb-as-sk
https://en.wikipedia.org/wiki/Rama_Nand_Yadav,en.wikipedia.org,encyclopedia,office-holder reference,1,mlas-br-jh-od
https://en.wikipedia.org/wiki/Rama_Nishad,en.wikipedia.org,encyclopedia,office-holder reference,1,mlas-br-jh-od
https://en.wikipedia.org/wiki/Rama_Prasad_Giri,en.wikipedia.org,encyclopedia,office-holder reference,1,mlas-wb-as-sk
https://en.wikipedia.org/wiki/Rama_Rao_Pawar,en.wikipedia.org,encyclopedia,office-holder reference,1,mlas-ka-ap-tg
https://en.wikipedia.org/wiki/Ramakant_Bhargava,en.wikipedia.org,encyclopedia,office-holder reference,1,mlas-mp-cg-rj
https://en.wikipedia.org/wiki/Ramakanta_Bhoi,en.wikipedia.org,encyclopedia,office-holder reference,1,mlas-br-jh-od
https://en.wikipedia.org/wiki/Ramakrishna_Reddy_Nallamilli,en.wikipedia.org,encyclopedia,office-holder reference,1,mlas-ka-ap-tg
https://en.wikipedia.org/wiki/Ramalinga_Reddy,en.wikipedia.org,encyclopedia,office-holder reference,1,mlas-ka-ap-tg
https://en.wikipedia.org/wiki/Raman_Arora,en.wikipedia.org,encyclopedia,office-holder reference,1,mlas-pb-hr-hp-dl
https://en.wikipedia.org/wiki/Ramanand_Mandal,en.wikipedia.org,encyclopedia,office-holder reference,1,mlas-br-jh-od
https://en.wikipedia.org/wiki/Ramanbhai_Solanki,en.wikipedia.org,encyclopedia,office-holder reference,1,mlas-mh-gj-ga
https://en.wikipedia.org/wiki/Ramanlal_Patkar,en.wikipedia.org,encyclopedia,office-holder reference,1,mlas-mh-gj-ga
https://en.wikipedia.org/wiki/Ramanlal_Vora,en.wikipedia.org,encyclopedia,office-holder reference,1,mlas-mh-gj-ga
https://en.wikipedia.org/wiki/Ramavatar_Bairwa,en.wikipedia.org,encyclopedia,office-holder reference,1,mlas-mp-cg-rj
https://en.wikipedia.org/wiki/Rambilas_Meena,en.wikipedia.org,encyclopedia,office-holder reference,1,mlas-mp-cg-rj
https://en.wikipedia.org/wiki/Rambilash_Kamat,en.wikipedia.org,encyclopedia,office-holder reference,1,mlas-br-jh-od
https://en.wikipedia.org/wiki/Ramchandra_Singh,en.wikipedia.org,encyclopedia,office-holder reference,1,mlas-br-jh-od
https://en.wikipedia.org/wiki/Ramdas_Maluji_Masram,en.wikipedia.org,encyclopedia,office-holder reference,1,mlas-mh-gj-ga
https://en.wikipedia.org/wiki/Ramesh_(politician),en.wikipedia.org,encyclopedia,office-holder reference,1,mlas-tn-kl-py
https://en.wikipedia.org/wiki/Ramesh_Bornare,en.wikipedia.org,encyclopedia,office-holder reference,1,mlas-mh-gj-ga
https://en.wikipedia.org/wiki/Ramesh_Chandra_Behera,en.wikipedia.org,encyclopedia,office-holder reference,1,mlas-br-jh-od
https://en.wikipedia.org/wiki/Ramesh_Chandra_Jena_(politician),en.wikipedia.org,encyclopedia,office-holder reference,1,mlas-br-jh-od
https://en.wikipedia.org/wiki/Ramesh_Chennithala,en.wikipedia.org,encyclopedia,office-holder reference,1,mlas-tn-kl-py
https://en.wikipedia.org/wiki/Ramesh_Jarkiholi,en.wikipedia.org,encyclopedia,office-holder reference,1,mlas-ka-ap-tg
https://en.wikipedia.org/wiki/Ramesh_Karad,en.wikipedia.org,encyclopedia,office-holder reference,1,mlas-mh-gj-ga
https://en.wikipedia.org/wiki/Ramesh_Katara,en.wikipedia.org,encyclopedia,office-holder reference,1,mlas-mh-gj-ga
https://en.wikipedia.org/wiki/Ramesh_Khinchi,en.wikipedia.org,encyclopedia,office-holder reference,1,mlas-mp-cg-rj
https://en.wikipedia.org/wiki/Ramesh_Mendola,en.wikipedia.org,encyclopedia,office-holder reference,1,mlas-mp-cg-rj
https://en.wikipedia.org/wiki/Ramesh_Mistry,en.wikipedia.org,encyclopedia,office-holder reference,1,mlas-mh-gj-ga
https://en.wikipedia.org/wiki/Ramesh_Pisharody,en.wikipedia.org,encyclopedia,office-holder reference,1,mlas-tn-kl-py
https://en.wikipedia.org/wiki/Ramesh_Prasad_Khatik,en.wikipedia.org,encyclopedia,office-holder reference,1,mlas-mp-cg-rj
https://en.wikipedia.org/wiki/Ramesh_Rishidev,en.wikipedia.org,encyclopedia,office-holder reference,1,mlas-br-jh-od
https://en.wikipedia.org/wiki/Ramesh_Tawadkar,en.wikipedia.org,encyclopedia,office-holder reference,1,mlas-mh-gj-ga
https://en.wikipedia.org/wiki/Ramesh_Tilala,en.wikipedia.org,encyclopedia,office-holder reference,1,mlas-mh-gj-ga
https://en.wikipedia.org/wiki/Rameshbhai_Patel,en.wikipedia.org,encyclopedia,office-holder reference,1,mlas-mh-gj-ga
https://en.wikipedia.org/wiki/Rameshwar_Mahto,en.wikipedia.org,encyclopedia,office-holder reference,1,mlas-br-jh-od
https://en.wikipedia.org/wiki/Rameshwar_Oraon,en.wikipedia.org,encyclopedia,office-holder reference,1,mlas-br-jh-od
https://en.wikipedia.org/wiki/Rameshwar_Sharma,en.wikipedia.org,encyclopedia,office-holder reference,1,mlas-mp-cg-rj
https://en.wikipedia.org/wiki/Rameshwar_Singh_Thakur,en.wikipedia.org,encyclopedia,office-holder reference,1,mlas-jk-ar-mn-ml
https://en.wikipedia.org/wiki/Rameswar_Teli,en.wikipedia.org,encyclopedia,office-holder reference,1,mlas-wb-as-sk
https://en.wikipedia.org/wiki/Ramila_Khadiya,en.wikipedia.org,encyclopedia,office-holder reference,1,mlas-mp-cg-rj
https://en.wikipedia.org/wiki/Ramji_Gautam,en.wikipedia.org,encyclopedia,office-holder reference,1,parliament-rajya-sabha
https://en.wikipedia.org/wiki/Ramji_Lal_Suman,en.wikipedia.org,encyclopedia,office-holder reference,1,parliament-rajya-sabha
https://en.wikipedia.org/wiki/Ramkesh_Meena,en.wikipedia.org,encyclopedia,office-holder reference,1,mlas-mp-cg-rj
https://en.wikipedia.org/wiki/Ramkumar_Toppo,en.wikipedia.org,encyclopedia,office-holder reference,1,mlas-mp-cg-rj
https://en.wikipedia.org/wiki/Ramnarayan_Mandal,en.wikipedia.org,encyclopedia,office-holder reference,1,mlas-br-jh-od
https://en.wikipedia.org/wiki/Ramniwas_Gawriya,en.wikipedia.org,encyclopedia,office-holder reference,1,mlas-mp-cg-rj
https://en.wikipedia.org/wiki/Ramraje_Naik_Nimbalkar,en.wikipedia.org,encyclopedia,office-holder reference,1,mlas-mh-gj-ga
https://en.wikipedia.org/wiki/Ramsewak_Singh_Kushwaha,en.wikipedia.org,encyclopedia,office-holder reference,1,mlas-br-jh-od
https://en.wikipedia.org/wiki/Ramsiya_Bharti,en.wikipedia.org,encyclopedia,office-holder reference,1,mlas-mp-cg-rj
https://en.wikipedia.org/wiki/Ramswaroop_Lamba,en.wikipedia.org,encyclopedia,office-holder reference,1,mlas-mp-cg-rj
https://en.wikipedia.org/wiki/Ramthanmawia,en.wikipedia.org,encyclopedia,office-holder reference,1,mlas-mz-nl-tr
https://en.wikipedia.org/wiki/Ramu_Das,en.wikipedia.org,encyclopedia,office-holder reference,1,mlas-mz-nl-tr
https://en.wikipedia.org/wiki/Ramvichar_Netam,en.wikipedia.org,encyclopedia,office-holder reference,1,mlas-mp-cg-rj
https://en.wikipedia.org/wiki/Ramya_Haridas,en.wikipedia.org,encyclopedia,office-holder reference,1,mlas-tn-kl-py
https://en.wikipedia.org/wiki/Rana_Gurjeet_Singh,en.wikipedia.org,encyclopedia,office-holder reference,1,mlas-pb-hr-hp-dl
https://en.wikipedia.org/wiki/Rana_Inder_Pratap_Singh,en.wikipedia.org,encyclopedia,office-holder reference,1,mlas-pb-hr-hp-dl
https://en.wikipedia.org/wiki/Rana_Randhir,en.wikipedia.org,encyclopedia,office-holder reference,1,mlas-br-jh-od
https://en.wikipedia.org/wiki/Ranajagjitsinha_Patil,en.wikipedia.org,encyclopedia,office-holder reference,1,mlas-mh-gj-ga
https://en.wikipedia.org/wiki/Ranbir_Singh_Nikka,en.wikipedia.org,encyclopedia,office-holder reference,1,mlas-pb-hr-hp-dl
https://en.wikipedia.org/wiki/Ranbir_Singh_Pathania,en.wikipedia.org,encyclopedia,office-holder reference,1,mlas-jk-ar-mn-ml
https://en.wikipedia.org/wiki/Ranchi_Municipal_Corporation,en.wikipedia.org,encyclopedia,entity facts,1,states-br-jh-od
https://en.wikipedia.org/wiki/Randeep_Surjewala,en.wikipedia.org,encyclopedia,office-holder reference,1,parliament-rajya-sabha
https://en.wikipedia.org/wiki/Randhir_Kumar_Soni,en.wikipedia.org,encyclopedia,office-holder reference,1,mlas-br-jh-od
https://en.wikipedia.org/wiki/Randhir_Parihar,en.wikipedia.org,encyclopedia,office-holder reference,1,mlas-pb-hr-hp-dl
https://en.wikipedia.org/wiki/Randhir_Pralhadrao_Savarkar,en.wikipedia.org,encyclopedia,office-holder reference,1,mlas-mh-gj-ga
https://en.wikipedia.org/wiki/Randhir_Sharma,en.wikipedia.org,encyclopedia,office-holder reference,1,mlas-pb-hr-hp-dl
https://en.wikipedia.org/wiki/Randhir_Singh,en.wikipedia.org,encyclopedia,office-holder reference,1,mlas-jk-ar-mn-ml
https://en.wikipedia.org/wiki/Ranendra_Pratap_Swain,en.wikipedia.org,encyclopedia,office-holder reference,1,mlas-br-jh-od
https://en.wikipedia.org/wiki/Ranjeet_Kumar_Dass,en.wikipedia.org,encyclopedia,office-holder reference,1,mlas-wb-as-sk
https://en.wikipedia.org/wiki/Ranjeet_Ranjan,en.wikipedia.org,encyclopedia,office-holder reference,1,parliament-rajya-sabha
https://en.wikipedia.org/wiki/Ranjit_Das_(politician),en.wikipedia.org,encyclopedia,office-holder reference,1,mlas-mz-nl-tr
https://en.wikipedia.org/wiki/Ranjit_Debbarma,en.wikipedia.org,encyclopedia,office-holder reference,1,mlas-mz-nl-tr
https://en.wikipedia.org/wiki/Ranjit_Singh,en.wikipedia.org,encyclopedia,office-holder reference,1,mlas-pb-hr-hp-dl
https://en.wikipedia.org/wiki/Ranoj_Pegu,en.wikipedia.org,encyclopedia,office-holder reference,1,mlas-wb-as-sk
https://en.wikipedia.org/wiki/Ranveer_Singh_Bhullar,en.wikipedia.org,encyclopedia,office-holder reference,1,mlas-pb-hr-hp-dl
https://en.wikipedia.org/wiki/Ranvijay_Sahu,en.wikipedia.org,encyclopedia,office-holder reference,1,mlas-br-jh-od
https://en.wikipedia.org/wiki/Rashtriya_Chemicals_and_Fertilizers,en.wikipedia.org,encyclopedia,entity facts,1,ministries-e
https://en.wikipedia.org/wiki/Rasik_Mohan_Chakma,en.wikipedia.org,encyclopedia,office-holder reference,1,mlas-mz-nl-tr
https://en.wikipedia.org/wiki/Ratan_Chakraborty,en.wikipedia.org,encyclopedia,office-holder reference,1,mlas-mz-nl-tr
https://en.wikipedia.org/wiki/Ratan_Dewasi_Desai,en.wikipedia.org,encyclopedia,office-holder reference,1,mlas-mp-cg-rj
https://en.wikipedia.org/wiki/Ratan_Lal_Nath,en.wikipedia.org,encyclopedia,office-holder reference,1,mlas-mz-nl-tr
https://en.wikipedia.org/wiki/Ratanjit_Pratap_Narain_Singh,en.wikipedia.org,encyclopedia,office-holder reference,1,parliament-rajya-sabha
https://en.wikipedia.org/wiki/Rathin_Ghosh,en.wikipedia.org,encyclopedia,office-holder reference,1,mlas-wb-as-sk
https://en.wikipedia.org/wiki/Rathindra_Bose,en.wikipedia.org,encyclopedia,office-holder reference,1,mlas-wb-as-sk
https://en.wikipedia.org/wiki/Ratna_Debnath,en.wikipedia.org,encyclopedia,office-holder reference,1,mlas-wb-as-sk
https://en.wikipedia.org/wiki/Ratnakar_Gutte,en.wikipedia.org,encyclopedia,office-holder reference,1,mlas-mh-gj-ga
https://en.wikipedia.org/wiki/Ratnesh_Kumar_Kushwaha,en.wikipedia.org,encyclopedia,office-holder reference,1,mlas-br-jh-od
https://en.wikipedia.org/wiki/Ratnesh_Sada,en.wikipedia.org,encyclopedia,office-holder reference,1,mlas-br-jh-od
https://en.wikipedia.org/wiki/Ratu_Techi,en.wikipedia.org,encyclopedia,office-holder reference,1,mlas-jk-ar-mn-ml
https://en.wikipedia.org/wiki/Ravi_Naik,en.wikipedia.org,encyclopedia,office-holder reference,1,mlas-mh-gj-ga
https://en.wikipedia.org/wiki/Ravi_Rana,en.wikipedia.org,encyclopedia,office-holder reference,1,mlas-mh-gj-ga
https://en.wikipedia.org/wiki/Ravikant_Ujjain,en.wikipedia.org,encyclopedia,office-holder reference,1,mlas-pb-hr-hp-dl
https://en.wikipedia.org/wiki/Ravikumar_Gowda,en.wikipedia.org,encyclopedia,office-holder reference,1,mlas-ka-ap-tg
https://en.wikipedia.org/wiki/Ravinder_Singh_Negi,en.wikipedia.org,encyclopedia,office-holder reference,1,mlas-pb-hr-hp-dl
https://en.wikipedia.org/wiki/Ravindra_Chavan,en.wikipedia.org,encyclopedia,office-holder reference,1,mlas-mh-gj-ga
https://en.wikipedia.org/wiki/Ravindra_Phatak,en.wikipedia.org,encyclopedia,office-holder reference,1,mlas-mh-gj-ga
https://en.wikipedia.org/wiki/Ravindra_Singh_Bhati,en.wikipedia.org,encyclopedia,office-holder reference,1,mlas-mp-cg-rj
https://en.wikipedia.org/wiki/Ravindra_Vithalrao_Ghuge,en.wikipedia.org,encyclopedia,office-holder reference,1,judiciary-high-courts
https://en.wikipedia.org/wiki/Ravisheth_Patil,en.wikipedia.org,encyclopedia,office-holder reference,1,mlas-mh-gj-ga
https://en.wikipedia.org/wiki/Raymuni_Bhagat,en.wikipedia.org,encyclopedia,office-holder reference,1,mlas-mp-cg-rj
https://en.wikipedia.org/wiki/Reddeppagari_Madhavi,en.wikipedia.org,encyclopedia,office-holder reference,1,mlas-ka-ap-tg
https://en.wikipedia.org/wiki/Reddiarpatti_V._Narayanan,en.wikipedia.org,encyclopedia,office-holder reference,1,mlas-tn-kl-py
https://en.wikipedia.org/wiki/Reena_Devi,en.wikipedia.org,encyclopedia,office-holder reference,1,mlas-br-jh-od
https://en.wikipedia.org/wiki/Reena_Kashyap,en.wikipedia.org,encyclopedia,office-holder reference,1,mlas-pb-hr-hp-dl
https://en.wikipedia.org/wiki/Regam_Matyalingam,en.wikipedia.org,encyclopedia,office-holder reference,1,mlas-ka-ap-tg
https://en.wikipedia.org/wiki/Reji_Cheriyan,en.wikipedia.org,encyclopedia,office-holder reference,1,mlas-tn-kl-py
https://en.wikipedia.org/wiki/Rekha_Gupta,en.wikipedia.org,encyclopedia,office-holder reference,1,mlas-pb-hr-hp-dl
https://en.wikipedia.org/wiki/Rekha_Gupta_(politician),en.wikipedia.org,encyclopedia,office-holder reference,1,states-dl-jk-la
https://en.wikipedia.org/wiki/Rekha_Patra,en.wikipedia.org,encyclopedia,office-holder reference,1,mlas-wb-as-sk
https://en.wikipedia.org/wiki/Rekha_Sharma_(Indian_politician),en.wikipedia.org,encyclopedia,office-holder reference,1,parliament-rajya-sabha
https://en.wikipedia.org/wiki/Rekibuddin_Ahmed,en.wikipedia.org,encyclopedia,office-holder reference,1,mlas-wb-as-sk
https://en.wikipedia.org/wiki/Rekulapally_Bhoopathi_Reddy,en.wikipedia.org,encyclopedia,office-holder reference,1,mlas-ka-ap-tg
https://en.wikipedia.org/wiki/Remington_Gabil_Momin,en.wikipedia.org,encyclopedia,office-holder reference,1,mlas-jk-ar-mn-ml
https://en.wikipedia.org/wiki/Renikton_Lyngdoh_Tongkhar,en.wikipedia.org,encyclopedia,office-holder reference,1,mlas-jk-ar-mn-ml
https://en.wikipedia.org/wiki/Renu_Bala,en.wikipedia.org,encyclopedia,office-holder reference,1,mlas-pb-hr-hp-dl
https://en.wikipedia.org/wiki/Renu_Devi,en.wikipedia.org,encyclopedia,office-holder reference,1,mlas-br-jh-od
https://en.wikipedia.org/wiki/Renuka_Chowdhury,en.wikipedia.org,encyclopedia,office-holder reference,1,parliament-rajya-sabha
https://en.wikipedia.org/wiki/Renuka_Singh_(politician),en.wikipedia.org,encyclopedia,office-holder reference,1,mlas-mp-cg-rj
https://en.wikipedia.org/wiki/Revanth_Reddy,en.wikipedia.org,encyclopedia,office-holder reference,1,states-ka-ap-tg
https://en.wikipedia.org/wiki/Revati_Mohite_Dere,en.wikipedia.org,encyclopedia,office-holder reference,1,judiciary-high-courts
https://en.wikipedia.org/wiki/Rewant_Ram_Danga,en.wikipedia.org,encyclopedia,office-holder reference,1,mlas-mp-cg-rj
https://en.wikipedia.org/wiki/Reyat_Hossain_Sarkar,en.wikipedia.org,encyclopedia,office-holder reference,1,mlas-wb-as-sk
https://en.wikipedia.org/wiki/Reyaz_Ahmad_Khan,en.wikipedia.org,encyclopedia,office-holder reference,1,mlas-jk-ar-mn-ml
https://en.wikipedia.org/wiki/Rihon_Daimary,en.wikipedia.org,encyclopedia,office-holder reference,1,mlas-wb-as-sk
https://en.wikipedia.org/wiki/Rikesh_Sen,en.wikipedia.org,encyclopedia,office-holder reference,1,mlas-mp-cg-rj
https://en.wikipedia.org/wiki/Rikshal_Dorjee_Bhutia,en.wikipedia.org,encyclopedia,office-holder reference,1,mlas-wb-as-sk
https://en.wikipedia.org/wiki/Rishi_Agrawal,en.wikipedia.org,encyclopedia,office-holder reference,1,mlas-mp-cg-rj
https://en.wikipedia.org/wiki/Rishiraj_Hazarika,en.wikipedia.org,encyclopedia,office-holder reference,1,mlas-wb-as-sk
https://en.wikipedia.org/wiki/Rita_Choudhary,en.wikipedia.org,encyclopedia,office-holder reference,1,mlas-mp-cg-rj
https://en.wikipedia.org/wiki/Ritaben_Patel,en.wikipedia.org,encyclopedia,office-holder reference,1,mlas-mh-gj-ga
https://en.wikipedia.org/wiki/Ritesh_Tiwari,en.wikipedia.org,encyclopedia,office-holder reference,1,mlas-wb-as-sk
https://en.wikipedia.org/wiki/Ritesh_Vasava,en.wikipedia.org,encyclopedia,office-holder reference,1,mlas-mh-gj-ga
https://en.wikipedia.org/wiki/Riti_Pathak,en.wikipedia.org,encyclopedia,office-holder reference,1,mlas-mp-cg-rj
https://en.wikipedia.org/wiki/Ritu_Banawat,en.wikipedia.org,encyclopedia,office-holder reference,1,mlas-mp-cg-rj
https://en.wikipedia.org/wiki/Ritu_Baran_Sarmah,en.wikipedia.org,encyclopedia,office-holder reference,1,mlas-wb-as-sk
https://en.wikipedia.org/wiki/Rituraj_Kumar,en.wikipedia.org,encyclopedia,office-holder reference,1,mlas-br-jh-od
https://en.wikipedia.org/wiki/Rivaba_Jadeja,en.wikipedia.org,encyclopedia,office-holder reference,1,mlas-mh-gj-ga
https://en.wikipedia.org/wiki/Rizwan_Arshad,en.wikipedia.org,encyclopedia,office-holder reference,1,mlas-ka-ap-tg
https://en.wikipedia.org/wiki/Robert_Romawia_Royte,en.wikipedia.org,encyclopedia,office-holder reference,1,mlas-mz-nl-tr
https://en.wikipedia.org/wiki/Rode_Bui,en.wikipedia.org,encyclopedia,office-holder reference,1,mlas-jk-ar-mn-ml
https://en.wikipedia.org/wiki/Rodolfo_Fernandes_(politician),en.wikipedia.org,encyclopedia,office-holder reference,1,mlas-mh-gj-ga
https://en.wikipedia.org/wiki/Rohan_Khaunte,en.wikipedia.org,encyclopedia,office-holder reference,1,mlas-mh-gj-ga
https://en.wikipedia.org/wiki/Rohit_Bohra,en.wikipedia.org,encyclopedia,office-holder reference,1,mlas-mp-cg-rj
https://en.wikipedia.org/wiki/Rohit_Joseph_Tirkey,en.wikipedia.org,encyclopedia,office-holder reference,1,mlas-br-jh-od
https://en.wikipedia.org/wiki/Rohit_Pandey,en.wikipedia.org,encyclopedia,office-holder reference,1,mlas-br-jh-od
https://en.wikipedia.org/wiki/Rohit_Patil,en.wikipedia.org,encyclopedia,office-holder reference,1,mlas-mh-gj-ga
https://en.wikipedia.org/wiki/Rohit_Rajendra_Pawar,en.wikipedia.org,encyclopedia,office-holder reference,1,mlas-mh-gj-ga
https://en.wikipedia.org/wiki/Rohit_Sahu,en.wikipedia.org,encyclopedia,office-holder reference,1,mlas-mp-cg-rj
https://en.wikipedia.org/wiki/Rohit_Thakur_(politician),en.wikipedia.org,encyclopedia,office-holder reference,1,mlas-pb-hr-hp-dl
https://en.wikipedia.org/wiki/Roji_M._John,en.wikipedia.org,encyclopedia,office-holder reference,1,mlas-tn-kl-py
https://en.wikipedia.org/wiki/Romanch_Ranjan_Biswal,en.wikipedia.org,encyclopedia,office-holder reference,1,mlas-br-jh-od
https://en.wikipedia.org/wiki/Ronnie_V._Lyngdoh,en.wikipedia.org,encyclopedia,office-holder reference,1,mlas-jk-ar-mn-ml
https://en.wikipedia.org/wiki/Rony_K_Baby,en.wikipedia.org,encyclopedia,office-holder reference,1,mlas-tn-kl-py
https://en.wikipedia.org/wiki/Roopa_Ganguly,en.wikipedia.org,encyclopedia,office-holder reference,1,mlas-wb-as-sk
https://en.wikipedia.org/wiki/Roshan_Kumar_Songa,en.wikipedia.org,encyclopedia,office-holder reference,1,mlas-ka-ap-tg
https://en.wikipedia.org/wiki/Roshan_Lal_Choudhary,en.wikipedia.org,encyclopedia,office-holder reference,1,mlas-br-jh-od
https://en.wikipedia.org/wiki/Rotom_Tebin,en.wikipedia.org,encyclopedia,office-holder reference,1,mlas-jk-ar-mn-ml
https://en.wikipedia.org/wiki/Rourkela_Municipal_Corporation,en.wikipedia.org,encyclopedia,entity facts,1,states-br-jh-od
https://en.wikipedia.org/wiki/Roy_K_Paulose,en.wikipedia.org,encyclopedia,office-holder reference,1,mlas-tn-kl-py
https://en.wikipedia.org/wiki/Rudranil_Ghosh,en.wikipedia.org,encyclopedia,office-holder reference,1,mlas-wb-as-sk
https://en.wikipedia.org/wiki/Rudrappa_Lamani,en.wikipedia.org,encyclopedia,office-holder reference,1,mlas-ka-ap-tg
https://en.wikipedia.org/wiki/Rukbanur_Rahman,en.wikipedia.org,encyclopedia,office-holder reference,1,mlas-wb-as-sk
https://en.wikipedia.org/wiki/Rupa_M._Marak,en.wikipedia.org,encyclopedia,office-holder reference,1,mlas-jk-ar-mn-ml
https://en.wikipedia.org/wiki/Rupak_Sarmah,en.wikipedia.org,encyclopedia,office-holder reference,1,mlas-wb-as-sk
https://en.wikipedia.org/wiki/Rupali_Langthasa,en.wikipedia.org,encyclopedia,office-holder reference,1,mlas-wb-as-sk
https://en.wikipedia.org/wiki/Rupam_Chandra_Roy,en.wikipedia.org,encyclopedia,office-holder reference,1,mlas-wb-as-sk
https://en.wikipedia.org/wiki/Rupert_Momin,en.wikipedia.org,encyclopedia,office-holder reference,1,mlas-jk-ar-mn-ml
https://en.wikipedia.org/wiki/Rupesh_Gowala,en.wikipedia.org,encyclopedia,office-holder reference,1,mlas-wb-as-sk
https://en.wikipedia.org/wiki/Rupesh_Kumar_Panigrahi,en.wikipedia.org,encyclopedia,office-holder reference,1,mlas-br-jh-od
https://en.wikipedia.org/wiki/Rupinder_Singh,en.wikipedia.org,encyclopedia,office-holder reference,1,mlas-pb-hr-hp-dl
https://en.wikipedia.org/wiki/Rupinder_Singh_Kooner,en.wikipedia.org,encyclopedia,office-holder reference,1,mlas-mp-cg-rj
https://en.wikipedia.org/wiki/Rupjyoti_Kurmi,en.wikipedia.org,encyclopedia,office-holder reference,1,mlas-wb-as-sk
https://en.wikipedia.org/wiki/Rupu_Bhatra,en.wikipedia.org,encyclopedia,office-holder reference,1,mlas-br-jh-od
https://en.wikipedia.org/wiki/Rushikesh_Patel,en.wikipedia.org,encyclopedia,office-holder reference,1,mlas-mh-gj-ga
https://en.wikipedia.org/wiki/Rwngwra_Narzary,en.wikipedia.org,encyclopedia,office-holder reference,1,parliament-rajya-sabha
https://en.wikipedia.org/wiki/S._A._Dharmadhikari,en.wikipedia.org,encyclopedia,office-holder reference,1,judiciary-high-courts
https://en.wikipedia.org/wiki/S._Ambethkumar,en.wikipedia.org,encyclopedia,office-holder reference,1,mlas-tn-kl-py
https://en.wikipedia.org/wiki/S._Austin,en.wikipedia.org,encyclopedia,office-holder reference,1,mlas-tn-kl-py
https://en.wikipedia.org/wiki/S._Balamurugan,en.wikipedia.org,encyclopedia,office-holder reference,1,mlas-tn-kl-py
https://en.wikipedia.org/wiki/S._Gajendran,en.wikipedia.org,encyclopedia,office-holder reference,1,mlas-tn-kl-py
https://en.wikipedia.org/wiki/S._Kalyanasundaram,en.wikipedia.org,encyclopedia,office-holder reference,1,parliament-rajya-sabha
https://en.wikipedia.org/wiki/S._Kamaraj,en.wikipedia.org,encyclopedia,office-holder reference,1,mlas-tn-kl-py
https://en.wikipedia.org/wiki/S._Karthikeyan,en.wikipedia.org,encyclopedia,office-holder reference,1,mlas-tn-kl-py
https://en.wikipedia.org/wiki/S._Kathiravan,en.wikipedia.org,encyclopedia,office-holder reference,1,mlas-tn-kl-py
https://en.wikipedia.org/wiki/S._Keerthana,en.wikipedia.org,encyclopedia,office-holder reference,1,mlas-tn-kl-py
https://en.wikipedia.org/wiki/S._Kiusumew_Yimchunger,en.wikipedia.org,encyclopedia,office-holder reference,1,mlas-mz-nl-tr
https://en.wikipedia.org/wiki/S._L._Bhojegowda,en.wikipedia.org,encyclopedia,office-holder reference,1,mlas-ka-ap-tg
https://en.wikipedia.org/wiki/S._Lakshman,en.wikipedia.org,encyclopedia,office-holder reference,1,mlas-tn-kl-py
https://en.wikipedia.org/wiki/S._M._Sukumar,en.wikipedia.org,encyclopedia,office-holder reference,1,mlas-tn-kl-py
https://en.wikipedia.org/wiki/S._Madhusudhana_Chary,en.wikipedia.org,encyclopedia,office-holder reference,1,mlas-ka-ap-tg
https://en.wikipedia.org/wiki/S._Muniraju,en.wikipedia.org,encyclopedia,office-holder reference,1,mlas-ka-ap-tg
https://en.wikipedia.org/wiki/S._N._Narayanaswamy,en.wikipedia.org,encyclopedia,office-holder reference,1,mlas-ka-ap-tg
https://en.wikipedia.org/wiki/S._N._Subbareddy,en.wikipedia.org,encyclopedia,office-holder reference,1,mlas-ka-ap-tg
https://en.wikipedia.org/wiki/S._Niranjan_Reddy,en.wikipedia.org,encyclopedia,office-holder reference,1,parliament-rajya-sabha
https://en.wikipedia.org/wiki/S._P._Velumani,en.wikipedia.org,encyclopedia,office-holder reference,1,mlas-tn-kl-py
https://en.wikipedia.org/wiki/S._Palanisamy,en.wikipedia.org,encyclopedia,office-holder reference,1,mlas-tn-kl-py
https://en.wikipedia.org/wiki/S._R._Sivalingam,en.wikipedia.org,encyclopedia,office-holder reference,1,parliament-rajya-sabha
https://en.wikipedia.org/wiki/S._R._Srinivas,en.wikipedia.org,encyclopedia,office-holder reference,1,mlas-ka-ap-tg
https://en.wikipedia.org/wiki/S._R._Thangapandi,en.wikipedia.org,encyclopedia,office-holder reference,1,mlas-tn-kl-py
https://en.wikipedia.org/wiki/S._R._Vishwanath,en.wikipedia.org,encyclopedia,office-holder reference,1,mlas-ka-ap-tg
https://en.wikipedia.org/wiki/S._Raghu,en.wikipedia.org,encyclopedia,office-holder reference,1,mlas-ka-ap-tg
"https://en.wikipedia.org/wiki/S._Rajendran_(AIADMK_politician,_Ariyalur)",en.wikipedia.org,encyclopedia,office-holder reference,1,mlas-tn-kl-py
https://en.wikipedia.org/wiki/S._Rajeshkumar,en.wikipedia.org,encyclopedia,office-holder reference,1,mlas-tn-kl-py
https://en.wikipedia.org/wiki/S._Ramachandran_(Kalasapakkam),en.wikipedia.org,encyclopedia,office-holder reference,1,mlas-tn-kl-py
https://en.wikipedia.org/wiki/S._Ramesh_(TVK_politician),en.wikipedia.org,encyclopedia,office-holder reference,1,mlas-tn-kl-py
https://en.wikipedia.org/wiki/S._Regupathy,en.wikipedia.org,encyclopedia,office-holder reference,1,mlas-tn-kl-py
https://en.wikipedia.org/wiki/S._S._Mallikarjun,en.wikipedia.org,encyclopedia,office-holder reference,1,mlas-ka-ap-tg
https://en.wikipedia.org/wiki/S._S._Sivasankar,en.wikipedia.org,encyclopedia,office-holder reference,1,mlas-tn-kl-py
https://en.wikipedia.org/wiki/S._Savitha,en.wikipedia.org,encyclopedia,office-holder reference,1,mlas-ka-ap-tg
https://en.wikipedia.org/wiki/S._Sekar,en.wikipedia.org,encyclopedia,office-holder reference,1,mlas-tn-kl-py
https://en.wikipedia.org/wiki/S._Selvaganapathy,en.wikipedia.org,encyclopedia,office-holder reference,1,parliament-rajya-sabha
https://en.wikipedia.org/wiki/S._Shivaraj_Patil,en.wikipedia.org,encyclopedia,office-holder reference,1,mlas-ka-ap-tg
https://en.wikipedia.org/wiki/S._Suresh_Kumar,en.wikipedia.org,encyclopedia,office-holder reference,1,mlas-ka-ap-tg
https://en.wikipedia.org/wiki/S._T._Somashekhar,en.wikipedia.org,encyclopedia,office-holder reference,1,mlas-ka-ap-tg
https://en.wikipedia.org/wiki/S._Thiyagarajan,en.wikipedia.org,encyclopedia,office-holder reference,1,mlas-tn-kl-py
https://en.wikipedia.org/wiki/S._Toiho_Yeptho,en.wikipedia.org,encyclopedia,office-holder reference,1,mlas-mz-nl-tr
https://en.wikipedia.org/wiki/S._Velu,en.wikipedia.org,encyclopedia,office-holder reference,1,mlas-tn-kl-py
https://en.wikipedia.org/wiki/S._Vetrivel,en.wikipedia.org,encyclopedia,office-holder reference,1,mlas-tn-kl-py
https://en.wikipedia.org/wiki/S._Vijayakumar,en.wikipedia.org,encyclopedia,office-holder reference,1,mlas-tn-kl-py
https://en.wikipedia.org/wiki/Sabharam_Basumatary,en.wikipedia.org,encyclopedia,office-holder reference,1,mlas-wb-as-sk
https://en.wikipedia.org/wiki/Sabina_Yeasmin,en.wikipedia.org,encyclopedia,office-holder reference,1,mlas-wb-as-sk
https://en.wikipedia.org/wiki/Sabita_Mahato,en.wikipedia.org,encyclopedia,office-holder reference,1,mlas-br-jh-od
https://en.wikipedia.org/wiki/Sabitha_Indra_Reddy,en.wikipedia.org,encyclopedia,office-holder reference,1,mlas-ka-ap-tg
https://en.wikipedia.org/wiki/Sabitri_Barman,en.wikipedia.org,encyclopedia,office-holder reference,1,mlas-wb-as-sk
https://en.wikipedia.org/wiki/Sachchidanand_Rai,en.wikipedia.org,encyclopedia,office-holder reference,1,mlas-br-jh-od
https://en.wikipedia.org/wiki/Sachin_Ahir,en.wikipedia.org,encyclopedia,office-holder reference,1,mlas-mh-gj-ga
https://en.wikipedia.org/wiki/Sachin_Birla,en.wikipedia.org,encyclopedia,office-holder reference,1,mlas-mp-cg-rj
https://en.wikipedia.org/wiki/Sachin_Kalyanshetti,en.wikipedia.org,encyclopedia,office-holder reference,1,mlas-mh-gj-ga
https://en.wikipedia.org/wiki/Sachin_Patil_(politician),en.wikipedia.org,encyclopedia,office-holder reference,1,mlas-mh-gj-ga
https://en.wikipedia.org/wiki/Sachin_Pilot,en.wikipedia.org,encyclopedia,office-holder reference,1,mlas-mp-cg-rj
https://en.wikipedia.org/wiki/Sachin_Yadav_(Madhya_Pradesh_politician),en.wikipedia.org,encyclopedia,office-holder reference,1,mlas-mp-cg-rj
https://en.wikipedia.org/wiki/Sachindra_Prasad_Singh,en.wikipedia.org,encyclopedia,office-holder reference,1,mlas-br-jh-od
https://en.wikipedia.org/wiki/Sadabhau_Khot,en.wikipedia.org,encyclopedia,office-holder reference,1,mlas-mh-gj-ga
https://en.wikipedia.org/wiki/Sadanand_Date,en.wikipedia.org,encyclopedia,office-holder,1,states-mh-gj-ga
https://en.wikipedia.org/wiki/Sadanand_Tanavade,en.wikipedia.org,encyclopedia,office-holder reference,1,parliament-rajya-sabha
https://en.wikipedia.org/wiki/Sadhan_Ghosh,en.wikipedia.org,encyclopedia,office-holder reference,1,mlas-wb-as-sk
https://en.wikipedia.org/wiki/Sadhana_Singh_(politician),en.wikipedia.org,encyclopedia,office-holder reference,1,parliament-rajya-sabha
https://en.wikipedia.org/wiki/Sadhvi_Niranjan_Jyoti,en.wikipedia.org,encyclopedia,office-holder reference,1,constitutional-bodies
https://en.wikipedia.org/wiki/Sagar_Charan_Das,en.wikipedia.org,encyclopedia,office-holder reference,1,mlas-br-jh-od
https://en.wikipedia.org/wiki/Sagarika_Ghose,en.wikipedia.org,encyclopedia,office-holder reference,1,parliament-rajya-sabha
https://en.wikipedia.org/wiki/Sagarmala,en.wikipedia.org,encyclopedia,entity facts,1,ministries-c
https://en.wikipedia.org/wiki/Saha_Institute_of_Nuclear_Physics,en.wikipedia.org,encyclopedia,entity facts,1,ministries-d
https://en.wikipedia.org/wiki/Sahab_Singh_Gurjar,en.wikipedia.org,encyclopedia,office-holder reference,1,mlas-mp-cg-rj
https://en.wikipedia.org/wiki/Saharsa_Municipal_Corporation,en.wikipedia.org,encyclopedia,entity facts,1,states-br-jh-od
https://en.wikipedia.org/wiki/Sahi_Ram,en.wikipedia.org,encyclopedia,office-holder reference,1,mlas-pb-hr-hp-dl
https://en.wikipedia.org/wiki/Sai_Prakash_Dahake,en.wikipedia.org,encyclopedia,office-holder reference,1,mlas-mh-gj-ga
https://en.wikipedia.org/wiki/Saif_Ud_Din_Bhat,en.wikipedia.org,encyclopedia,office-holder reference,1,mlas-jk-ar-mn-ml
https://en.wikipedia.org/wiki/Saifullah_Mir,en.wikipedia.org,encyclopedia,office-holder reference,1,mlas-jk-ar-mn-ml
https://en.wikipedia.org/wiki/Saikat_Panja,en.wikipedia.org,encyclopedia,office-holder reference,1,mlas-wb-as-sk
https://en.wikipedia.org/wiki/Sailendra_Chandra_Nath,en.wikipedia.org,encyclopedia,office-holder reference,1,mlas-mz-nl-tr
https://en.wikipedia.org/wiki/Sainik_School,en.wikipedia.org,encyclopedia,entity facts,1,ministries-b2
https://en.wikipedia.org/wiki/Sajad_Gani_Lone,en.wikipedia.org,encyclopedia,office-holder reference,1,mlas-jk-ar-mn-ml
https://en.wikipedia.org/wiki/Sajad_Shaheen,en.wikipedia.org,encyclopedia,office-holder reference,1,mlas-jk-ar-mn-ml
https://en.wikipedia.org/wiki/Sajal_Ghosh,en.wikipedia.org,encyclopedia,office-holder reference,1,mlas-wb-as-sk
https://en.wikipedia.org/wiki/Sajeev_Joseph,en.wikipedia.org,encyclopedia,office-holder reference,1,mlas-tn-kl-py
https://en.wikipedia.org/wiki/Saji_Cherian,en.wikipedia.org,encyclopedia,office-holder reference,1,mlas-tn-kl-py
https://en.wikipedia.org/wiki/Sajid_Khan_Pathan,en.wikipedia.org,encyclopedia,office-holder reference,1,mlas-mh-gj-ga
https://en.wikipedia.org/wiki/Sajjad_Ahmad_Kichloo,en.wikipedia.org,encyclopedia,office-holder reference,1,parliament-rajya-sabha
https://en.wikipedia.org/wiki/Sajjad_Safi,en.wikipedia.org,encyclopedia,office-holder reference,1,mlas-jk-ar-mn-ml
https://en.wikipedia.org/wiki/Saleem_Ahmed,en.wikipedia.org,encyclopedia,office-holder reference,1,mlas-ka-ap-tg
https://en.wikipedia.org/wiki/Salhoutuonuo_Kruse,en.wikipedia.org,encyclopedia,office-holder reference,1,mlas-mz-nl-tr
https://en.wikipedia.org/wiki/Salman_Sagar,en.wikipedia.org,encyclopedia,office-holder reference,1,mlas-jk-ar-mn-ml
https://en.wikipedia.org/wiki/Samadhan_Autade,en.wikipedia.org,encyclopedia,office-holder reference,1,mlas-mh-gj-ga
https://en.wikipedia.org/wiki/Samar_Mukherjee_(Malda_politician),en.wikipedia.org,encyclopedia,office-holder reference,1,mlas-wb-as-sk
https://en.wikipedia.org/wiki/Samaram_Garasiya,en.wikipedia.org,encyclopedia,office-holder reference,1,mlas-mp-cg-rj
https://en.wikipedia.org/wiki/Samarendranath_Ghosh,en.wikipedia.org,encyclopedia,office-holder reference,1,mlas-wb-as-sk
https://en.wikipedia.org/wiki/Samarjit_Singh,en.wikipedia.org,encyclopedia,office-holder reference,1,mlas-mp-cg-rj
https://en.wikipedia.org/wiki/Samarth_Shamanur_Mallikarjun,en.wikipedia.org,encyclopedia,office-holder reference,1,mlas-ka-ap-tg
https://en.wikipedia.org/wiki/Samastipur,en.wikipedia.org,encyclopedia,entity facts,1,states-br-jh-od
https://en.wikipedia.org/wiki/Sambalpur_Municipal_Corporation,en.wikipedia.org,encyclopedia,entity facts,1,states-br-jh-od
https://en.wikipedia.org/wiki/Sambhaji_Patil_Nilangekar,en.wikipedia.org,encyclopedia,office-holder reference,1,mlas-mh-gj-ga
https://en.wikipedia.org/wiki/Sambhu_Lal_Chakma,en.wikipedia.org,encyclopedia,office-holder reference,1,mlas-mz-nl-tr
https://en.wikipedia.org/wiki/Samdup_Lepcha,en.wikipedia.org,encyclopedia,office-holder reference,1,mlas-wb-as-sk
https://en.wikipedia.org/wiki/Samdup_Tshering_Bhutia,en.wikipedia.org,encyclopedia,office-holder reference,1,mlas-wb-as-sk
https://en.wikipedia.org/wiki/Sameer_Meghe,en.wikipedia.org,encyclopedia,office-holder reference,1,mlas-mh-gj-ga
https://en.wikipedia.org/wiki/Samik_Bhattacharya,en.wikipedia.org,encyclopedia,office-holder reference,1,parliament-rajya-sabha
https://en.wikipedia.org/wiki/Samir_Kumar_Jana,en.wikipedia.org,encyclopedia,office-holder reference,1,mlas-wb-as-sk
https://en.wikipedia.org/wiki/Samir_Kumar_Panja,en.wikipedia.org,encyclopedia,office-holder reference,1,mlas-wb-as-sk
https://en.wikipedia.org/wiki/Samir_Mohanty,en.wikipedia.org,encyclopedia,office-holder reference,1,mlas-br-jh-od
https://en.wikipedia.org/wiki/Samir_Trimbakrao_Kunawar,en.wikipedia.org,encyclopedia,office-holder reference,1,mlas-mh-gj-ga
https://en.wikipedia.org/wiki/Samir_V._Kamat,en.wikipedia.org,encyclopedia,office-holder,1,ministries-b2
https://en.wikipedia.org/wiki/Samirul_Islam,en.wikipedia.org,encyclopedia,office-holder reference,1,parliament-rajya-sabha
https://en.wikipedia.org/wiki/Sammridh_Varma,en.wikipedia.org,encyclopedia,office-holder reference,1,mlas-br-jh-od
https://en.wikipedia.org/wiki/Sampad_Chandra_Swain,en.wikipedia.org,encyclopedia,office-holder reference,1,mlas-br-jh-od
https://en.wikipedia.org/wiki/Sampat_Agrawal,en.wikipedia.org,encyclopedia,office-holder reference,1,mlas-mp-cg-rj
https://en.wikipedia.org/wiki/Sampatiya_Uikey,en.wikipedia.org,encyclopedia,office-holder reference,1,mlas-mp-cg-rj
https://en.wikipedia.org/wiki/Sana_Malik,en.wikipedia.org,encyclopedia,office-holder reference,1,mlas-mh-gj-ga
https://en.wikipedia.org/wiki/Sana_Sathish,en.wikipedia.org,encyclopedia,office-holder reference,1,parliament-rajya-sabha
https://en.wikipedia.org/wiki/Sanasam_Premachandra_Singh,en.wikipedia.org,encyclopedia,office-holder reference,1,mlas-jk-ar-mn-ml
https://en.wikipedia.org/wiki/Sanat_Kumar_Gartia,en.wikipedia.org,encyclopedia,office-holder reference,1,mlas-br-jh-od
https://en.wikipedia.org/wiki/Sanat_Sardar,en.wikipedia.org,encyclopedia,office-holder reference,1,mlas-wb-as-sk
https://en.wikipedia.org/wiki/Sanatan_Bijuli,en.wikipedia.org,encyclopedia,office-holder reference,1,mlas-br-jh-od
https://en.wikipedia.org/wiki/Sanatan_Mahakud,en.wikipedia.org,encyclopedia,office-holder reference,1,mlas-br-jh-od
https://en.wikipedia.org/wiki/Sanbor_Shullai,en.wikipedia.org,encyclopedia,office-holder reference,1,mlas-jk-ar-mn-ml
https://en.wikipedia.org/wiki/Sandeep_Jakhar,en.wikipedia.org,encyclopedia,office-holder reference,1,mlas-pb-hr-hp-dl
https://en.wikipedia.org/wiki/Sandeep_Kshirsagar,en.wikipedia.org,encyclopedia,office-holder reference,1,mlas-mh-gj-ga
https://en.wikipedia.org/wiki/Sandeep_Mehta,en.wikipedia.org,encyclopedia,office-holder reference,1,judiciary-supreme-court
https://en.wikipedia.org/wiki/Sandeep_Pathak,en.wikipedia.org,encyclopedia,office-holder reference,1,parliament-rajya-sabha
https://en.wikipedia.org/wiki/Sandeep_Sahu,en.wikipedia.org,encyclopedia,office-holder reference,1,mlas-mp-cg-rj
https://en.wikipedia.org/wiki/Sandeep_Saurav,en.wikipedia.org,encyclopedia,office-holder reference,1,mlas-br-jh-od
https://en.wikipedia.org/wiki/Sandeep_Sehrawat,en.wikipedia.org,encyclopedia,office-holder reference,1,mlas-pb-hr-hp-dl
https://en.wikipedia.org/wiki/Sandeep_Sharma_(politician),en.wikipedia.org,encyclopedia,office-holder reference,1,mlas-mp-cg-rj
https://en.wikipedia.org/wiki/Sandeep_Shriprasad_Jaiswal,en.wikipedia.org,encyclopedia,office-holder reference,1,mlas-mp-cg-rj
https://en.wikipedia.org/wiki/Sandeep_Varier,en.wikipedia.org,encyclopedia,office-holder reference,1,mlas-tn-kl-py
https://en.wikipedia.org/wiki/Sandip_Desai,en.wikipedia.org,encyclopedia,office-holder reference,1,mlas-mh-gj-ga
https://en.wikipedia.org/wiki/Sandipan_Saha,en.wikipedia.org,encyclopedia,office-holder reference,1,mlas-wb-as-sk
https://en.wikipedia.org/wiki/Sangeeta_Balwant,en.wikipedia.org,encyclopedia,office-holder reference,1,parliament-rajya-sabha
https://en.wikipedia.org/wiki/Sangeeta_Sinha,en.wikipedia.org,encyclopedia,office-holder reference,1,mlas-mp-cg-rj
https://en.wikipedia.org/wiki/Sangeeta_Yadav,en.wikipedia.org,encyclopedia,office-holder reference,1,parliament-rajya-sabha
https://en.wikipedia.org/wiki/Sangita_Devi,en.wikipedia.org,encyclopedia,office-holder reference,1,mlas-br-jh-od
https://en.wikipedia.org/wiki/Sangita_Kumari_(politician),en.wikipedia.org,encyclopedia,office-holder reference,1,mlas-br-jh-od
https://en.wikipedia.org/wiki/Sangita_Patil,en.wikipedia.org,encyclopedia,office-holder reference,1,mlas-mh-gj-ga
https://en.wikipedia.org/wiki/Sangita_Roy,en.wikipedia.org,encyclopedia,office-holder reference,1,mlas-wb-as-sk
https://en.wikipedia.org/wiki/Sangram_Arun_Jagtap,en.wikipedia.org,encyclopedia,office-holder reference,1,mlas-mh-gj-ga
https://en.wikipedia.org/wiki/Sanjali_Murmu,en.wikipedia.org,encyclopedia,office-holder reference,1,mlas-br-jh-od
https://en.wikipedia.org/wiki/Sanjana_Jadhav,en.wikipedia.org,encyclopedia,office-holder reference,1,mlas-mh-gj-ga
https://en.wikipedia.org/wiki/Sanjay_A._Sangma,en.wikipedia.org,encyclopedia,office-holder reference,1,mlas-jk-ar-mn-ml
https://en.wikipedia.org/wiki/Sanjay_Awasthy,en.wikipedia.org,encyclopedia,office-holder reference,1,mlas-pb-hr-hp-dl
https://en.wikipedia.org/wiki/Sanjay_Bansode,en.wikipedia.org,encyclopedia,office-holder reference,1,mlas-mh-gj-ga
https://en.wikipedia.org/wiki/Sanjay_Bhatia,en.wikipedia.org,encyclopedia,office-holder reference,1,parliament-rajya-sabha
https://en.wikipedia.org/wiki/Sanjay_Bhende,en.wikipedia.org,encyclopedia,office-holder reference,1,mlas-mh-gj-ga
https://en.wikipedia.org/wiki/Sanjay_Derkar,en.wikipedia.org,encyclopedia,office-holder reference,1,mlas-mh-gj-ga
https://en.wikipedia.org/wiki/Sanjay_Gaikwad,en.wikipedia.org,encyclopedia,office-holder reference,1,mlas-mh-gj-ga
https://en.wikipedia.org/wiki/Sanjay_Goyal,en.wikipedia.org,encyclopedia,office-holder reference,1,mlas-pb-hr-hp-dl
https://en.wikipedia.org/wiki/Sanjay_Hanmantrao_Puram,en.wikipedia.org,encyclopedia,office-holder reference,1,mlas-mh-gj-ga
https://en.wikipedia.org/wiki/Sanjay_Khodke,en.wikipedia.org,encyclopedia,office-holder reference,1,mlas-mh-gj-ga
https://en.wikipedia.org/wiki/Sanjay_Koradiya,en.wikipedia.org,encyclopedia,office-holder reference,1,mlas-mh-gj-ga
https://en.wikipedia.org/wiki/Sanjay_Kumar_Agrawal,en.wikipedia.org,encyclopedia,office-holder reference,1,judiciary-high-courts
https://en.wikipedia.org/wiki/Sanjay_Kumar_Gupta_(BJP_politician),en.wikipedia.org,encyclopedia,office-holder reference,1,mlas-br-jh-od
https://en.wikipedia.org/wiki/Sanjay_Kumar_Jatav,en.wikipedia.org,encyclopedia,office-holder reference,1,mlas-mp-cg-rj
https://en.wikipedia.org/wiki/Sanjay_Kumar_Pandey,en.wikipedia.org,encyclopedia,office-holder reference,1,mlas-br-jh-od
https://en.wikipedia.org/wiki/Sanjay_Kumar_Singh_(Bally_politician),en.wikipedia.org,encyclopedia,office-holder reference,1,mlas-wb-as-sk
https://en.wikipedia.org/wiki/Sanjay_Kumar_Singh_(BJP_politician),en.wikipedia.org,encyclopedia,office-holder reference,1,mlas-br-jh-od
https://en.wikipedia.org/wiki/Sanjay_Kumar_Singh_(CPI_politician),en.wikipedia.org,encyclopedia,office-holder reference,1,mlas-br-jh-od
https://en.wikipedia.org/wiki/Sanjay_Kumar_Singh_(LJP_politician),en.wikipedia.org,encyclopedia,office-holder reference,1,mlas-br-jh-od
https://en.wikipedia.org/wiki/Sanjay_Kumar_Singh_Yadav,en.wikipedia.org,encyclopedia,office-holder reference,1,mlas-br-jh-od
https://en.wikipedia.org/wiki/Sanjay_Kute,en.wikipedia.org,encyclopedia,office-holder reference,1,mlas-mh-gj-ga
https://en.wikipedia.org/wiki/Sanjay_Malhotra,en.wikipedia.org,encyclopedia,office-holder reference,1,regulators
https://en.wikipedia.org/wiki/Sanjay_Mayukh,en.wikipedia.org,encyclopedia,office-holder reference,1,mlas-br-jh-od
https://en.wikipedia.org/wiki/Sanjay_Meshram,en.wikipedia.org,encyclopedia,office-holder reference,1,mlas-mh-gj-ga
https://en.wikipedia.org/wiki/Sanjay_Mukund_Kelkar,en.wikipedia.org,encyclopedia,office-holder reference,1,mlas-mh-gj-ga
https://en.wikipedia.org/wiki/Sanjay_Paswan,en.wikipedia.org,encyclopedia,office-holder reference,1,mlas-br-jh-od
https://en.wikipedia.org/wiki/Sanjay_Pathak,en.wikipedia.org,encyclopedia,office-holder reference,1,mlas-mp-cg-rj
https://en.wikipedia.org/wiki/Sanjay_Potnis,en.wikipedia.org,encyclopedia,office-holder reference,1,mlas-mh-gj-ga
https://en.wikipedia.org/wiki/Sanjay_Prasad_Yadav,en.wikipedia.org,encyclopedia,office-holder reference,1,mlas-br-jh-od
https://en.wikipedia.org/wiki/Sanjay_Rathod,en.wikipedia.org,encyclopedia,office-holder reference,1,mlas-mh-gj-ga
https://en.wikipedia.org/wiki/Sanjay_Rattan,en.wikipedia.org,encyclopedia,office-holder reference,1,mlas-pb-hr-hp-dl
https://en.wikipedia.org/wiki/Sanjay_Raut,en.wikipedia.org,encyclopedia,office-holder reference,1,parliament-rajya-sabha
https://en.wikipedia.org/wiki/Sanjay_Saraogi,en.wikipedia.org,encyclopedia,office-holder reference,1,mlas-br-jh-od
https://en.wikipedia.org/wiki/Sanjay_Savkare,en.wikipedia.org,encyclopedia,office-holder reference,1,mlas-mh-gj-ga
https://en.wikipedia.org/wiki/Sanjay_Seth_(Uttar_Pradesh_politician),en.wikipedia.org,encyclopedia,office-holder reference,1,parliament-rajya-sabha
https://en.wikipedia.org/wiki/Sanjay_Sharma_(politician),en.wikipedia.org,encyclopedia,office-holder reference,1,mlas-mp-cg-rj
https://en.wikipedia.org/wiki/Sanjay_Shirsat,en.wikipedia.org,encyclopedia,office-holder reference,1,mlas-mh-gj-ga
https://en.wikipedia.org/wiki/Sanjay_Singh_(Uttar_Pradesh_politician),en.wikipedia.org,encyclopedia,office-holder reference,1,parliament-rajya-sabha
https://en.wikipedia.org/wiki/Sanjay_Singh_Tiger,en.wikipedia.org,encyclopedia,office-holder reference,1,mlas-br-jh-od
https://en.wikipedia.org/wiki/Sanjay_Uikey,en.wikipedia.org,encyclopedia,office-holder reference,1,mlas-mp-cg-rj
https://en.wikipedia.org/wiki/Sanjay_Upadhyay,en.wikipedia.org,encyclopedia,office-holder reference,1,mlas-mh-gj-ga
https://en.wikipedia.org/wiki/Sanjay_Vatsayan,en.wikipedia.org,encyclopedia,office-holder,1,ministries-b2
https://en.wikipedia.org/wiki/Sanjay_Yadav_(Bihar_politician),en.wikipedia.org,encyclopedia,office-holder reference,1,parliament-rajya-sabha
https://en.wikipedia.org/wiki/Sanjaysinh_Mahida,en.wikipedia.org,encyclopedia,office-holder reference,1,mlas-mh-gj-ga
https://en.wikipedia.org/wiki/Sanjeev_Beniwal,en.wikipedia.org,encyclopedia,office-holder reference,1,mlas-mp-cg-rj
https://en.wikipedia.org/wiki/Sanjeev_Jha,en.wikipedia.org,encyclopedia,office-holder reference,1,mlas-pb-hr-hp-dl
https://en.wikipedia.org/wiki/Sanjeev_Kumar_Singh_(politician),en.wikipedia.org,encyclopedia,office-holder reference,1,mlas-br-jh-od
https://en.wikipedia.org/wiki/Sanjeev_Sachdeva,en.wikipedia.org,encyclopedia,office-holder reference,1,judiciary-supreme-court
https://en.wikipedia.org/wiki/Sanjib_Kumar_Mallick,en.wikipedia.org,encyclopedia,office-holder reference,1,mlas-br-jh-od
https://en.wikipedia.org/wiki/Sanjib_Sardar,en.wikipedia.org,encyclopedia,office-holder reference,1,mlas-br-jh-od
https://en.wikipedia.org/wiki/Sanjit_Kharel,en.wikipedia.org,encyclopedia,office-holder reference,1,mlas-wb-as-sk
https://en.wikipedia.org/wiki/Sanjiv_Chaurasiya,en.wikipedia.org,encyclopedia,office-holder reference,1,mlas-br-jh-od
https://en.wikipedia.org/wiki/Sanjoy_Kishan,en.wikipedia.org,encyclopedia,office-holder reference,1,mlas-wb-as-sk
https://en.wikipedia.org/wiki/Sanjoy_Manik_Tripura,en.wikipedia.org,encyclopedia,office-holder reference,1,mlas-mz-nl-tr
https://en.wikipedia.org/wiki/Sankalp_Amonkar,en.wikipedia.org,encyclopedia,office-holder reference,1,mlas-mh-gj-ga
https://en.wikipedia.org/wiki/Sankar_Chatterjee_(politician),en.wikipedia.org,encyclopedia,office-holder reference,1,mlas-wb-as-sk
https://en.wikipedia.org/wiki/Sankar_Kumar_Guchhait,en.wikipedia.org,encyclopedia,office-holder reference,1,mlas-wb-as-sk
https://en.wikipedia.org/wiki/Sankar_Sikder,en.wikipedia.org,encyclopedia,office-holder reference,1,mlas-wb-as-sk
https://en.wikipedia.org/wiki/Santa_Mary_Shylla,en.wikipedia.org,encyclopedia,office-holder reference,1,mlas-jk-ar-mn-ml
https://en.wikipedia.org/wiki/Santana_Chakma,en.wikipedia.org,encyclopedia,office-holder reference,1,mlas-mz-nl-tr
https://en.wikipedia.org/wiki/Santanu_Dey,en.wikipedia.org,encyclopedia,office-holder reference,1,mlas-wb-as-sk
https://en.wikipedia.org/wiki/Santanu_Pramanik,en.wikipedia.org,encyclopedia,office-holder reference,1,mlas-wb-as-sk
https://en.wikipedia.org/wiki/Santosh_Bangar,en.wikipedia.org,encyclopedia,office-holder reference,1,mlas-mh-gj-ga
https://en.wikipedia.org/wiki/Santosh_Danve,en.wikipedia.org,encyclopedia,office-holder reference,1,mlas-mh-gj-ga
https://en.wikipedia.org/wiki/Santosh_Khatua,en.wikipedia.org,encyclopedia,office-holder reference,1,mlas-br-jh-od
https://en.wikipedia.org/wiki/Santosh_Kumar_Nirala,en.wikipedia.org,encyclopedia,office-holder reference,1,mlas-br-jh-od
https://en.wikipedia.org/wiki/Santosh_Kumar_Singh,en.wikipedia.org,encyclopedia,office-holder reference,1,mlas-br-jh-od
https://en.wikipedia.org/wiki/Santosh_Kumar_Suman,en.wikipedia.org,encyclopedia,office-holder reference,1,mlas-br-jh-od
https://en.wikipedia.org/wiki/Santosh_Kumari_Katariaa,en.wikipedia.org,encyclopedia,office-holder reference,1,mlas-pb-hr-hp-dl
https://en.wikipedia.org/wiki/Santosh_Lad,en.wikipedia.org,encyclopedia,office-holder reference,1,mlas-ka-ap-tg
https://en.wikipedia.org/wiki/Santosh_Varkade,en.wikipedia.org,encyclopedia,office-holder reference,1,mlas-mp-cg-rj
https://en.wikipedia.org/wiki/Santrupt_Misra,en.wikipedia.org,encyclopedia,office-holder reference,1,parliament-rajya-sabha
https://en.wikipedia.org/wiki/Santu_Pan,en.wikipedia.org,encyclopedia,office-holder reference,1,mlas-wb-as-sk
https://en.wikipedia.org/wiki/Sapam_Kunjakeswor_Singh,en.wikipedia.org,encyclopedia,office-holder reference,1,mlas-jk-ar-mn-ml
https://en.wikipedia.org/wiki/Sapam_Nishikant_Singh,en.wikipedia.org,encyclopedia,office-holder reference,1,mlas-jk-ar-mn-ml
https://en.wikipedia.org/wiki/Sapam_Ranjan_Singh,en.wikipedia.org,encyclopedia,office-holder reference,1,mlas-jk-ar-mn-ml
https://en.wikipedia.org/wiki/Sarada_Prasad_Padhan,en.wikipedia.org,encyclopedia,office-holder reference,1,mlas-br-jh-od
https://en.wikipedia.org/wiki/Sarada_Prasanna_Jena,en.wikipedia.org,encyclopedia,office-holder reference,1,mlas-br-jh-od
https://en.wikipedia.org/wiki/Sarada_Prashad_Nayak,en.wikipedia.org,encyclopedia,office-holder reference,1,mlas-br-jh-od
https://en.wikipedia.org/wiki/Saravjit_Kaur_Manuke,en.wikipedia.org,encyclopedia,office-holder reference,1,mlas-pb-hr-hp-dl
https://en.wikipedia.org/wiki/Sarbori_Mukherjee,en.wikipedia.org,encyclopedia,office-holder reference,1,mlas-wb-as-sk
https://en.wikipedia.org/wiki/Sardarsinh_Chaudhary,en.wikipedia.org,encyclopedia,office-holder reference,1,mlas-mh-gj-ga
https://en.wikipedia.org/wiki/Sarfaraz_Ahmad,en.wikipedia.org,encyclopedia,office-holder reference,1,parliament-rajya-sabha
https://en.wikipedia.org/wiki/Sarla_Vijendra_Rawat,en.wikipedia.org,encyclopedia,office-holder reference,1,mlas-mp-cg-rj
https://en.wikipedia.org/wiki/Sarmistha_Purkait,en.wikipedia.org,encyclopedia,office-holder reference,1,mlas-wb-as-sk
https://en.wikipedia.org/wiki/Saroj_Ahire,en.wikipedia.org,encyclopedia,office-holder reference,1,mlas-mh-gj-ga
https://en.wikipedia.org/wiki/Saroj_Kumar_Padhi,en.wikipedia.org,encyclopedia,office-holder reference,1,mlas-br-jh-od
https://en.wikipedia.org/wiki/Saroj_Kumar_Pradhan,en.wikipedia.org,encyclopedia,office-holder reference,1,mlas-br-jh-od
https://en.wikipedia.org/wiki/Sarvan_Singh_Dhun,en.wikipedia.org,encyclopedia,office-holder reference,1,mlas-pb-hr-hp-dl
https://en.wikipedia.org/wiki/Sarwar_Alam,en.wikipedia.org,encyclopedia,office-holder reference,1,mlas-br-jh-od
https://en.wikipedia.org/wiki/Saryu_Roy_(Politician),en.wikipedia.org,encyclopedia,office-holder reference,1,mlas-br-jh-od
https://en.wikipedia.org/wiki/Sasaram,en.wikipedia.org,encyclopedia,entity facts,1,states-br-jh-od
https://en.wikipedia.org/wiki/Sashastra_Seema_Bal,en.wikipedia.org,encyclopedia,office-holder,1,ministries-b1
https://en.wikipedia.org/wiki/Sashi_Kanta_Das,en.wikipedia.org,encyclopedia,office-holder reference,1,mlas-wb-as-sk
https://en.wikipedia.org/wiki/Sasmit_Patra,en.wikipedia.org,encyclopedia,office-holder reference,1,parliament-rajya-sabha
https://en.wikipedia.org/wiki/Sat_Paul_Sharma,en.wikipedia.org,encyclopedia,office-holder reference,1,parliament-rajya-sabha
https://en.wikipedia.org/wiki/Satanand_Sambuddha,en.wikipedia.org,encyclopedia,office-holder reference,1,mlas-br-jh-od
https://en.wikipedia.org/wiki/Satej_Patil,en.wikipedia.org,encyclopedia,office-holder reference,1,mlas-mh-gj-ga
https://en.wikipedia.org/wiki/Sathish_Christopher,en.wikipedia.org,encyclopedia,office-holder reference,1,mlas-tn-kl-py
https://en.wikipedia.org/wiki/Sathya._M,en.wikipedia.org,encyclopedia,office-holder reference,1,mlas-tn-kl-py
https://en.wikipedia.org/wiki/Satish_Chandra_Rai_(politician),en.wikipedia.org,encyclopedia,office-holder reference,1,mlas-wb-as-sk
https://en.wikipedia.org/wiki/Satish_Chandra_Sharma,en.wikipedia.org,encyclopedia,office-holder reference,1,judiciary-supreme-court
https://en.wikipedia.org/wiki/Satish_Chavan,en.wikipedia.org,encyclopedia,office-holder reference,1,mlas-mh-gj-ga
https://en.wikipedia.org/wiki/Satish_Jarkiholi,en.wikipedia.org,encyclopedia,office-holder reference,1,mlas-ka-ap-tg
https://en.wikipedia.org/wiki/Satish_Krishna_Sail,en.wikipedia.org,encyclopedia,office-holder reference,1,mlas-ka-ap-tg
https://en.wikipedia.org/wiki/Satish_Kumar_Phagna,en.wikipedia.org,encyclopedia,office-holder reference,1,mlas-pb-hr-hp-dl
https://en.wikipedia.org/wiki/Satish_Kumar_Sah,en.wikipedia.org,encyclopedia,office-holder reference,1,mlas-br-jh-od
https://en.wikipedia.org/wiki/Satish_Kumar_Sharma,en.wikipedia.org,encyclopedia,office-holder reference,1,mlas-jk-ar-mn-ml
https://en.wikipedia.org/wiki/Satish_Kumar_Singh_Yadav,en.wikipedia.org,encyclopedia,office-holder reference,1,mlas-br-jh-od
https://en.wikipedia.org/wiki/Satish_Malviya,en.wikipedia.org,encyclopedia,office-holder reference,1,mlas-mp-cg-rj
https://en.wikipedia.org/wiki/Satish_Poonia,en.wikipedia.org,encyclopedia,office-holder reference,1,parliament-rajya-sabha
https://en.wikipedia.org/wiki/Satish_Sharma,en.wikipedia.org,encyclopedia,office-holder reference,1,mlas-jk-ar-mn-ml
https://en.wikipedia.org/wiki/Satish_Sikarwar,en.wikipedia.org,encyclopedia,office-holder reference,1,mlas-mp-cg-rj
https://en.wikipedia.org/wiki/Satish_Upadhyay,en.wikipedia.org,encyclopedia,office-holder reference,1,mlas-pb-hr-hp-dl
https://en.wikipedia.org/wiki/Satnam_Singh_Sandhu,en.wikipedia.org,encyclopedia,office-holder reference,1,parliament-rajya-sabha
https://en.wikipedia.org/wiki/Satpal_Jamba,en.wikipedia.org,encyclopedia,office-holder reference,1,mlas-pb-hr-hp-dl
https://en.wikipedia.org/wiki/Satpal_Singh_Satti,en.wikipedia.org,encyclopedia,office-holder reference,1,mlas-pb-hr-hp-dl
https://en.wikipedia.org/wiki/Satrughan_Jena,en.wikipedia.org,encyclopedia,office-holder reference,1,mlas-br-jh-od
https://en.wikipedia.org/wiki/Sattur_Ramachandran,en.wikipedia.org,encyclopedia,office-holder reference,1,mlas-tn-kl-py
https://en.wikipedia.org/wiki/Satya_Kumar_Yadav,en.wikipedia.org,encyclopedia,office-holder reference,1,mlas-ka-ap-tg
https://en.wikipedia.org/wiki/Satyajeet_Gomango,en.wikipedia.org,encyclopedia,office-holder reference,1,mlas-br-jh-od
https://en.wikipedia.org/wiki/Satyajeet_Tambe,en.wikipedia.org,encyclopedia,office-holder reference,1,mlas-mh-gj-ga
https://en.wikipedia.org/wiki/Satyajit_Deshmukh,en.wikipedia.org,encyclopedia,office-holder reference,1,mlas-mh-gj-ga
https://en.wikipedia.org/wiki/Satyanarayan_Mukhopadhyay,en.wikipedia.org,encyclopedia,office-holder reference,1,mlas-wb-as-sk
https://en.wikipedia.org/wiki/Satyanarayana_Pithani,en.wikipedia.org,encyclopedia,office-holder reference,1,mlas-ka-ap-tg
https://en.wikipedia.org/wiki/Satyendra_Nath_Ray,en.wikipedia.org,encyclopedia,office-holder reference,1,mlas-wb-as-sk
https://en.wikipedia.org/wiki/Satyendra_Nath_Tiwari,en.wikipedia.org,encyclopedia,office-holder reference,1,mlas-br-jh-od
https://en.wikipedia.org/wiki/Saurabh_Joshi,en.wikipedia.org,encyclopedia,office-holder reference,1,states-pb-hr-ch-r2
https://en.wikipedia.org/wiki/Savitri_Devi_(Bihar_politician),en.wikipedia.org,encyclopedia,office-holder reference,1,mlas-br-jh-od
https://en.wikipedia.org/wiki/Savitri_Jindal,en.wikipedia.org,encyclopedia,office-holder reference,1,mlas-pb-hr-hp-dl
https://en.wikipedia.org/wiki/Savitri_Manoj_Mandavi,en.wikipedia.org,encyclopedia,office-holder reference,1,mlas-mp-cg-rj
https://en.wikipedia.org/wiki/Science_and_Engineering_Research_Board,en.wikipedia.org,encyclopedia,entity facts,1,ministries-g
https://en.wikipedia.org/wiki/Sebastian_M._J,en.wikipedia.org,encyclopedia,office-holder reference,1,mlas-tn-kl-py
https://en.wikipedia.org/wiki/Sedapatti_M._Manimaran,en.wikipedia.org,encyclopedia,office-holder reference,1,mlas-tn-kl-py
https://en.wikipedia.org/wiki/Seema_Dwivedi,en.wikipedia.org,encyclopedia,office-holder reference,1,parliament-rajya-sabha
https://en.wikipedia.org/wiki/Seema_Mahesh_Hiray,en.wikipedia.org,encyclopedia,office-holder reference,1,mlas-mh-gj-ga
https://en.wikipedia.org/wiki/Seethakka,en.wikipedia.org,encyclopedia,office-holder reference,1,mlas-ka-ap-tg
https://en.wikipedia.org/wiki/Sejalben_Pandya,en.wikipedia.org,encyclopedia,office-holder reference,1,mlas-mh-gj-ga
https://en.wikipedia.org/wiki/Sena_Mahesh_Patel,en.wikipedia.org,encyclopedia,office-holder reference,1,mlas-mp-cg-rj
https://en.wikipedia.org/wiki/Senapathy_Venu,en.wikipedia.org,encyclopedia,office-holder reference,1,mlas-tn-kl-py
https://en.wikipedia.org/wiki/Sengchim_N._Sangma,en.wikipedia.org,encyclopedia,office-holder reference,1,mlas-jk-ar-mn-ml
https://en.wikipedia.org/wiki/Serious_Fraud_Investigation_Office,en.wikipedia.org,encyclopedia,office-holder,1,ministries-a
https://en.wikipedia.org/wiki/Sethrongkyu_Sangtam,en.wikipedia.org,encyclopedia,office-holder reference,1,mlas-mz-nl-tr
https://en.wikipedia.org/wiki/Seuli_Saha,en.wikipedia.org,encyclopedia,office-holder reference,1,mlas-wb-as-sk
https://en.wikipedia.org/wiki/Sewli_Mohilary,en.wikipedia.org,encyclopedia,office-holder reference,1,mlas-wb-as-sk
https://en.wikipedia.org/wiki/Shabir_Ahmad_Kullay,en.wikipedia.org,encyclopedia,office-holder reference,1,mlas-jk-ar-mn-ml
https://en.wikipedia.org/wiki/Shafi_Ahmad_Wani,en.wikipedia.org,encyclopedia,office-holder reference,1,mlas-jk-ar-mn-ml
https://en.wikipedia.org/wiki/Shagun_Parihar,en.wikipedia.org,encyclopedia,office-holder reference,1,mlas-jk-ar-mn-ml
https://en.wikipedia.org/wiki/Shahjahan_Basha,en.wikipedia.org,encyclopedia,office-holder reference,1,mlas-ka-ap-tg
https://en.wikipedia.org/wiki/Shailendra_Beldale,en.wikipedia.org,encyclopedia,office-holder reference,1,mlas-ka-ap-tg
https://en.wikipedia.org/wiki/Shailendra_Kumar_Jain,en.wikipedia.org,encyclopedia,office-holder reference,1,mlas-mp-cg-rj
https://en.wikipedia.org/wiki/Shailesh_Bhabhor,en.wikipedia.org,encyclopedia,office-holder reference,1,mlas-mh-gj-ga
https://en.wikipedia.org/wiki/Shailesh_Kumar_Mandal,en.wikipedia.org,encyclopedia,office-holder reference,1,mlas-br-jh-od
https://en.wikipedia.org/wiki/Shailesh_Parmar,en.wikipedia.org,encyclopedia,office-holder reference,1,mlas-mh-gj-ga
https://en.wikipedia.org/wiki/Shailesh_Singh,en.wikipedia.org,encyclopedia,office-holder reference,1,mlas-mp-cg-rj
https://en.wikipedia.org/wiki/Shailesh_Sotta,en.wikipedia.org,encyclopedia,office-holder reference,1,mlas-mh-gj-ga
https://en.wikipedia.org/wiki/Shakliar_Warjri,en.wikipedia.org,encyclopedia,office-holder reference,1,mlas-jk-ar-mn-ml
https://en.wikipedia.org/wiki/Shakti_Raj_Parihar,en.wikipedia.org,encyclopedia,office-holder reference,1,mlas-jk-ar-mn-ml
https://en.wikipedia.org/wiki/Shakti_Rani_Sharma,en.wikipedia.org,encyclopedia,office-holder reference,1,mlas-pb-hr-hp-dl
https://en.wikipedia.org/wiki/Shakuntala_Singh_Portey,en.wikipedia.org,encyclopedia,office-holder reference,1,mlas-mp-cg-rj
https://en.wikipedia.org/wiki/Shakuntla_Khatak,en.wikipedia.org,encyclopedia,office-holder reference,1,mlas-pb-hr-hp-dl
https://en.wikipedia.org/wiki/Shalini_Mishra,en.wikipedia.org,encyclopedia,office-holder reference,1,mlas-br-jh-od
https://en.wikipedia.org/wiki/Shalley_Chaudhary,en.wikipedia.org,encyclopedia,office-holder reference,1,mlas-pb-hr-hp-dl
https://en.wikipedia.org/wiki/Sham_Lal_Sharma,en.wikipedia.org,encyclopedia,office-holder reference,1,mlas-jk-ar-mn-ml
https://en.wikipedia.org/wiki/Shambhu_Nath_Singh_Yadav,en.wikipedia.org,encyclopedia,office-holder reference,1,mlas-br-jh-od
https://en.wikipedia.org/wiki/Shambhu_Sharan_Patel,en.wikipedia.org,encyclopedia,office-holder reference,1,parliament-rajya-sabha
https://en.wikipedia.org/wiki/Shambhuprasad_Tundiya,en.wikipedia.org,encyclopedia,office-holder reference,1,mlas-mh-gj-ga
https://en.wikipedia.org/wiki/Shambhuraj_Desai,en.wikipedia.org,encyclopedia,office-holder reference,1,mlas-mh-gj-ga
https://en.wikipedia.org/wiki/Shambulingaiah_Ravi,en.wikipedia.org,encyclopedia,office-holder reference,1,mlas-ka-ap-tg
https://en.wikipedia.org/wiki/Shamim_Firdous,en.wikipedia.org,encyclopedia,office-holder reference,1,mlas-jk-ar-mn-ml
https://en.wikipedia.org/wiki/Shamji_Chauhan,en.wikipedia.org,encyclopedia,office-holder reference,1,mlas-mh-gj-ga
https://en.wikipedia.org/wiki/Shanimol_Osman,en.wikipedia.org,encyclopedia,office-holder reference,1,mlas-tn-kl-py
https://en.wikipedia.org/wiki/Shankar_Chaudhary,en.wikipedia.org,encyclopedia,office-holder reference,1,mlas-mh-gj-ga
https://en.wikipedia.org/wiki/Shankar_Ghosh_(politician),en.wikipedia.org,encyclopedia,office-holder reference,1,mlas-wb-as-sk
https://en.wikipedia.org/wiki/Shankar_Jagtap,en.wikipedia.org,encyclopedia,office-holder reference,1,mlas-mh-gj-ga
https://en.wikipedia.org/wiki/Shankar_Mandekar,en.wikipedia.org,encyclopedia,office-holder reference,1,mlas-mh-gj-ga
https://en.wikipedia.org/wiki/Shankar_Singh_Rawat,en.wikipedia.org,encyclopedia,office-holder reference,1,mlas-mp-cg-rj
https://en.wikipedia.org/wiki/Shankarlal_Decha,en.wikipedia.org,encyclopedia,office-holder reference,1,mlas-mp-cg-rj
https://en.wikipedia.org/wiki/Shanta_Meena,en.wikipedia.org,encyclopedia,office-holder reference,1,mlas-mp-cg-rj
https://en.wikipedia.org/wiki/Shantaram_More,en.wikipedia.org,encyclopedia,office-holder reference,1,mlas-mh-gj-ga
https://en.wikipedia.org/wiki/Shanti_Kumar_Dhariwal,en.wikipedia.org,encyclopedia,office-holder reference,1,mlas-mp-cg-rj
https://en.wikipedia.org/wiki/Sharad_Juglal_Kol,en.wikipedia.org,encyclopedia,office-holder reference,1,mlas-mp-cg-rj
https://en.wikipedia.org/wiki/Sharad_Pawar,en.wikipedia.org,encyclopedia,office-holder reference,1,parliament-rajya-sabha
https://en.wikipedia.org/wiki/Sharada_Puryanaik,en.wikipedia.org,encyclopedia,office-holder reference,1,mlas-ka-ap-tg
https://en.wikipedia.org/wiki/Sharaddada_Bhimaji_Sonavane,en.wikipedia.org,encyclopedia,office-holder reference,1,mlas-mh-gj-ga
https://en.wikipedia.org/wiki/Sharadwat_Mukherjee,en.wikipedia.org,encyclopedia,office-holder reference,1,mlas-wb-as-sk
https://en.wikipedia.org/wiki/Sharan_Prakash_Patil,en.wikipedia.org,encyclopedia,office-holder reference,1,mlas-ka-ap-tg
https://en.wikipedia.org/wiki/Sharanabasappa_Gouda_Darshanapur,en.wikipedia.org,encyclopedia,office-holder reference,1,mlas-ka-ap-tg
https://en.wikipedia.org/wiki/Sharanagouda_Kandakur,en.wikipedia.org,encyclopedia,office-holder reference,1,mlas-ka-ap-tg
https://en.wikipedia.org/wiki/Sharanu_Salagar,en.wikipedia.org,encyclopedia,office-holder reference,1,mlas-ka-ap-tg
https://en.wikipedia.org/wiki/Sharath_Kumar_Bache_Gowda,en.wikipedia.org,encyclopedia,office-holder reference,1,mlas-ka-ap-tg
https://en.wikipedia.org/wiki/Sharingain_Longkümer,en.wikipedia.org,encyclopedia,office-holder reference,1,mlas-mz-nl-tr
https://en.wikipedia.org/wiki/Sharwan_Kumar,en.wikipedia.org,encyclopedia,office-holder reference,1,mlas-mp-cg-rj
https://en.wikipedia.org/wiki/Shashikala_Annasaheb_Jolle,en.wikipedia.org,encyclopedia,office-holder reference,1,mlas-ka-ap-tg
https://en.wikipedia.org/wiki/Shashil_G._Namoshi,en.wikipedia.org,encyclopedia,office-holder reference,1,mlas-ka-ap-tg
https://en.wikipedia.org/wiki/Shatrughan_Gautam,en.wikipedia.org,encyclopedia,office-holder reference,1,mlas-mp-cg-rj
https://en.wikipedia.org/wiki/Shatrughan_Mahto,en.wikipedia.org,encyclopedia,office-holder reference,1,mlas-br-jh-od
https://en.wikipedia.org/wiki/Sheel_Nagu,en.wikipedia.org,encyclopedia,office-holder reference,1,judiciary-supreme-court
https://en.wikipedia.org/wiki/Sheela_Kumari,en.wikipedia.org,encyclopedia,office-holder reference,1,mlas-br-jh-od
https://en.wikipedia.org/wiki/Sheela_Pandit,en.wikipedia.org,encyclopedia,office-holder reference,1,mlas-br-jh-od
https://en.wikipedia.org/wiki/Sheikh_Ahsan_Ahmed,en.wikipedia.org,encyclopedia,office-holder reference,1,mlas-jk-ar-mn-ml
https://en.wikipedia.org/wiki/Sheikh_Noorul_Hassan,en.wikipedia.org,encyclopedia,office-holder reference,1,mlas-jk-ar-mn-ml
https://en.wikipedia.org/wiki/Shekhar_Govindrao_Nikam,en.wikipedia.org,encyclopedia,office-holder reference,1,mlas-mh-gj-ga
https://en.wikipedia.org/wiki/Sherman_Ali_Ahmed,en.wikipedia.org,encyclopedia,office-holder reference,1,mlas-wb-as-sk
https://en.wikipedia.org/wiki/Sheshraj_Harbansh,en.wikipedia.org,encyclopedia,office-holder reference,1,mlas-mp-cg-rj
https://en.wikipedia.org/wiki/Shibu_Baby_John,en.wikipedia.org,encyclopedia,office-holder reference,1,mlas-tn-kl-py
https://en.wikipedia.org/wiki/Shibu_Thekkumpuram,en.wikipedia.org,encyclopedia,office-holder reference,1,mlas-tn-kl-py
https://en.wikipedia.org/wiki/Shikha_Meel_Barala,en.wikipedia.org,encyclopedia,office-holder reference,1,mlas-mp-cg-rj
https://en.wikipedia.org/wiki/Shikha_Roy,en.wikipedia.org,encyclopedia,office-holder reference,1,mlas-pb-hr-hp-dl
https://en.wikipedia.org/wiki/Shiladitya_Dev,en.wikipedia.org,encyclopedia,office-holder reference,1,mlas-wb-as-sk
https://en.wikipedia.org/wiki/Shilpi_Neha_Tirkey,en.wikipedia.org,encyclopedia,office-holder reference,1,mlas-br-jh-od
https://en.wikipedia.org/wiki/Shimla_Devi,en.wikipedia.org,encyclopedia,office-holder reference,1,mlas-mp-cg-rj
https://en.wikipedia.org/wiki/Shirishkumar_Surupsing_Naik,en.wikipedia.org,encyclopedia,office-holder reference,1,mlas-mh-gj-ga
https://en.wikipedia.org/wiki/Shishir_Ghosh,en.wikipedia.org,encyclopedia,office-holder reference,1,mlas-wb-as-sk
https://en.wikipedia.org/wiki/Shishpal_Singh,en.wikipedia.org,encyclopedia,office-holder reference,1,mlas-pb-hr-hp-dl
https://en.wikipedia.org/wiki/Shivabhai_Gohil,en.wikipedia.org,encyclopedia,office-holder reference,1,mlas-mh-gj-ga
https://en.wikipedia.org/wiki/Shivaji_Patil,en.wikipedia.org,encyclopedia,office-holder reference,1,mlas-mh-gj-ga
https://en.wikipedia.org/wiki/Shivaji_Rao_Garje,en.wikipedia.org,encyclopedia,office-holder reference,1,mlas-mh-gj-ga
https://en.wikipedia.org/wiki/Shivanand_Patil,en.wikipedia.org,encyclopedia,office-holder reference,1,mlas-ka-ap-tg
https://en.wikipedia.org/wiki/Shivendra_Raje_Bhosale,en.wikipedia.org,encyclopedia,office-holder reference,1,mlas-mh-gj-ga
https://en.wikipedia.org/wiki/Shivesh_Kumar,en.wikipedia.org,encyclopedia,office-holder reference,1,parliament-rajya-sabha
https://en.wikipedia.org/wiki/Shivnarayan_Singh,en.wikipedia.org,encyclopedia,office-holder reference,1,mlas-mp-cg-rj
https://en.wikipedia.org/wiki/Shivrani_Devi_Prajapati,en.wikipedia.org,encyclopedia,office-holder reference,1,mlas-br-jh-od
https://en.wikipedia.org/wiki/Shobha_Chauhan,en.wikipedia.org,encyclopedia,office-holder reference,1,mlas-mp-cg-rj
https://en.wikipedia.org/wiki/Shobha_Rani_Kushwaha,en.wikipedia.org,encyclopedia,office-holder reference,1,mlas-mp-cg-rj
https://en.wikipedia.org/wiki/Showkat_Hussain,en.wikipedia.org,encyclopedia,office-holder reference,1,mlas-jk-ar-mn-ml
https://en.wikipedia.org/wiki/Shrawan_Kumar_(politician),en.wikipedia.org,encyclopedia,office-holder reference,1,mlas-br-jh-od
https://en.wikipedia.org/wiki/Shree_Chandrashekhar,en.wikipedia.org,encyclopedia,office-holder reference,1,judiciary-supreme-court
https://en.wikipedia.org/wiki/Shreyasi_Singh,en.wikipedia.org,encyclopedia,office-holder reference,1,mlas-br-jh-od
https://en.wikipedia.org/wiki/Shri_Bhagwan_Singh_Kushwaha,en.wikipedia.org,encyclopedia,office-holder reference,1,mlas-br-jh-od
https://en.wikipedia.org/wiki/Shrichand_Kriplani,en.wikipedia.org,encyclopedia,office-holder reference,1,mlas-mp-cg-rj
https://en.wikipedia.org/wiki/Shrikant_Chaturvedi,en.wikipedia.org,encyclopedia,office-holder reference,1,mlas-mp-cg-rj
https://en.wikipedia.org/wiki/Shukla_Chatterjee,en.wikipedia.org,encyclopedia,office-holder reference,1,mlas-wb-as-sk
https://en.wikipedia.org/wiki/Shweta_Gupta,en.wikipedia.org,encyclopedia,office-holder reference,1,mlas-br-jh-od
https://en.wikipedia.org/wiki/Shweta_Mahale,en.wikipedia.org,encyclopedia,office-holder reference,1,mlas-mh-gj-ga
https://en.wikipedia.org/wiki/Shwettaa_Singh,en.wikipedia.org,encyclopedia,office-holder reference,1,mlas-br-jh-od
https://en.wikipedia.org/wiki/Shyam_Barde,en.wikipedia.org,encyclopedia,office-holder reference,1,mlas-mp-cg-rj
https://en.wikipedia.org/wiki/Shyam_Bihari_Jaiswal,en.wikipedia.org,encyclopedia,office-holder reference,1,mlas-mp-cg-rj
https://en.wikipedia.org/wiki/Shyam_Rajak,en.wikipedia.org,encyclopedia,office-holder reference,1,mlas-br-jh-od
https://en.wikipedia.org/wiki/Shyam_Ramcharan_Khode,en.wikipedia.org,encyclopedia,office-holder reference,1,mlas-mh-gj-ga
https://en.wikipedia.org/wiki/Shyam_Sharma_(politician),en.wikipedia.org,encyclopedia,office-holder reference,1,mlas-pb-hr-hp-dl
https://en.wikipedia.org/wiki/Shyamal_Chakraborty_(Tripura_politician),en.wikipedia.org,encyclopedia,office-holder reference,1,mlas-mz-nl-tr
https://en.wikipedia.org/wiki/Shyambabu_Prasad_Yadav,en.wikipedia.org,encyclopedia,office-holder reference,1,mlas-br-jh-od
https://en.wikipedia.org/wiki/Sibu_Misra,en.wikipedia.org,encyclopedia,office-holder reference,1,mlas-wb-as-sk
https://en.wikipedia.org/wiki/Siddaramaiah,en.wikipedia.org,encyclopedia,office-holder reference,1,mlas-ka-ap-tg
https://en.wikipedia.org/wiki/Siddharth_Kharat,en.wikipedia.org,encyclopedia,office-holder reference,1,mlas-mh-gj-ga
https://en.wikipedia.org/wiki/Siddharth_Saurav,en.wikipedia.org,encyclopedia,office-holder reference,1,mlas-br-jh-od
https://en.wikipedia.org/wiki/Siddharth_Shirole,en.wikipedia.org,encyclopedia,office-holder reference,1,mlas-mh-gj-ga
https://en.wikipedia.org/wiki/Siddharth_Sukhlal_Kushwaha,en.wikipedia.org,encyclopedia,office-holder reference,1,mlas-mp-cg-rj
https://en.wikipedia.org/wiki/Siddharth_Tiwari,en.wikipedia.org,encyclopedia,office-holder reference,1,mlas-mp-cg-rj
https://en.wikipedia.org/wiki/Siddhartha_Majumdar,en.wikipedia.org,encyclopedia,office-holder reference,1,mlas-wb-as-sk
https://en.wikipedia.org/wiki/Siddu_Patil,en.wikipedia.org,encyclopedia,office-holder reference,1,mlas-ka-ap-tg
https://en.wikipedia.org/wiki/Siddu_Savadi,en.wikipedia.org,encyclopedia,office-holder reference,1,mlas-ka-ap-tg
https://en.wikipedia.org/wiki/Sidhant_Mohapatra,en.wikipedia.org,encyclopedia,office-holder reference,1,mlas-br-jh-od
https://en.wikipedia.org/wiki/Sidhi_Kumari,en.wikipedia.org,encyclopedia,office-holder reference,1,mlas-mp-cg-rj
https://en.wikipedia.org/wiki/Sikander_Kumar,en.wikipedia.org,encyclopedia,office-holder reference,1,parliament-rajya-sabha
https://en.wikipedia.org/wiki/Sikha_Chatterjee,en.wikipedia.org,encyclopedia,office-holder reference,1,mlas-wb-as-sk
https://en.wikipedia.org/wiki/Silchar_Municipal_Corporation,en.wikipedia.org,encyclopedia,entity facts,1,states-wb-as-sk
https://en.wikipedia.org/wiki/Siliguri_Municipal_Corporation,en.wikipedia.org,encyclopedia,entity facts,1,states-wb-as-sk
https://en.wikipedia.org/wiki/Simarani_Nayak,en.wikipedia.org,encyclopedia,office-holder reference,1,mlas-br-jh-od
https://en.wikipedia.org/wiki/Sintu_Senapati,en.wikipedia.org,encyclopedia,office-holder reference,1,mlas-wb-as-sk
https://en.wikipedia.org/wiki/Sital_Kapat,en.wikipedia.org,encyclopedia,office-holder reference,1,mlas-wb-as-sk
https://en.wikipedia.org/wiki/Sitamarhi_Municipal_Corporation,en.wikipedia.org,encyclopedia,entity facts,1,states-br-jh-od
https://en.wikipedia.org/wiki/Sitansu_Sekhar_Mohapatra,en.wikipedia.org,encyclopedia,office-holder reference,1,mlas-br-jh-od
https://en.wikipedia.org/wiki/Sitasharan_Sharma,en.wikipedia.org,encyclopedia,office-holder reference,1,mlas-mp-cg-rj
https://en.wikipedia.org/wiki/Sneha_Pandit,en.wikipedia.org,encyclopedia,office-holder reference,1,mlas-mh-gj-ga
https://en.wikipedia.org/wiki/Snehlata_Kushwaha,en.wikipedia.org,encyclopedia,office-holder reference,1,mlas-br-jh-od
https://en.wikipedia.org/wiki/Sniawbhalang_Dhar,en.wikipedia.org,encyclopedia,office-holder reference,1,mlas-jk-ar-mn-ml
https://en.wikipedia.org/wiki/Sofia_Firdous,en.wikipedia.org,encyclopedia,office-holder reference,1,mlas-br-jh-od
https://en.wikipedia.org/wiki/Sohan_Lal_Nayak,en.wikipedia.org,encyclopedia,office-holder reference,1,mlas-mp-cg-rj
https://en.wikipedia.org/wiki/Sohanlal_Valmik,en.wikipedia.org,encyclopedia,office-holder reference,1,mlas-mp-cg-rj
https://en.wikipedia.org/wiki/Solar_Energy_Corporation_of_India,en.wikipedia.org,encyclopedia,entity facts,1,ministries-d
https://en.wikipedia.org/wiki/Som_Dutt,en.wikipedia.org,encyclopedia,office-holder reference,1,mlas-pb-hr-hp-dl
https://en.wikipedia.org/wiki/Soma_Thakur,en.wikipedia.org,encyclopedia,office-holder reference,1,mlas-wb-as-sk
https://en.wikipedia.org/wiki/Somesh_Chandra_Soren,en.wikipedia.org,encyclopedia,office-holder reference,1,mlas-br-jh-od
https://en.wikipedia.org/wiki/Somireddy_Chandra_Mohan_Reddy,en.wikipedia.org,encyclopedia,office-holder reference,1,mlas-ka-ap-tg
https://en.wikipedia.org/wiki/Somu_Veerraju,en.wikipedia.org,encyclopedia,office-holder reference,1,mlas-ka-ap-tg
https://en.wikipedia.org/wiki/Sona_Ram_Sinku,en.wikipedia.org,encyclopedia,office-holder reference,1,mlas-br-jh-od
https://en.wikipedia.org/wiki/Sonam_Lama_(politician),en.wikipedia.org,encyclopedia,office-holder reference,1,mlas-wb-as-sk
https://en.wikipedia.org/wiki/Sonam_Lama_(Sikkim_politician),en.wikipedia.org,encyclopedia,office-holder reference,1,mlas-wb-as-sk
https://en.wikipedia.org/wiki/Sonam_Rani_Sardar,en.wikipedia.org,encyclopedia,office-holder reference,1,mlas-br-jh-od
https://en.wikipedia.org/wiki/Sonam_Venchungpa,en.wikipedia.org,encyclopedia,office-holder reference,1,mlas-wb-as-sk
https://en.wikipedia.org/wiki/Sonia_Gandhi,en.wikipedia.org,encyclopedia,office-holder reference,1,parliament-rajya-sabha
https://en.wikipedia.org/wiki/Soraisam_Kebi_Devi,en.wikipedia.org,encyclopedia,office-holder reference,1,mlas-jk-ar-mn-ml
https://en.wikipedia.org/wiki/Sorokhaibam_Rajen,en.wikipedia.org,encyclopedia,office-holder reference,1,mlas-jk-ar-mn-ml
https://en.wikipedia.org/wiki/Sosthenes_Sohtun,en.wikipedia.org,encyclopedia,office-holder reference,1,mlas-jk-ar-mn-ml
https://en.wikipedia.org/wiki/Soumen_Karfa,en.wikipedia.org,encyclopedia,office-holder reference,1,mlas-wb-as-sk
https://en.wikipedia.org/wiki/Soumen_Sen,en.wikipedia.org,encyclopedia,office-holder reference,1,judiciary-high-courts
https://en.wikipedia.org/wiki/Sourav_Sikdar,en.wikipedia.org,encyclopedia,office-holder reference,1,mlas-wb-as-sk
https://en.wikipedia.org/wiki/South_Western_Air_Command,en.wikipedia.org,encyclopedia,office-holder,1,ministries-b2
https://en.wikipedia.org/wiki/South_Western_Command_(India),en.wikipedia.org,encyclopedia,office-holder,1,ministries-b2
https://en.wikipedia.org/wiki/Southern_Air_Command_(India),en.wikipedia.org,encyclopedia,office-holder,1,ministries-b2
https://en.wikipedia.org/wiki/Southern_Command_(India),en.wikipedia.org,encyclopedia,office-holder,1,ministries-b2
https://en.wikipedia.org/wiki/Southern_Naval_Command,en.wikipedia.org,encyclopedia,office-holder,1,ministries-b2
https://en.wikipedia.org/wiki/Souvic_Biswal,en.wikipedia.org,encyclopedia,office-holder reference,1,mlas-br-jh-od
https://en.wikipedia.org/wiki/Souvik_Patra,en.wikipedia.org,encyclopedia,office-holder reference,1,mlas-wb-as-sk
https://en.wikipedia.org/wiki/Sovandeb_Chattopadhyay,en.wikipedia.org,encyclopedia,office-holder reference,1,mlas-wb-as-sk
https://en.wikipedia.org/wiki/Sowmiya_Anbumani,en.wikipedia.org,encyclopedia,office-holder reference,1,mlas-tn-kl-py
https://en.wikipedia.org/wiki/Spices_Board_of_India,en.wikipedia.org,encyclopedia,office-holder,1,ministries-a
https://en.wikipedia.org/wiki/Sports_Authority_of_India,en.wikipedia.org,encyclopedia,entity facts,1,ministries-g
https://en.wikipedia.org/wiki/Sreejaya_Chavan,en.wikipedia.org,encyclopedia,office-holder reference,1,mlas-mh-gj-ga
https://en.wikipedia.org/wiki/Sri_Ganesh_(Politician),en.wikipedia.org,encyclopedia,office-holder reference,1,mlas-ka-ap-tg
https://en.wikipedia.org/wiki/Sridhar_Babu,en.wikipedia.org,encyclopedia,office-holder reference,1,mlas-ka-ap-tg
https://en.wikipedia.org/wiki/Srinath_Alnath,en.wikipedia.org,encyclopedia,office-holder reference,1,mlas-tn-kl-py
https://en.wikipedia.org/wiki/Srinivas_Mane,en.wikipedia.org,encyclopedia,office-holder reference,1,mlas-ka-ap-tg
https://en.wikipedia.org/wiki/Srinivasa_Sethupathi,en.wikipedia.org,encyclopedia,office-holder reference,1,mlas-tn-kl-py
https://en.wikipedia.org/wiki/Srutisekhar_Goswami,en.wikipedia.org,encyclopedia,office-holder reference,1,mlas-wb-as-sk
https://en.wikipedia.org/wiki/Staff_Selection_Commission,en.wikipedia.org,encyclopedia,office-holder,1,ministries-b3
https://en.wikipedia.org/wiki/State_Election_Commission_(India),en.wikipedia.org,encyclopedia,entity facts,1,states-pb-hr-ch-r2
https://en.wikipedia.org/wiki/Stephen_Marandi,en.wikipedia.org,encyclopedia,office-holder reference,1,mlas-br-jh-od
https://en.wikipedia.org/wiki/Strategic_Forces_Command,en.wikipedia.org,encyclopedia,entity facts,1,ministries-b2
https://en.wikipedia.org/wiki/Subasini_Jena,en.wikipedia.org,encyclopedia,office-holder reference,1,mlas-br-jh-od
https://en.wikipedia.org/wiki/Subedar_Das,en.wikipedia.org,encyclopedia,office-holder reference,1,mlas-br-jh-od
https://en.wikipedia.org/wiki/Subhas_Chandra_Panja,en.wikipedia.org,encyclopedia,office-holder reference,1,mlas-wb-as-sk
https://en.wikipedia.org/wiki/Subhash_Barala,en.wikipedia.org,encyclopedia,office-holder reference,1,parliament-rajya-sabha
https://en.wikipedia.org/wiki/Subhash_Deshmukh,en.wikipedia.org,encyclopedia,office-holder reference,1,mlas-mh-gj-ga
https://en.wikipedia.org/wiki/Subhash_Garg,en.wikipedia.org,encyclopedia,office-holder reference,1,mlas-mp-cg-rj
https://en.wikipedia.org/wiki/Subhash_Meel,en.wikipedia.org,encyclopedia,office-holder reference,1,mlas-mp-cg-rj
https://en.wikipedia.org/wiki/Subhash_Patra,en.wikipedia.org,encyclopedia,office-holder reference,1,mlas-wb-as-sk
https://en.wikipedia.org/wiki/Subhash_Phal_Desai,en.wikipedia.org,encyclopedia,office-holder reference,1,mlas-mh-gj-ga
https://en.wikipedia.org/wiki/Subhash_Shirodkar,en.wikipedia.org,encyclopedia,office-holder reference,1,mlas-mh-gj-ga
https://en.wikipedia.org/wiki/Subhash_Singh_(Bihar_politician),en.wikipedia.org,encyclopedia,office-holder reference,1,mlas-br-jh-od
https://en.wikipedia.org/wiki/Subhashis_Om,en.wikipedia.org,encyclopedia,office-holder reference,1,mlas-wb-as-sk
https://en.wikipedia.org/wiki/Subhashish_Khuntia,en.wikipedia.org,encyclopedia,office-holder reference,1,parliament-rajya-sabha
https://en.wikipedia.org/wiki/Subhasis_Das,en.wikipedia.org,encyclopedia,office-holder reference,1,mlas-wb-as-sk
https://en.wikipedia.org/wiki/Subir_Marak,en.wikipedia.org,encyclopedia,office-holder reference,1,mlas-jk-ar-mn-ml
https://en.wikipedia.org/wiki/Subir_Nag,en.wikipedia.org,encyclopedia,office-holder reference,1,mlas-wb-as-sk
https://en.wikipedia.org/wiki/Subodh_Deb_Barma,en.wikipedia.org,encyclopedia,office-holder reference,1,mlas-mz-nl-tr
https://en.wikipedia.org/wiki/Subrata_Kabiraj,en.wikipedia.org,encyclopedia,office-holder reference,1,mlas-wb-as-sk
https://en.wikipedia.org/wiki/Subrata_Maitra_(politician),en.wikipedia.org,encyclopedia,office-holder reference,1,mlas-wb-as-sk
https://en.wikipedia.org/wiki/Subrata_Maity,en.wikipedia.org,encyclopedia,office-holder reference,1,mlas-wb-as-sk
https://en.wikipedia.org/wiki/Subrata_Paik,en.wikipedia.org,encyclopedia,office-holder reference,1,mlas-wb-as-sk
https://en.wikipedia.org/wiki/Subrata_Thakur,en.wikipedia.org,encyclopedia,office-holder reference,1,mlas-wb-as-sk
https://en.wikipedia.org/wiki/Sudarshan_Haripal,en.wikipedia.org,encyclopedia,office-holder reference,1,mlas-br-jh-od
https://en.wikipedia.org/wiki/Sudarshan_Singh_Babloo,en.wikipedia.org,encyclopedia,office-holder reference,1,mlas-pb-hr-hp-dl
https://en.wikipedia.org/wiki/Sudeep_Gudhiya,en.wikipedia.org,encyclopedia,office-holder reference,1,mlas-br-jh-od
https://en.wikipedia.org/wiki/Sudesh_Kumar_Subba,en.wikipedia.org,encyclopedia,office-holder reference,1,mlas-wb-as-sk
https://en.wikipedia.org/wiki/Sudesh_Rai,en.wikipedia.org,encyclopedia,office-holder reference,1,mlas-mp-cg-rj
https://en.wikipedia.org/wiki/Sudha_Murty,en.wikipedia.org,encyclopedia,office-holder reference,1,parliament-rajya-sabha
https://en.wikipedia.org/wiki/Sudhakar_Adbale,en.wikipedia.org,encyclopedia,office-holder reference,1,mlas-mh-gj-ga
https://en.wikipedia.org/wiki/Sudhangshu_Dasgupta,en.wikipedia.org,encyclopedia,office-holder reference,1,mlas-mz-nl-tr
https://en.wikipedia.org/wiki/Sudhansh_Pant,en.wikipedia.org,encyclopedia,office-holder,1,ministries-f
https://en.wikipedia.org/wiki/Sudhanshu_Shekhar,en.wikipedia.org,encyclopedia,office-holder reference,1,mlas-br-jh-od
https://en.wikipedia.org/wiki/Sudhanshu_Trivedi,en.wikipedia.org,encyclopedia,office-holder reference,1,parliament-rajya-sabha
https://en.wikipedia.org/wiki/Sudheersha_Palode,en.wikipedia.org,encyclopedia,office-holder reference,1,mlas-tn-kl-py
https://en.wikipedia.org/wiki/Sudhir_Gadgil,en.wikipedia.org,encyclopedia,office-holder reference,1,mlas-mh-gj-ga
https://en.wikipedia.org/wiki/Sudhir_Mungantiwar,en.wikipedia.org,encyclopedia,office-holder reference,1,mlas-mh-gj-ga
https://en.wikipedia.org/wiki/Sudhir_Ranjan_Pattjoshi,en.wikipedia.org,encyclopedia,office-holder reference,1,mlas-br-jh-od
https://en.wikipedia.org/wiki/Sudhir_Sharma,en.wikipedia.org,encyclopedia,office-holder reference,1,mlas-pb-hr-hp-dl
https://en.wikipedia.org/wiki/Sudhir_Vaghani,en.wikipedia.org,encyclopedia,office-holder reference,1,mlas-mh-gj-ga
https://en.wikipedia.org/wiki/Sudin_Dhavalikar,en.wikipedia.org,encyclopedia,office-holder reference,1,mlas-mh-gj-ga
https://en.wikipedia.org/wiki/Sudip_Kumar_Mukherjee,en.wikipedia.org,encyclopedia,office-holder reference,1,mlas-wb-as-sk
https://en.wikipedia.org/wiki/Sudip_Roy_Barman,en.wikipedia.org,encyclopedia,office-holder reference,1,mlas-mz-nl-tr
https://en.wikipedia.org/wiki/Sudip_Sarkar,en.wikipedia.org,encyclopedia,office-holder reference,1,mlas-mz-nl-tr
https://en.wikipedia.org/wiki/Sudipta_Das,en.wikipedia.org,encyclopedia,office-holder reference,1,mlas-wb-as-sk
https://en.wikipedia.org/wiki/Sudivya_Kumar,en.wikipedia.org,encyclopedia,office-holder reference,1,mlas-br-jh-od
https://en.wikipedia.org/wiki/Suhas_Babar,en.wikipedia.org,encyclopedia,office-holder reference,1,mlas-mh-gj-ga
https://en.wikipedia.org/wiki/Suhas_Kande,en.wikipedia.org,encyclopedia,office-holder reference,1,mlas-mh-gj-ga
https://en.wikipedia.org/wiki/Suhas_Shirsat,en.wikipedia.org,encyclopedia,office-holder reference,1,mlas-mh-gj-ga
https://en.wikipedia.org/wiki/Sujana_Chowdary,en.wikipedia.org,encyclopedia,office-holder reference,1,mlas-ka-ap-tg
https://en.wikipedia.org/wiki/Sujata_Sahu_(politician),en.wikipedia.org,encyclopedia,office-holder reference,1,mlas-br-jh-od
https://en.wikipedia.org/wiki/Sujeet_Kumar_(politician),en.wikipedia.org,encyclopedia,office-holder reference,1,parliament-rajya-sabha
https://en.wikipedia.org/wiki/Sujit_Paswan,en.wikipedia.org,encyclopedia,office-holder reference,1,mlas-br-jh-od
https://en.wikipedia.org/wiki/Sukanta_Biswas,en.wikipedia.org,encyclopedia,office-holder reference,1,mlas-wb-as-sk
https://en.wikipedia.org/wiki/Sukanta_Dolui,en.wikipedia.org,encyclopedia,office-holder reference,1,mlas-wb-as-sk
https://en.wikipedia.org/wiki/Sukh_Ram_Chaudhary,en.wikipedia.org,encyclopedia,office-holder reference,1,mlas-pb-hr-hp-dl
https://en.wikipedia.org/wiki/Sukhaji_Thakor,en.wikipedia.org,encyclopedia,office-holder reference,1,mlas-mh-gj-ga
https://en.wikipedia.org/wiki/Sukhato_A._Sema,en.wikipedia.org,encyclopedia,office-holder reference,1,mlas-mz-nl-tr
https://en.wikipedia.org/wiki/Sukhavant_Singh,en.wikipedia.org,encyclopedia,office-holder reference,1,mlas-mp-cg-rj
https://en.wikipedia.org/wiki/Sukhbinder_Singh_Sarkaria,en.wikipedia.org,encyclopedia,office-holder reference,1,mlas-pb-hr-hp-dl
https://en.wikipedia.org/wiki/Sukhen_Kumar_Bagdi,en.wikipedia.org,encyclopedia,office-holder reference,1,mlas-wb-as-sk
https://en.wikipedia.org/wiki/Sukhendu_Sekhar_Roy,en.wikipedia.org,encyclopedia,office-holder reference,1,parliament-rajya-sabha
https://en.wikipedia.org/wiki/Sukhpal_Singh_Khaira,en.wikipedia.org,encyclopedia,office-holder reference,1,mlas-pb-hr-hp-dl
https://en.wikipedia.org/wiki/Sukhram_Oraon,en.wikipedia.org,encyclopedia,office-holder reference,1,mlas-br-jh-od
https://en.wikipedia.org/wiki/Sukhvir_Maiser_Khana,en.wikipedia.org,encyclopedia,office-holder reference,1,mlas-pb-hr-hp-dl
https://en.wikipedia.org/wiki/Sukhwinder_Kumar,en.wikipedia.org,encyclopedia,office-holder reference,1,mlas-pb-hr-hp-dl
https://en.wikipedia.org/wiki/Sukhwinder_Singh_Kotli,en.wikipedia.org,encyclopedia,office-holder reference,1,mlas-pb-hr-hp-dl
https://en.wikipedia.org/wiki/Sukla_Charan_Noatia,en.wikipedia.org,encyclopedia,office-holder reference,1,mlas-mz-nl-tr
https://en.wikipedia.org/wiki/Sukra_Munda,en.wikipedia.org,encyclopedia,office-holder reference,1,mlas-wb-as-sk
https://en.wikipedia.org/wiki/Sukumar_Ray_(politician),en.wikipedia.org,encyclopedia,office-holder reference,1,mlas-wb-as-sk
https://en.wikipedia.org/wiki/Sulata_Deo,en.wikipedia.org,encyclopedia,office-holder reference,1,parliament-rajya-sabha
https://en.wikipedia.org/wiki/Sulbha_Gaikwad,en.wikipedia.org,encyclopedia,office-holder reference,1,mlas-mh-gj-ga
https://en.wikipedia.org/wiki/Sulbha_Khodke,en.wikipedia.org,encyclopedia,office-holder reference,1,mlas-mh-gj-ga
https://en.wikipedia.org/wiki/Sumana_Sarkar,en.wikipedia.org,encyclopedia,office-holder reference,1,mlas-wb-as-sk
https://en.wikipedia.org/wiki/Sumanta_Mandal,en.wikipedia.org,encyclopedia,office-holder reference,1,mlas-wb-as-sk
https://en.wikipedia.org/wiki/Sumay_Hira,en.wikipedia.org,encyclopedia,office-holder reference,1,mlas-wb-as-sk
https://en.wikipedia.org/wiki/Sumesh_Achuthan,en.wikipedia.org,encyclopedia,office-holder reference,1,mlas-tn-kl-py
https://en.wikipedia.org/wiki/Sumit_Godara,en.wikipedia.org,encyclopedia,office-holder reference,1,mlas-mp-cg-rj
https://en.wikipedia.org/wiki/Sumit_Wankhede,en.wikipedia.org,encyclopedia,office-holder reference,1,mlas-mh-gj-ga
https://en.wikipedia.org/wiki/Sumita_Sinha,en.wikipedia.org,encyclopedia,office-holder reference,1,mlas-wb-as-sk
https://en.wikipedia.org/wiki/Sumitra_Valmiki,en.wikipedia.org,encyclopedia,office-holder reference,1,parliament-rajya-sabha
https://en.wikipedia.org/wiki/Sumitro_Chatterjee,en.wikipedia.org,encyclopedia,office-holder reference,1,mlas-wb-as-sk
https://en.wikipedia.org/wiki/Sundarapu_Vijay_Kumar,en.wikipedia.org,encyclopedia,office-holder reference,1,mlas-ka-ap-tg
https://en.wikipedia.org/wiki/Sunder_Singh_Thakur,en.wikipedia.org,encyclopedia,office-holder reference,1,mlas-pb-hr-hp-dl
https://en.wikipedia.org/wiki/Sunil_Bhardwaj,en.wikipedia.org,encyclopedia,office-holder reference,1,mlas-jk-ar-mn-ml
https://en.wikipedia.org/wiki/Sunil_Kamble,en.wikipedia.org,encyclopedia,office-holder reference,1,mlas-mh-gj-ga
https://en.wikipedia.org/wiki/Sunil_Kumar_(born_1957),en.wikipedia.org,encyclopedia,office-holder reference,1,mlas-br-jh-od
https://en.wikipedia.org/wiki/Sunil_Kumar_(born_1988),en.wikipedia.org,encyclopedia,office-holder reference,1,mlas-br-jh-od
https://en.wikipedia.org/wiki/Sunil_Kumar_Mohanty,en.wikipedia.org,encyclopedia,office-holder reference,1,mlas-br-jh-od
https://en.wikipedia.org/wiki/Sunil_Kumar_Pintu,en.wikipedia.org,encyclopedia,office-holder reference,1,mlas-br-jh-od
https://en.wikipedia.org/wiki/Sunil_Kumar_Sharma,en.wikipedia.org,encyclopedia,office-holder reference,1,mlas-jk-ar-mn-ml
https://en.wikipedia.org/wiki/Sunil_Kumar_Singh_(Bihar_politician),en.wikipedia.org,encyclopedia,office-holder reference,1,mlas-br-jh-od
https://en.wikipedia.org/wiki/Sunil_Kumar_Soni,en.wikipedia.org,encyclopedia,office-holder reference,1,mlas-mp-cg-rj
https://en.wikipedia.org/wiki/Sunil_Prabhu,en.wikipedia.org,encyclopedia,office-holder reference,1,mlas-mh-gj-ga
https://en.wikipedia.org/wiki/Sunil_Raut,en.wikipedia.org,encyclopedia,office-holder reference,1,mlas-mh-gj-ga
https://en.wikipedia.org/wiki/Sunil_Satpal_Sangwan,en.wikipedia.org,encyclopedia,office-holder reference,1,mlas-pb-hr-hp-dl
https://en.wikipedia.org/wiki/Sunil_Shelke,en.wikipedia.org,encyclopedia,office-holder reference,1,mlas-mh-gj-ga
https://en.wikipedia.org/wiki/Sunil_Shinde,en.wikipedia.org,encyclopedia,office-holder reference,1,mlas-mh-gj-ga
https://en.wikipedia.org/wiki/Sunil_Uikey,en.wikipedia.org,encyclopedia,office-holder reference,1,mlas-mp-cg-rj
https://en.wikipedia.org/wiki/Sunita_Agarwal,en.wikipedia.org,encyclopedia,office-holder reference,1,judiciary-high-courts
https://en.wikipedia.org/wiki/Sunny_Joseph_(politician),en.wikipedia.org,encyclopedia,office-holder reference,1,mlas-tn-kl-py
https://en.wikipedia.org/wiki/Surabhi_Vani_Devi,en.wikipedia.org,encyclopedia,office-holder reference,1,mlas-ka-ap-tg
https://en.wikipedia.org/wiki/Surajit_Mitra,en.wikipedia.org,encyclopedia,office-holder reference,1,mlas-wb-as-sk
https://en.wikipedia.org/wiki/Surama_Padhy,en.wikipedia.org,encyclopedia,office-holder reference,1,mlas-br-jh-od
https://en.wikipedia.org/wiki/Suren_Phukan,en.wikipedia.org,encyclopedia,office-holder reference,1,mlas-wb-as-sk
https://en.wikipedia.org/wiki/Surender_Shourie,en.wikipedia.org,encyclopedia,office-holder reference,1,mlas-pb-hr-hp-dl
https://en.wikipedia.org/wiki/Surendra_Kumar,en.wikipedia.org,encyclopedia,office-holder reference,1,mlas-pb-hr-hp-dl
https://en.wikipedia.org/wiki/Surendra_Mehata,en.wikipedia.org,encyclopedia,office-holder reference,1,mlas-br-jh-od
https://en.wikipedia.org/wiki/Surendra_Patwa,en.wikipedia.org,encyclopedia,office-holder reference,1,mlas-mp-cg-rj
https://en.wikipedia.org/wiki/Surendra_Prasad_Kushwaha,en.wikipedia.org,encyclopedia,office-holder reference,1,mlas-br-jh-od
https://en.wikipedia.org/wiki/Surendra_Ram,en.wikipedia.org,encyclopedia,office-holder reference,1,mlas-br-jh-od
https://en.wikipedia.org/wiki/Surendra_Singh_Baghel,en.wikipedia.org,encyclopedia,office-holder reference,1,mlas-mp-cg-rj
https://en.wikipedia.org/wiki/Surendra_Singh_Gaharwar,en.wikipedia.org,encyclopedia,office-holder reference,1,mlas-mp-cg-rj
https://en.wikipedia.org/wiki/Surendra_Singh_Nagar,en.wikipedia.org,encyclopedia,office-holder reference,1,parliament-rajya-sabha
https://en.wikipedia.org/wiki/Surendra_Singh_Rathore,en.wikipedia.org,encyclopedia,office-holder reference,1,mlas-mp-cg-rj
https://en.wikipedia.org/wiki/Suresh_Damu_Bhole,en.wikipedia.org,encyclopedia,office-holder reference,1,mlas-mh-gj-ga
https://en.wikipedia.org/wiki/Suresh_Dhaker,en.wikipedia.org,encyclopedia,office-holder reference,1,mlas-mp-cg-rj
https://en.wikipedia.org/wiki/Suresh_Dhas,en.wikipedia.org,encyclopedia,office-holder reference,1,mlas-mh-gj-ga
https://en.wikipedia.org/wiki/Suresh_Gurjar,en.wikipedia.org,encyclopedia,office-holder reference,1,mlas-mp-cg-rj
https://en.wikipedia.org/wiki/Suresh_Khade,en.wikipedia.org,encyclopedia,office-holder reference,1,mlas-mh-gj-ga
https://en.wikipedia.org/wiki/Suresh_Kumar_Baitha,en.wikipedia.org,encyclopedia,office-holder reference,1,mlas-br-jh-od
https://en.wikipedia.org/wiki/Suresh_Modi,en.wikipedia.org,encyclopedia,office-holder reference,1,mlas-mp-cg-rj
https://en.wikipedia.org/wiki/Suresh_Paswan,en.wikipedia.org,encyclopedia,office-holder reference,1,mlas-br-jh-od
https://en.wikipedia.org/wiki/Suresh_Pujari,en.wikipedia.org,encyclopedia,office-holder reference,1,mlas-br-jh-od
https://en.wikipedia.org/wiki/Suresh_Raje,en.wikipedia.org,encyclopedia,office-holder reference,1,mlas-mp-cg-rj
https://en.wikipedia.org/wiki/Suresh_Singh_Rawat,en.wikipedia.org,encyclopedia,office-holder reference,1,mlas-mp-cg-rj
https://en.wikipedia.org/wiki/Surinder_Kumar,en.wikipedia.org,encyclopedia,office-holder reference,1,mlas-jk-ar-mn-ml
https://en.wikipedia.org/wiki/Suriyanur_A._Chandran,en.wikipedia.org,encyclopedia,office-holder reference,1,mlas-tn-kl-py
https://en.wikipedia.org/wiki/Surjakumar_Okram,en.wikipedia.org,encyclopedia,office-holder reference,1,mlas-jk-ar-mn-ml
https://en.wikipedia.org/wiki/Surjeet_Singh_Slathia,en.wikipedia.org,encyclopedia,office-holder reference,1,mlas-jk-ar-mn-ml
https://en.wikipedia.org/wiki/Surjya_Rongphar,en.wikipedia.org,encyclopedia,office-holder reference,1,mlas-wb-as-sk
https://en.wikipedia.org/wiki/Suruj_Dehingia,en.wikipedia.org,encyclopedia,office-holder reference,1,mlas-wb-as-sk
https://en.wikipedia.org/wiki/Surya_Kant_(judge),en.wikipedia.org,encyclopedia,office-holder reference,1,judiciary-supreme-court
https://en.wikipedia.org/wiki/Surya_Prakash_Khatri,en.wikipedia.org,encyclopedia,office-holder reference,1,mlas-pb-hr-hp-dl
https://en.wikipedia.org/wiki/Surya_Prakash_Meena,en.wikipedia.org,encyclopedia,office-holder reference,1,mlas-mp-cg-rj
https://en.wikipedia.org/wiki/Suryabanshi_Suraj,en.wikipedia.org,encyclopedia,office-holder reference,1,mlas-br-jh-od
https://en.wikipedia.org/wiki/Susant_Kumar_Rout,en.wikipedia.org,encyclopedia,office-holder reference,1,mlas-br-jh-od
https://en.wikipedia.org/wiki/Susanta_Ghosh,en.wikipedia.org,encyclopedia,office-holder reference,1,mlas-wb-as-sk
https://en.wikipedia.org/wiki/Sushant_Shukla,en.wikipedia.org,encyclopedia,office-holder reference,1,mlas-mp-cg-rj
https://en.wikipedia.org/wiki/Sushanta_Borgohain,en.wikipedia.org,encyclopedia,office-holder reference,1,mlas-wb-as-sk
https://en.wikipedia.org/wiki/Sushanta_Chowdhury,en.wikipedia.org,encyclopedia,office-holder reference,1,mlas-mz-nl-tr
https://en.wikipedia.org/wiki/Sushanta_Deb,en.wikipedia.org,encyclopedia,office-holder reference,1,mlas-mz-nl-tr
https://en.wikipedia.org/wiki/Sushil_Kumar_Tiwari,en.wikipedia.org,encyclopedia,office-holder reference,1,mlas-mp-cg-rj
https://en.wikipedia.org/wiki/Sushila_Dudi,en.wikipedia.org,encyclopedia,office-holder reference,1,mlas-mp-cg-rj
https://en.wikipedia.org/wiki/Sushmita_Dev,en.wikipedia.org,encyclopedia,office-holder reference,1,parliament-rajya-sabha
https://en.wikipedia.org/wiki/Swagata_Manna,en.wikipedia.org,encyclopedia,office-holder reference,1,mlas-wb-as-sk
https://en.wikipedia.org/wiki/Swapan_Dasgupta,en.wikipedia.org,encyclopedia,office-holder reference,1,mlas-wb-as-sk
https://en.wikipedia.org/wiki/Swapan_Kumar_Das,en.wikipedia.org,encyclopedia,office-holder reference,1,mlas-wb-as-sk
https://en.wikipedia.org/wiki/Swapan_Majumder,en.wikipedia.org,encyclopedia,office-holder reference,1,mlas-wb-as-sk
https://en.wikipedia.org/wiki/Swapna_Das_Paul,en.wikipedia.org,encyclopedia,office-holder reference,1,mlas-mz-nl-tr
https://en.wikipedia.org/wiki/Swapna_Debbarma,en.wikipedia.org,encyclopedia,office-holder reference,1,mlas-mz-nl-tr
https://en.wikipedia.org/wiki/Swapna_Majumder,en.wikipedia.org,encyclopedia,office-holder reference,1,mlas-mz-nl-tr
https://en.wikipedia.org/wiki/Swaraj_Ghosh,en.wikipedia.org,encyclopedia,office-holder reference,1,mlas-wb-as-sk
https://en.wikipedia.org/wiki/Swaroop_Prakash,en.wikipedia.org,encyclopedia,office-holder reference,1,mlas-ka-ap-tg
https://en.wikipedia.org/wiki/Swarupji_Thakor,en.wikipedia.org,encyclopedia,office-holder reference,1,mlas-mh-gj-ga
https://en.wikipedia.org/wiki/Swati_Khandoker,en.wikipedia.org,encyclopedia,office-holder reference,1,mlas-wb-as-sk
https://en.wikipedia.org/wiki/Swati_Maliwal,en.wikipedia.org,encyclopedia,office-holder reference,1,parliament-rajya-sabha
https://en.wikipedia.org/wiki/Syed_Faisal_Ali,en.wikipedia.org,encyclopedia,office-holder reference,1,mlas-br-jh-od
https://en.wikipedia.org/wiki/Syed_Farooq_Basha,en.wikipedia.org,encyclopedia,office-holder reference,1,mlas-tn-kl-py
https://en.wikipedia.org/wiki/Syed_Naseer_Hussain,en.wikipedia.org,encyclopedia,office-holder reference,1,parliament-rajya-sabha
https://en.wikipedia.org/wiki/Synshar_Lyngdoh_Thabah,en.wikipedia.org,encyclopedia,office-holder reference,1,mlas-jk-ar-mn-ml
https://en.wikipedia.org/wiki/T_K_Govindan_Master,en.wikipedia.org,encyclopedia,office-holder reference,1,mlas-tn-kl-py
https://en.wikipedia.org/wiki/T._Arunkumar,en.wikipedia.org,encyclopedia,office-holder reference,1,mlas-tn-kl-py
https://en.wikipedia.org/wiki/T._Ashok_Kumar,en.wikipedia.org,encyclopedia,office-holder reference,1,mlas-tn-kl-py
https://en.wikipedia.org/wiki/T._B._C._Lalvenchhunga,en.wikipedia.org,encyclopedia,office-holder reference,1,mlas-mz-nl-tr
https://en.wikipedia.org/wiki/T._B._Jayachandra,en.wikipedia.org,encyclopedia,office-holder reference,1,mlas-ka-ap-tg
https://en.wikipedia.org/wiki/T._D._Rajegowda,en.wikipedia.org,encyclopedia,office-holder reference,1,mlas-ka-ap-tg
https://en.wikipedia.org/wiki/T._G._Bharath,en.wikipedia.org,encyclopedia,office-holder reference,1,mlas-ka-ap-tg
https://en.wikipedia.org/wiki/T._Harish_Rao,en.wikipedia.org,encyclopedia,office-holder reference,1,mlas-ka-ap-tg
https://en.wikipedia.org/wiki/T._J._Saneesh_Kumar_Joseph,en.wikipedia.org,encyclopedia,office-holder reference,1,mlas-tn-kl-py
https://en.wikipedia.org/wiki/T._J._Vinod,en.wikipedia.org,encyclopedia,office-holder reference,1,mlas-tn-kl-py
https://en.wikipedia.org/wiki/T._K._Prabhu,en.wikipedia.org,encyclopedia,office-holder reference,1,mlas-tn-kl-py
https://en.wikipedia.org/wiki/T._K._S._M._Meenatchisundaram,en.wikipedia.org,encyclopedia,office-holder reference,1,mlas-tn-kl-py
https://en.wikipedia.org/wiki/T._Lalhlimpuia,en.wikipedia.org,encyclopedia,office-holder reference,1,mlas-mz-nl-tr
https://en.wikipedia.org/wiki/T._Latha,en.wikipedia.org,encyclopedia,office-holder reference,1,mlas-tn-kl-py
https://en.wikipedia.org/wiki/T._M._Mannen,en.wikipedia.org,encyclopedia,office-holder reference,1,mlas-mz-nl-tr
https://en.wikipedia.org/wiki/T._M._Rajendran,en.wikipedia.org,encyclopedia,office-holder reference,1,mlas-tn-kl-py
https://en.wikipedia.org/wiki/T._M._Sasi,en.wikipedia.org,encyclopedia,office-holder reference,1,mlas-tn-kl-py
https://en.wikipedia.org/wiki/T._P_Ashrafali,en.wikipedia.org,encyclopedia,office-holder reference,1,mlas-tn-kl-py
https://en.wikipedia.org/wiki/T._Padma_Rao_Goud,en.wikipedia.org,encyclopedia,office-holder reference,1,mlas-ka-ap-tg
https://en.wikipedia.org/wiki/T._Prakash_Goud,en.wikipedia.org,encyclopedia,office-holder reference,1,mlas-ka-ap-tg
https://en.wikipedia.org/wiki/T._R._Zeliang,en.wikipedia.org,encyclopedia,office-holder reference,1,mlas-mz-nl-tr
https://en.wikipedia.org/wiki/T._Raghumurthy,en.wikipedia.org,encyclopedia,office-holder reference,1,mlas-ka-ap-tg
https://en.wikipedia.org/wiki/T._Raja_Singh,en.wikipedia.org,encyclopedia,office-holder reference,1,mlas-ka-ap-tg
https://en.wikipedia.org/wiki/T._Ramachandran_(CPI_politician),en.wikipedia.org,encyclopedia,office-holder reference,1,mlas-tn-kl-py
https://en.wikipedia.org/wiki/T._S._Srivatsa,en.wikipedia.org,encyclopedia,office-holder reference,1,mlas-ka-ap-tg
https://en.wikipedia.org/wiki/T._Saminathan,en.wikipedia.org,encyclopedia,office-holder reference,1,mlas-tn-kl-py
https://en.wikipedia.org/wiki/T._Siddique,en.wikipedia.org,encyclopedia,office-holder reference,1,mlas-tn-kl-py
https://en.wikipedia.org/wiki/T._T._Praveen,en.wikipedia.org,encyclopedia,office-holder reference,1,mlas-tn-kl-py
https://en.wikipedia.org/wiki/T._V._Ibrahim,en.wikipedia.org,encyclopedia,office-holder reference,1,mlas-tn-kl-py
https://en.wikipedia.org/wiki/T._V._Somanathan,en.wikipedia.org,encyclopedia,office-holder reference,1,core-apex
https://en.wikipedia.org/wiki/T.O_Mohanan,en.wikipedia.org,encyclopedia,office-holder reference,1,mlas-tn-kl-py
https://en.wikipedia.org/wiki/Tai_Nikio,en.wikipedia.org,encyclopedia,office-holder reference,1,mlas-jk-ar-mn-ml
https://en.wikipedia.org/wiki/Talasani_Srinivas_Yadav,en.wikipedia.org,encyclopedia,office-holder reference,1,mlas-ka-ap-tg
https://en.wikipedia.org/wiki/Talem_Taboh,en.wikipedia.org,encyclopedia,office-holder reference,1,mlas-jk-ar-mn-ml
https://en.wikipedia.org/wiki/Tamil_Nadu,en.wikipedia.org,encyclopedia,entity facts,1,states-tn-kl-py
https://en.wikipedia.org/wiki/Tamil_Nadu_Police,en.wikipedia.org,encyclopedia,office-holder,1,states-tn-kl-py
https://en.wikipedia.org/wiki/Tanaji_Sakharamji_Mutkule,en.wikipedia.org,encyclopedia,office-holder reference,1,mlas-mh-gj-ga
https://en.wikipedia.org/wiki/Tanaji_Sawant,en.wikipedia.org,encyclopedia,office-holder reference,1,mlas-mh-gj-ga
https://en.wikipedia.org/wiki/Tangirala_Sowmya,en.wikipedia.org,encyclopedia,office-holder reference,1,mlas-ka-ap-tg
https://en.wikipedia.org/wiki/Taniya_Soki,en.wikipedia.org,encyclopedia,office-holder reference,1,mlas-jk-ar-mn-ml
https://en.wikipedia.org/wiki/Tank_Ram_Verma,en.wikipedia.org,encyclopedia,office-holder reference,1,mlas-mp-cg-rj
https://en.wikipedia.org/wiki/Tankadhar_Tripathy,en.wikipedia.org,encyclopedia,office-holder reference,1,mlas-br-jh-od
https://en.wikipedia.org/wiki/Tankeswar_Rabha,en.wikipedia.org,encyclopedia,office-holder reference,1,mlas-wb-as-sk
https://en.wikipedia.org/wiki/Tanveer_Sait,en.wikipedia.org,encyclopedia,office-holder reference,1,mlas-ka-ap-tg
https://en.wikipedia.org/wiki/Tanvir_Sadiq,en.wikipedia.org,encyclopedia,office-holder reference,1,mlas-jk-ar-mn-ml
https://en.wikipedia.org/wiki/Tanzil_Hussain,en.wikipedia.org,encyclopedia,office-holder reference,1,mlas-wb-as-sk
https://en.wikipedia.org/wiki/Tapan_Das_(politician),en.wikipedia.org,encyclopedia,office-holder reference,1,mlas-wb-as-sk
https://en.wikipedia.org/wiki/Tapan_Kumar_Dutta,en.wikipedia.org,encyclopedia,office-holder reference,1,mlas-wb-as-sk
https://en.wikipedia.org/wiki/Tapan_Maity_(politician),en.wikipedia.org,encyclopedia,office-holder reference,1,mlas-wb-as-sk
https://en.wikipedia.org/wiki/Tapas_Chandra_Roy,en.wikipedia.org,encyclopedia,office-holder reference,1,mlas-wb-as-sk
https://en.wikipedia.org/wiki/Tapas_Maity_(politician),en.wikipedia.org,encyclopedia,office-holder reference,1,mlas-wb-as-sk
https://en.wikipedia.org/wiki/Tapas_Mondal,en.wikipedia.org,encyclopedia,office-holder reference,1,mlas-wb-as-sk
https://en.wikipedia.org/wiki/Tapas_Roy,en.wikipedia.org,encyclopedia,office-holder reference,1,mlas-wb-as-sk
https://en.wikipedia.org/wiki/Tapi_Darang,en.wikipedia.org,encyclopedia,office-holder reference,1,mlas-jk-ar-mn-ml
https://en.wikipedia.org/wiki/Tara_Prasad_Bahinipati,en.wikipedia.org,encyclopedia,office-holder reference,1,mlas-br-jh-od
https://en.wikipedia.org/wiki/Tarachand_Jain,en.wikipedia.org,encyclopedia,office-holder reference,1,mlas-mp-cg-rj
https://en.wikipedia.org/wiki/Tarachand_Saraswat,en.wikipedia.org,encyclopedia,office-holder reference,1,mlas-mp-cg-rj
https://en.wikipedia.org/wiki/Taranga_Gogoi,en.wikipedia.org,encyclopedia,office-holder reference,1,mlas-wb-as-sk
https://en.wikipedia.org/wiki/Tariq_Hameed_Karra,en.wikipedia.org,encyclopedia,office-holder reference,1,mlas-jk-ar-mn-ml
https://en.wikipedia.org/wiki/Tarkishore_Prasad,en.wikipedia.org,encyclopedia,office-holder reference,1,mlas-br-jh-od
https://en.wikipedia.org/wiki/Tarun_Agarwala,en.wikipedia.org,encyclopedia,office-holder,1,judiciary-tribunals
https://en.wikipedia.org/wiki/Tarun_Chugh,en.wikipedia.org,encyclopedia,office-holder reference,1,parliament-rajya-sabha
https://en.wikipedia.org/wiki/Tarunjyoti_Tewari,en.wikipedia.org,encyclopedia,office-holder reference,1,mlas-wb-as-sk
https://en.wikipedia.org/wiki/Tarvinder_Singh_Marwah,en.wikipedia.org,encyclopedia,office-holder reference,1,mlas-pb-hr-hp-dl
https://en.wikipedia.org/wiki/Tatiparthi_Chandrasekhar,en.wikipedia.org,encyclopedia,office-holder reference,1,mlas-ka-ap-tg
https://en.wikipedia.org/wiki/Tauseef_Alam,en.wikipedia.org,encyclopedia,office-holder reference,1,mlas-br-jh-od
https://en.wikipedia.org/wiki/Tea_Board_of_India,en.wikipedia.org,encyclopedia,office-holder,1,ministries-a
https://en.wikipedia.org/wiki/Techi_Kaso,en.wikipedia.org,encyclopedia,office-holder reference,1,mlas-jk-ar-mn-ml
https://en.wikipedia.org/wiki/Teenmar_Mallanna,en.wikipedia.org,encyclopedia,office-holder reference,1,mlas-ka-ap-tg
https://en.wikipedia.org/wiki/Tej_Bahadur_Singh_Chauhan,en.wikipedia.org,encyclopedia,office-holder reference,1,mlas-mp-cg-rj
https://en.wikipedia.org/wiki/Tejpal_Tawar,en.wikipedia.org,encyclopedia,office-holder reference,1,mlas-pb-hr-hp-dl
https://en.wikipedia.org/wiki/Telecom_Disputes_Settlement_and_Appellate_Tribunal,en.wikipedia.org,encyclopedia,entity facts,1,judiciary-tribunals
https://en.wikipedia.org/wiki/Tellam_Venkata_Rao,en.wikipedia.org,encyclopedia,office-holder reference,1,mlas-ka-ap-tg
https://en.wikipedia.org/wiki/Temjen_Imna_Along,en.wikipedia.org,encyclopedia,office-holder reference,1,mlas-mz-nl-tr
https://en.wikipedia.org/wiki/Temjenmemba,en.wikipedia.org,encyclopedia,office-holder reference,1,mlas-mz-nl-tr
https://en.wikipedia.org/wiki/Tenali_Sravan_Kumar,en.wikipedia.org,encyclopedia,office-holder reference,1,mlas-ka-ap-tg
https://en.wikipedia.org/wiki/Tenzin_Nyima_Glow,en.wikipedia.org,encyclopedia,office-holder reference,1,mlas-jk-ar-mn-ml
https://en.wikipedia.org/wiki/Tenzing_Norbu_Lamtha,en.wikipedia.org,encyclopedia,office-holder reference,1,mlas-wb-as-sk
https://en.wikipedia.org/wiki/Terash_Gowalla,en.wikipedia.org,encyclopedia,office-holder reference,1,parliament-rajya-sabha
https://en.wikipedia.org/wiki/Territorial_Army_(India),en.wikipedia.org,encyclopedia,entity facts,1,ministries-b2
https://en.wikipedia.org/wiki/Tesam_Pongte,en.wikipedia.org,encyclopedia,office-holder reference,1,mlas-jk-ar-mn-ml
https://en.wikipedia.org/wiki/Thakor_Laxmanji_Punjaji,en.wikipedia.org,encyclopedia,office-holder reference,1,mlas-mh-gj-ga
https://en.wikipedia.org/wiki/Thakur_Darshan_Singh,en.wikipedia.org,encyclopedia,office-holder reference,1,mlas-jk-ar-mn-ml
https://en.wikipedia.org/wiki/Thakurdas_Nagwanshi,en.wikipedia.org,encyclopedia,office-holder reference,1,mlas-mp-cg-rj
https://en.wikipedia.org/wiki/Thamimum_Ansari,en.wikipedia.org,encyclopedia,office-holder reference,1,mlas-tn-kl-py
https://en.wikipedia.org/wiki/Thaneswar_Basumatary,en.wikipedia.org,encyclopedia,office-holder reference,1,mlas-wb-as-sk
https://en.wikipedia.org/wiki/Thangam_Thennarasu,en.wikipedia.org,encyclopedia,office-holder reference,1,mlas-tn-kl-py
https://en.wikipedia.org/wiki/Thangjam_Arunkumar,en.wikipedia.org,encyclopedia,office-holder reference,1,mlas-jk-ar-mn-ml
https://en.wikipedia.org/wiki/Thangwang_Wangham,en.wikipedia.org,encyclopedia,office-holder reference,1,mlas-jk-ar-mn-ml
https://en.wikipedia.org/wiki/Tharahai_Cuthbert,en.wikipedia.org,encyclopedia,office-holder reference,1,mlas-tn-kl-py
https://en.wikipedia.org/wiki/Thavar_Chand_Meena,en.wikipedia.org,encyclopedia,office-holder reference,1,mlas-mp-cg-rj
https://en.wikipedia.org/wiki/Thenlay_Tshering_Bhutia,en.wikipedia.org,encyclopedia,office-holder reference,1,mlas-wb-as-sk
https://en.wikipedia.org/wiki/Thennarasu._K,en.wikipedia.org,encyclopedia,office-holder reference,1,mlas-tn-kl-py
https://en.wikipedia.org/wiki/Thiruvanchoor_Radhakrishnan,en.wikipedia.org,encyclopedia,office-holder reference,1,mlas-tn-kl-py
https://en.wikipedia.org/wiki/Thokchom_Lokeshwar_Singh,en.wikipedia.org,encyclopedia,office-holder reference,1,mlas-jk-ar-mn-ml
https://en.wikipedia.org/wiki/Thokchom_Radheshyam_Singh,en.wikipedia.org,encyclopedia,office-holder reference,1,mlas-jk-ar-mn-ml
https://en.wikipedia.org/wiki/Thokchom_Satyabrata_Singh,en.wikipedia.org,encyclopedia,office-holder reference,1,mlas-jk-ar-mn-ml
https://en.wikipedia.org/wiki/Thomas_A._Sangma,en.wikipedia.org,encyclopedia,office-holder reference,1,mlas-jk-ar-mn-ml
https://en.wikipedia.org/wiki/Thomas_Unniyadan,en.wikipedia.org,encyclopedia,office-holder reference,1,mlas-tn-kl-py
https://en.wikipedia.org/wiki/Thongam_Biswajit_Singh,en.wikipedia.org,encyclopedia,office-holder reference,1,mlas-jk-ar-mn-ml
https://en.wikipedia.org/wiki/Thongam_Shanti_Singh,en.wikipedia.org,encyclopedia,office-holder reference,1,mlas-jk-ar-mn-ml
https://en.wikipedia.org/wiki/Thota_Laxmi_Kantha_Rao,en.wikipedia.org,encyclopedia,office-holder reference,1,mlas-ka-ap-tg
https://en.wikipedia.org/wiki/Thota_Trimurthulu,en.wikipedia.org,encyclopedia,office-holder reference,1,mlas-ka-ap-tg
https://en.wikipedia.org/wiki/Thounaojam_Basanta_Kumar_Singh,en.wikipedia.org,encyclopedia,office-holder reference,1,mlas-jk-ar-mn-ml
https://en.wikipedia.org/wiki/Thounaojam_Shyamkumar_Singh,en.wikipedia.org,encyclopedia,office-holder reference,1,mlas-jk-ar-mn-ml
https://en.wikipedia.org/wiki/Thulasi_Teacher,en.wikipedia.org,encyclopedia,office-holder reference,1,mlas-tn-kl-py
https://en.wikipedia.org/wiki/Thummala_Nageswara_Rao,en.wikipedia.org,encyclopedia,office-holder reference,1,mlas-ka-ap-tg
https://en.wikipedia.org/wiki/Tilak_Ram_Gupta,en.wikipedia.org,encyclopedia,office-holder reference,1,mlas-pb-hr-hp-dl
https://en.wikipedia.org/wiki/Timothy_J._Shira,en.wikipedia.org,encyclopedia,office-holder reference,1,mlas-jk-ar-mn-ml
https://en.wikipedia.org/wiki/Tinku_Roy,en.wikipedia.org,encyclopedia,office-holder reference,1,mlas-mz-nl-tr
https://en.wikipedia.org/wiki/Tojir_Kadu,en.wikipedia.org,encyclopedia,office-holder reference,1,mlas-jk-ar-mn-ml
https://en.wikipedia.org/wiki/Toko_Tatung,en.wikipedia.org,encyclopedia,office-holder reference,1,mlas-jk-ar-mn-ml
https://en.wikipedia.org/wiki/Tongbram_Robindro_Singh,en.wikipedia.org,encyclopedia,office-holder reference,1,mlas-jk-ar-mn-ml
https://en.wikipedia.org/wiki/Tongpang_Ozüküm,en.wikipedia.org,encyclopedia,office-holder reference,1,mlas-mz-nl-tr
https://en.wikipedia.org/wiki/Tony_Chammany,en.wikipedia.org,encyclopedia,office-holder reference,1,mlas-tn-kl-py
https://en.wikipedia.org/wiki/Topin_Ete,en.wikipedia.org,encyclopedia,office-holder reference,1,mlas-jk-ar-mn-ml
https://en.wikipedia.org/wiki/Toraf_Hossain_Mandal,en.wikipedia.org,encyclopedia,office-holder reference,1,mlas-wb-as-sk
https://en.wikipedia.org/wiki/Tovihoto_Ayemi,en.wikipedia.org,encyclopedia,office-holder reference,1,mlas-mz-nl-tr
https://en.wikipedia.org/wiki/Training_Command_(India),en.wikipedia.org,encyclopedia,office-holder,1,ministries-b2
https://en.wikipedia.org/wiki/Trilok_Jamwal,en.wikipedia.org,encyclopedia,office-holder reference,1,mlas-pb-hr-hp-dl
https://en.wikipedia.org/wiki/Tripat_Rajinder_Singh_Bajwa,en.wikipedia.org,encyclopedia,office-holder reference,1,mlas-pb-hr-hp-dl
https://en.wikipedia.org/wiki/Tripura_Police,en.wikipedia.org,encyclopedia,office-holder,1,states-mz-nl-tr
https://en.wikipedia.org/wiki/Troop_Comforts_Limited,en.wikipedia.org,encyclopedia,entity facts,1,ministries-b2
https://en.wikipedia.org/wiki/Tseilhoutuo_Rhütso,en.wikipedia.org,encyclopedia,office-holder reference,1,mlas-mz-nl-tr
https://en.wikipedia.org/wiki/Tsering_Lhamu,en.wikipedia.org,encyclopedia,office-holder reference,1,mlas-jk-ar-mn-ml
https://en.wikipedia.org/wiki/Tseten_Chombay_Kee,en.wikipedia.org,encyclopedia,office-holder reference,1,mlas-jk-ar-mn-ml
https://en.wikipedia.org/wiki/Tshering_Thendup_Bhutia,en.wikipedia.org,encyclopedia,office-holder reference,1,mlas-wb-as-sk
https://en.wikipedia.org/wiki/Tukaram_Ramkrishna_Kate,en.wikipedia.org,encyclopedia,office-holder reference,1,mlas-mh-gj-ga
https://en.wikipedia.org/wiki/Tuleshwar_Hira_Singh_Markam,en.wikipedia.org,encyclopedia,office-holder reference,1,mlas-mp-cg-rj
https://en.wikipedia.org/wiki/Tuliram_Ronghang,en.wikipedia.org,encyclopedia,office-holder reference,1,mlas-wb-as-sk
https://en.wikipedia.org/wiki/Tulsi_Silawat,en.wikipedia.org,encyclopedia,office-holder reference,1,mlas-mp-cg-rj
https://en.wikipedia.org/wiki/Tusar_Kumar_Majumdar,en.wikipedia.org,encyclopedia,office-holder reference,1,mlas-wb-as-sk
https://en.wikipedia.org/wiki/Tushar_Amarsinh_Chaudhary,en.wikipedia.org,encyclopedia,office-holder reference,1,mlas-mh-gj-ga
https://en.wikipedia.org/wiki/Tushar_Rathod,en.wikipedia.org,encyclopedia,office-holder reference,1,mlas-mh-gj-ga
https://en.wikipedia.org/wiki/Tusharkanti_Behera,en.wikipedia.org,encyclopedia,office-holder reference,1,mlas-br-jh-od
https://en.wikipedia.org/wiki/U._B._Banakar,en.wikipedia.org,encyclopedia,office-holder reference,1,mlas-ka-ap-tg
https://en.wikipedia.org/wiki/U._R._Pradeep,en.wikipedia.org,encyclopedia,office-holder reference,1,mlas-tn-kl-py
https://en.wikipedia.org/wiki/U._Rajesh_Naik,en.wikipedia.org,encyclopedia,office-holder reference,1,mlas-ka-ap-tg
https://en.wikipedia.org/wiki/U._T._Khader,en.wikipedia.org,encyclopedia,office-holder reference,1,mlas-ka-ap-tg
https://en.wikipedia.org/wiki/Udai_Lal_Bhadana,en.wikipedia.org,encyclopedia,office-holder reference,1,mlas-mp-cg-rj
https://en.wikipedia.org/wiki/Udailal_Dangi,en.wikipedia.org,encyclopedia,office-holder reference,1,mlas-mp-cg-rj
https://en.wikipedia.org/wiki/UDAN,en.wikipedia.org,encyclopedia,entity facts,1,ministries-c
https://en.wikipedia.org/wiki/Uday_Garudachar,en.wikipedia.org,encyclopedia,office-holder reference,1,mlas-ka-ap-tg
https://en.wikipedia.org/wiki/Uday_Kangad,en.wikipedia.org,encyclopedia,office-holder reference,1,mlas-mh-gj-ga
https://en.wikipedia.org/wiki/Uday_Kumar_Singh,en.wikipedia.org,encyclopedia,office-holder reference,1,mlas-br-jh-od
https://en.wikipedia.org/wiki/Uday_Pratap_Singh_(Madhya_Pradesh_politician),en.wikipedia.org,encyclopedia,office-holder reference,1,mlas-mp-cg-rj
https://en.wikipedia.org/wiki/Uday_Samant,en.wikipedia.org,encyclopedia,office-holder reference,1,mlas-mh-gj-ga
https://en.wikipedia.org/wiki/Uday_Shankar_Singh,en.wikipedia.org,encyclopedia,office-holder reference,1,mlas-br-jh-od
https://en.wikipedia.org/wiki/Uddheshwari_Paikra,en.wikipedia.org,encyclopedia,office-holder reference,1,mlas-mp-cg-rj
https://en.wikipedia.org/wiki/Ujjal_Bhuyan,en.wikipedia.org,encyclopedia,office-holder reference,1,judiciary-supreme-court
https://en.wikipedia.org/wiki/Ujjwal_Nikam,en.wikipedia.org,encyclopedia,office-holder reference,1,parliament-rajya-sabha
https://en.wikipedia.org/wiki/Ulhas_Tuenkar,en.wikipedia.org,encyclopedia,office-holder reference,1,mlas-mh-gj-ga
https://en.wikipedia.org/wiki/Ullas_Kovur,en.wikipedia.org,encyclopedia,office-holder reference,1,mlas-tn-kl-py
https://en.wikipedia.org/wiki/Uma_Charan_Mallick,en.wikipedia.org,encyclopedia,office-holder reference,1,mlas-br-jh-od
https://en.wikipedia.org/wiki/Uma_Devi_Khatik,en.wikipedia.org,encyclopedia,office-holder reference,1,mlas-mp-cg-rj
https://en.wikipedia.org/wiki/Uma_Thomas,en.wikipedia.org,encyclopedia,office-holder reference,1,mlas-tn-kl-py
https://en.wikipedia.org/wiki/Umakant_Rajak,en.wikipedia.org,encyclopedia,office-holder reference,1,mlas-br-jh-od
https://en.wikipedia.org/wiki/Umakant_Sharma,en.wikipedia.org,encyclopedia,office-holder reference,1,mlas-mp-cg-rj
https://en.wikipedia.org/wiki/Umanatha_Kotian,en.wikipedia.org,encyclopedia,office-holder reference,1,mlas-ka-ap-tg
https://en.wikipedia.org/wiki/Umang_Bajaj,en.wikipedia.org,encyclopedia,office-holder reference,1,mlas-pb-hr-hp-dl
https://en.wikipedia.org/wiki/Umashree,en.wikipedia.org,encyclopedia,office-holder reference,1,mlas-ka-ap-tg
https://en.wikipedia.org/wiki/Umed_Singh_(Haryana_politician),en.wikipedia.org,encyclopedia,office-holder reference,1,mlas-pb-hr-hp-dl
https://en.wikipedia.org/wiki/Umesh_Meena,en.wikipedia.org,encyclopedia,office-holder reference,1,mlas-mp-cg-rj
https://en.wikipedia.org/wiki/Umesh_Nandkumar_Patel,en.wikipedia.org,encyclopedia,office-holder reference,1,mlas-mp-cg-rj
https://en.wikipedia.org/wiki/Umesh_Nath_Maharaj,en.wikipedia.org,encyclopedia,office-holder reference,1,parliament-rajya-sabha
https://en.wikipedia.org/wiki/Umesh_Rai,en.wikipedia.org,encyclopedia,office-holder reference,1,mlas-wb-as-sk
https://en.wikipedia.org/wiki/Umesh_Singh_Kushwaha,en.wikipedia.org,encyclopedia,office-holder reference,1,mlas-br-jh-od
https://en.wikipedia.org/wiki/Umeshbhai_Makwana,en.wikipedia.org,encyclopedia,office-holder reference,1,mlas-mh-gj-ga
https://en.wikipedia.org/wiki/Ummareddy_Venkateswarlu,en.wikipedia.org,encyclopedia,office-holder reference,1,mlas-ka-ap-tg
https://en.wikipedia.org/wiki/Union_Council_of_Ministers,en.wikipedia.org,encyclopedia,relationship,1,parliament-lok-sabha
https://en.wikipedia.org/wiki/Upasna_Mohapatra,en.wikipedia.org,encyclopedia,office-holder reference,1,mlas-br-jh-od
https://en.wikipedia.org/wiki/Upendra_Kushwaha,en.wikipedia.org,encyclopedia,office-holder reference,1,parliament-rajya-sabha
https://en.wikipedia.org/wiki/Upendra_Prasad,en.wikipedia.org,encyclopedia,office-holder reference,1,mlas-br-jh-od
https://en.wikipedia.org/wiki/Urmila_Thakur_(politician),en.wikipedia.org,encyclopedia,office-holder reference,1,mlas-br-jh-od
https://en.wikipedia.org/wiki/Usha_Rani_Mondal,en.wikipedia.org,encyclopedia,office-holder reference,1,mlas-wb-as-sk
https://en.wikipedia.org/wiki/Usha_Thakur,en.wikipedia.org,encyclopedia,office-holder reference,1,mlas-mp-cg-rj
https://en.wikipedia.org/wiki/Usha_Vijayan,en.wikipedia.org,encyclopedia,office-holder reference,1,mlas-tn-kl-py
https://en.wikipedia.org/wiki/Usham_Deben_Singh,en.wikipedia.org,encyclopedia,office-holder reference,1,mlas-jk-ar-mn-ml
https://en.wikipedia.org/wiki/Utpal_Borah,en.wikipedia.org,encyclopedia,office-holder reference,1,mlas-wb-as-sk
https://en.wikipedia.org/wiki/Utpal_Brahmacharo,en.wikipedia.org,encyclopedia,office-holder reference,1,mlas-wb-as-sk
https://en.wikipedia.org/wiki/Uttamrao_Jankar,en.wikipedia.org,encyclopedia,office-holder reference,1,mlas-mh-gj-ga
https://en.wikipedia.org/wiki/Uttar_Pradesh,en.wikipedia.org,encyclopedia,entity facts,1,states-up-uk-hp
https://en.wikipedia.org/wiki/Uttarakhand,en.wikipedia.org,encyclopedia,entity facts,1,states-up-uk-hp
https://en.wikipedia.org/wiki/Uttarakhand_Police,en.wikipedia.org,encyclopedia,office-holder,1,states-up-uk-hp
https://en.wikipedia.org/wiki/Uttari_Ganpat_Jangde,en.wikipedia.org,encyclopedia,office-holder reference,1,mlas-mp-cg-rj
https://en.wikipedia.org/wiki/V._Anantha_Nageswaran,en.wikipedia.org,encyclopedia,office-holder reference,1,ministries-a
https://en.wikipedia.org/wiki/V._Cartigueyane,en.wikipedia.org,encyclopedia,office-holder reference,1,mlas-tn-kl-py
https://en.wikipedia.org/wiki/V._D._Zala,en.wikipedia.org,encyclopedia,office-holder reference,1,mlas-mh-gj-ga
https://en.wikipedia.org/wiki/V._E._Abdul_Gafoor,en.wikipedia.org,encyclopedia,office-holder reference,1,mlas-tn-kl-py
https://en.wikipedia.org/wiki/V._Gandhiraj,en.wikipedia.org,encyclopedia,office-holder reference,1,mlas-tn-kl-py
https://en.wikipedia.org/wiki/V._Jogeswara_Rao,en.wikipedia.org,encyclopedia,office-holder reference,1,mlas-ka-ap-tg
https://en.wikipedia.org/wiki/V._Joy,en.wikipedia.org,encyclopedia,office-holder reference,1,mlas-tn-kl-py
https://en.wikipedia.org/wiki/V._K._Ramkumar,en.wikipedia.org,encyclopedia,office-holder reference,1,mlas-tn-kl-py
https://en.wikipedia.org/wiki/V._K._Sanoj,en.wikipedia.org,encyclopedia,office-holder reference,1,mlas-tn-kl-py
https://en.wikipedia.org/wiki/V._Kameswar_Rao,en.wikipedia.org,encyclopedia,office-holder reference,1,judiciary-high-courts
https://en.wikipedia.org/wiki/V._Kunhikrishnan,en.wikipedia.org,encyclopedia,office-holder reference,1,mlas-tn-kl-py
https://en.wikipedia.org/wiki/V._L._Zaithanzama,en.wikipedia.org,encyclopedia,office-holder reference,1,mlas-mz-nl-tr
https://en.wikipedia.org/wiki/V._M._Bhuvana_Krishnan,en.wikipedia.org,encyclopedia,office-holder,1,ministries-b2
https://en.wikipedia.org/wiki/V._M._Thomas,en.wikipedia.org,encyclopedia,office-holder reference,1,mlas-ka-ap-tg
https://en.wikipedia.org/wiki/V._Malsawmtluanga,en.wikipedia.org,encyclopedia,office-holder reference,1,mlas-mz-nl-tr
https://en.wikipedia.org/wiki/V._Mohana,en.wikipedia.org,encyclopedia,office-holder reference,1,judiciary-supreme-court
https://en.wikipedia.org/wiki/V._Muraleedharan,en.wikipedia.org,encyclopedia,office-holder reference,1,mlas-tn-kl-py
https://en.wikipedia.org/wiki/V._Muthuraja,en.wikipedia.org,encyclopedia,office-holder reference,1,mlas-tn-kl-py
https://en.wikipedia.org/wiki/V._P._Sajeendran,en.wikipedia.org,encyclopedia,office-holder reference,1,mlas-tn-kl-py
https://en.wikipedia.org/wiki/V._P._Sivakolundhu,en.wikipedia.org,encyclopedia,office-holder reference,1,mlas-tn-kl-py
https://en.wikipedia.org/wiki/V._P._Tamilselvi,en.wikipedia.org,encyclopedia,office-holder reference,1,mlas-tn-kl-py
https://en.wikipedia.org/wiki/V._Ramasubramanian,en.wikipedia.org,encyclopedia,office-holder reference,1,regulators
https://en.wikipedia.org/wiki/V._S_Joy,en.wikipedia.org,encyclopedia,office-holder reference,1,mlas-tn-kl-py
https://en.wikipedia.org/wiki/V._S._Babu,en.wikipedia.org,encyclopedia,office-holder reference,1,mlas-tn-kl-py
https://en.wikipedia.org/wiki/V._Sathyabama,en.wikipedia.org,encyclopedia,office-holder reference,1,mlas-tn-kl-py
https://en.wikipedia.org/wiki/V._Senthilbalaji,en.wikipedia.org,encyclopedia,office-holder reference,1,mlas-tn-kl-py
https://en.wikipedia.org/wiki/V._Sivadasan,en.wikipedia.org,encyclopedia,office-holder reference,1,parliament-rajya-sabha
https://en.wikipedia.org/wiki/V._Srinivas,en.wikipedia.org,encyclopedia,office-holder,1,states-mp-cg-rj-r2
https://en.wikipedia.org/wiki/V._Sunil_Kumar,en.wikipedia.org,encyclopedia,office-holder reference,1,mlas-ka-ap-tg
https://en.wikipedia.org/wiki/V._T._Balram,en.wikipedia.org,encyclopedia,office-holder reference,1,mlas-tn-kl-py
https://en.wikipedia.org/wiki/V._T._Sooraj,en.wikipedia.org,encyclopedia,office-holder reference,1,mlas-tn-kl-py
https://en.wikipedia.org/wiki/V._Vigneswaran,en.wikipedia.org,encyclopedia,office-holder reference,1,mlas-tn-kl-py
https://en.wikipedia.org/wiki/V._Vijayendra_Prasad,en.wikipedia.org,encyclopedia,office-holder reference,1,parliament-rajya-sabha
https://en.wikipedia.org/wiki/Vaddiraju_Ravichandra,en.wikipedia.org,encyclopedia,office-holder reference,1,parliament-rajya-sabha
https://en.wikipedia.org/wiki/Vaiyapuri_Manikandan,en.wikipedia.org,encyclopedia,office-holder reference,1,mlas-tn-kl-py
https://en.wikipedia.org/wiki/Vakiti_Sunitha_Laxma_Reddy,en.wikipedia.org,encyclopedia,office-holder reference,1,mlas-ka-ap-tg
https://en.wikipedia.org/wiki/Vamsi_Krishna_Srinivasa_Yadav,en.wikipedia.org,encyclopedia,office-holder reference,1,mlas-ka-ap-tg
https://en.wikipedia.org/wiki/Vanamadi_Venkateswara_Rao,en.wikipedia.org,encyclopedia,office-holder reference,1,mlas-ka-ap-tg
https://en.wikipedia.org/wiki/Vangalapudi_Anitha,en.wikipedia.org,encyclopedia,office-holder reference,1,mlas-ka-ap-tg
https://en.wikipedia.org/wiki/Vanlalhlana,en.wikipedia.org,encyclopedia,office-holder reference,1,mlas-mz-nl-tr
https://en.wikipedia.org/wiki/Vanlalthlana,en.wikipedia.org,encyclopedia,office-holder reference,1,mlas-mz-nl-tr
https://en.wikipedia.org/wiki/Vanni_Arasu,en.wikipedia.org,encyclopedia,office-holder reference,1,mlas-tn-kl-py
https://en.wikipedia.org/wiki/Vanshidhar_Brijwasi,en.wikipedia.org,encyclopedia,office-holder reference,1,mlas-br-jh-od
https://en.wikipedia.org/wiki/Varghese_Mammen,en.wikipedia.org,encyclopedia,office-holder reference,1,mlas-tn-kl-py
https://en.wikipedia.org/wiki/Variable_Energy_Cyclotron_Centre,en.wikipedia.org,encyclopedia,entity facts,1,ministries-d
https://en.wikipedia.org/wiki/Varla_Kumar_Raja,en.wikipedia.org,encyclopedia,office-holder reference,1,mlas-ka-ap-tg
https://en.wikipedia.org/wiki/Varla_Ramaiah,en.wikipedia.org,encyclopedia,office-holder reference,1,mlas-ka-ap-tg
https://en.wikipedia.org/wiki/Varun_Sardesai,en.wikipedia.org,encyclopedia,office-holder reference,1,mlas-mh-gj-ga
https://en.wikipedia.org/wiki/Varupula_Satyaprabha,en.wikipedia.org,encyclopedia,office-holder reference,1,mlas-ka-ap-tg
https://en.wikipedia.org/wiki/Vasamsetti_Subhash,en.wikipedia.org,encyclopedia,office-holder reference,1,mlas-ka-ap-tg
https://en.wikipedia.org/wiki/Vasantha_Venkata_Krishna_Prasad,en.wikipedia.org,encyclopedia,office-holder reference,1,mlas-ka-ap-tg
https://en.wikipedia.org/wiki/Vasundhara_Raje,en.wikipedia.org,encyclopedia,office-holder reference,1,mlas-mp-cg-rj
https://en.wikipedia.org/wiki/Vedma_Bhojju,en.wikipedia.org,encyclopedia,office-holder reference,1,mlas-ka-ap-tg
https://en.wikipedia.org/wiki/Veer_Singh_Bhuriya,en.wikipedia.org,encyclopedia,office-holder reference,1,mlas-mp-cg-rj
https://en.wikipedia.org/wiki/Veer_Singh_Dhingan,en.wikipedia.org,encyclopedia,office-holder reference,1,mlas-pb-hr-hp-dl
https://en.wikipedia.org/wiki/Veerendra_Heggade,en.wikipedia.org,encyclopedia,office-holder reference,1,parliament-rajya-sabha
https://en.wikipedia.org/wiki/Veerendra_Singh_Lodhi,en.wikipedia.org,encyclopedia,office-holder reference,1,mlas-mp-cg-rj
https://en.wikipedia.org/wiki/Vegesana_Narendra_Varma_Raju,en.wikipedia.org,encyclopedia,office-holder reference,1,mlas-ka-ap-tg
https://en.wikipedia.org/wiki/Velagapudi_Ramakrishna_Babu,en.wikipedia.org,encyclopedia,office-holder reference,1,mlas-ka-ap-tg
https://en.wikipedia.org/wiki/Vem_Narender_Reddy,en.wikipedia.org,encyclopedia,office-holder reference,1,parliament-rajya-sabha
https://en.wikipedia.org/wiki/Vemireddy_Prashanti_Reddy,en.wikipedia.org,encyclopedia,office-holder reference,1,mlas-ka-ap-tg
https://en.wikipedia.org/wiki/Vemula_Prashanth_Reddy,en.wikipedia.org,encyclopedia,office-holder reference,1,mlas-ka-ap-tg
https://en.wikipedia.org/wiki/Vemula_Veeresham,en.wikipedia.org,encyclopedia,office-holder reference,1,mlas-ka-ap-tg
https://en.wikipedia.org/wiki/Venigandla_Ramu,en.wikipedia.org,encyclopedia,office-holder reference,1,mlas-ka-ap-tg
https://en.wikipedia.org/wiki/Venzy_Viegas,en.wikipedia.org,encyclopedia,office-holder reference,1,mlas-mh-gj-ga
https://en.wikipedia.org/wiki/Vepada_Chiranjeevi_Rao,en.wikipedia.org,encyclopedia,office-holder reference,1,mlas-ka-ap-tg
https://en.wikipedia.org/wiki/Vibha_Devi_Yadav,en.wikipedia.org,encyclopedia,office-holder reference,1,mlas-br-jh-od
https://en.wikipedia.org/wiki/Vibhu_Bakhru,en.wikipedia.org,encyclopedia,office-holder reference,1,judiciary-high-courts
https://en.wikipedia.org/wiki/Vice_Chief_of_Naval_Staff_(India),en.wikipedia.org,encyclopedia,office-holder,1,ministries-b2
https://en.wikipedia.org/wiki/Vice_Chief_of_the_Air_Staff_(India),en.wikipedia.org,encyclopedia,office-holder,1,ministries-b2
https://en.wikipedia.org/wiki/Vice_Chief_of_the_Army_Staff,en.wikipedia.org,encyclopedia,office-holder,1,ministries-b2
https://en.wikipedia.org/wiki/Victor_Kumar_Das,en.wikipedia.org,encyclopedia,office-holder reference,1,mlas-wb-as-sk
https://en.wikipedia.org/wiki/Vidhyadhar_Singh,en.wikipedia.org,encyclopedia,office-holder reference,1,mlas-mp-cg-rj
https://en.wikipedia.org/wiki/Vidya_Balakrishnan,en.wikipedia.org,encyclopedia,office-holder reference,1,mlas-tn-kl-py
https://en.wikipedia.org/wiki/Vidya_Thakur,en.wikipedia.org,encyclopedia,office-holder reference,1,mlas-mh-gj-ga
https://en.wikipedia.org/wiki/Vidyawati_Sidar,en.wikipedia.org,encyclopedia,office-holder reference,1,mlas-mp-cg-rj
https://en.wikipedia.org/wiki/Vignesh_Kannan,en.wikipedia.org,encyclopedia,office-holder reference,1,mlas-tn-kl-py
https://en.wikipedia.org/wiki/Vijai_Sardesai,en.wikipedia.org,encyclopedia,office-holder reference,1,mlas-mh-gj-ga
https://en.wikipedia.org/wiki/Vijay_(politician),en.wikipedia.org,encyclopedia,relationship,1,states-tn-kl-py
https://en.wikipedia.org/wiki/Vijay_Bharatlal_Rahangdale,en.wikipedia.org,encyclopedia,office-holder reference,1,mlas-mh-gj-ga
https://en.wikipedia.org/wiki/Vijay_Bishnoi,en.wikipedia.org,encyclopedia,office-holder reference,1,judiciary-supreme-court
https://en.wikipedia.org/wiki/Vijay_Chintakayala,en.wikipedia.org,encyclopedia,office-holder reference,1,parliament-rajya-sabha
https://en.wikipedia.org/wiki/Vijay_Deshmukh,en.wikipedia.org,encyclopedia,office-holder reference,1,mlas-mh-gj-ga
https://en.wikipedia.org/wiki/Vijay_Kumar_Gupta,en.wikipedia.org,encyclopedia,office-holder reference,1,mlas-wb-as-sk
https://en.wikipedia.org/wiki/Vijay_Kumar_Khemka,en.wikipedia.org,encyclopedia,office-holder reference,1,mlas-br-jh-od
https://en.wikipedia.org/wiki/Vijay_Kumar_Mandal,en.wikipedia.org,encyclopedia,office-holder reference,1,mlas-br-jh-od
https://en.wikipedia.org/wiki/Vijay_Kumar_Sharma,en.wikipedia.org,encyclopedia,office-holder reference,1,mlas-jk-ar-mn-ml
https://en.wikipedia.org/wiki/Vijay_Kumar_Sinha,en.wikipedia.org,encyclopedia,office-holder reference,1,mlas-br-jh-od
https://en.wikipedia.org/wiki/Vijay_Ojha,en.wikipedia.org,encyclopedia,office-holder reference,1,mlas-wb-as-sk
https://en.wikipedia.org/wiki/Vijay_Revnath_Chore,en.wikipedia.org,encyclopedia,office-holder reference,1,mlas-mp-cg-rj
https://en.wikipedia.org/wiki/Vijay_Shivtare,en.wikipedia.org,encyclopedia,office-holder reference,1,mlas-mh-gj-ga
https://en.wikipedia.org/wiki/Vijay_Singh_Chaudhary,en.wikipedia.org,encyclopedia,office-holder reference,1,mlas-mp-cg-rj
https://en.wikipedia.org/wiki/Vijay_Tamilan_Parthiban,en.wikipedia.org,encyclopedia,office-holder reference,1,mlas-tn-kl-py
https://en.wikipedia.org/wiki/Vijay_Wadettiwar,en.wikipedia.org,encyclopedia,office-holder reference,1,mlas-mh-gj-ga
https://en.wikipedia.org/wiki/Vijaya_Rahatkar,en.wikipedia.org,encyclopedia,office-holder reference,1,regulators
https://en.wikipedia.org/wiki/Vijaya_Shanthi,en.wikipedia.org,encyclopedia,office-holder reference,1,mlas-ka-ap-tg
https://en.wikipedia.org/wiki/Vijayanand_Kashappanavar,en.wikipedia.org,encyclopedia,office-holder reference,1,mlas-ka-ap-tg
https://en.wikipedia.org/wiki/Vijaybhai_Patel,en.wikipedia.org,encyclopedia,office-holder reference,1,mlas-mh-gj-ga
https://en.wikipedia.org/wiki/Vijaykumar_Gavit,en.wikipedia.org,encyclopedia,office-holder reference,1,mlas-mh-gj-ga
https://en.wikipedia.org/wiki/Vijaypal_Singh_(politician),en.wikipedia.org,encyclopedia,office-holder reference,1,mlas-mp-cg-rj
https://en.wikipedia.org/wiki/Vijaysinh_Pandit,en.wikipedia.org,encyclopedia,office-holder reference,1,mlas-mh-gj-ga
https://en.wikipedia.org/wiki/Vikas_Saharan,en.wikipedia.org,encyclopedia,office-holder reference,1,mlas-pb-hr-hp-dl
https://en.wikipedia.org/wiki/Vikas_Thakre,en.wikipedia.org,encyclopedia,office-holder reference,1,mlas-mh-gj-ga
https://en.wikipedia.org/wiki/Vikash_Kumar_Munda,en.wikipedia.org,encyclopedia,office-holder reference,1,mlas-br-jh-od
https://en.wikipedia.org/wiki/Vikram_Babanrao_Pachpute,en.wikipedia.org,encyclopedia,office-holder reference,1,mlas-mh-gj-ga
https://en.wikipedia.org/wiki/Vikram_Bansiwal,en.wikipedia.org,encyclopedia,office-holder reference,1,mlas-mp-cg-rj
https://en.wikipedia.org/wiki/Vikram_Mandavi,en.wikipedia.org,encyclopedia,office-holder reference,1,mlas-mp-cg-rj
https://en.wikipedia.org/wiki/Vikram_Randhawa,en.wikipedia.org,encyclopedia,office-holder reference,1,mlas-jk-ar-mn-ml
https://en.wikipedia.org/wiki/Vikram_Singh_(Madhya_Pradesh_politician),en.wikipedia.org,encyclopedia,office-holder reference,1,mlas-mp-cg-rj
https://en.wikipedia.org/wiki/Vikram_Singh_Jakhal,en.wikipedia.org,encyclopedia,office-holder reference,1,mlas-mp-cg-rj
https://en.wikipedia.org/wiki/Vikram_Usendi,en.wikipedia.org,encyclopedia,office-holder reference,1,mlas-mp-cg-rj
https://en.wikipedia.org/wiki/Vikram_Vasantrao_Kale,en.wikipedia.org,encyclopedia,office-holder reference,1,mlas-mh-gj-ga
https://en.wikipedia.org/wiki/Vikramaditya_Singh_(Himachal_Pradesh_politician),en.wikipedia.org,encyclopedia,office-holder reference,1,mlas-pb-hr-hp-dl
https://en.wikipedia.org/wiki/Vikramjit_Singh_Chaudhary,en.wikipedia.org,encyclopedia,office-holder reference,1,mlas-pb-hr-hp-dl
https://en.wikipedia.org/wiki/Vikramjit_Singh_Sahney,en.wikipedia.org,encyclopedia,office-holder reference,1,parliament-rajya-sabha
https://en.wikipedia.org/wiki/Vikrant_Bhuria,en.wikipedia.org,encyclopedia,office-holder reference,1,mlas-mp-cg-rj
https://en.wikipedia.org/wiki/Vikrant_Patil,en.wikipedia.org,encyclopedia,office-holder reference,1,mlas-mh-gj-ga
https://en.wikipedia.org/wiki/Vilas_Sandipan_Bhumre,en.wikipedia.org,encyclopedia,office-holder reference,1,mlas-mh-gj-ga
https://en.wikipedia.org/wiki/Vilas_Tare,en.wikipedia.org,encyclopedia,office-holder reference,1,mlas-mh-gj-ga
https://en.wikipedia.org/wiki/Vimal_Chudasama,en.wikipedia.org,encyclopedia,office-holder reference,1,mlas-mh-gj-ga
https://en.wikipedia.org/wiki/Vimal_Rajbanshi,en.wikipedia.org,encyclopedia,office-holder reference,1,mlas-br-jh-od
https://en.wikipedia.org/wiki/Vinai_Kumar_Saxena,en.wikipedia.org,encyclopedia,office-holder reference,1,states-dl-jk-la
https://en.wikipedia.org/wiki/Vinay_Bihari,en.wikipedia.org,encyclopedia,office-holder reference,1,mlas-br-jh-od
https://en.wikipedia.org/wiki/Vinay_Kore,en.wikipedia.org,encyclopedia,office-holder reference,1,mlas-mh-gj-ga
https://en.wikipedia.org/wiki/Vinay_Kulkarni,en.wikipedia.org,encyclopedia,office-holder reference,1,mlas-ka-ap-tg
https://en.wikipedia.org/wiki/Vinay_Kumar_(politician),en.wikipedia.org,encyclopedia,office-holder reference,1,mlas-pb-hr-hp-dl
https://en.wikipedia.org/wiki/Vinesh_Phogat,en.wikipedia.org,encyclopedia,office-holder reference,1,mlas-pb-hr-hp-dl
https://en.wikipedia.org/wiki/Vinod_Agrawal,en.wikipedia.org,encyclopedia,office-holder reference,1,mlas-mh-gj-ga
https://en.wikipedia.org/wiki/Vinod_Bhayana,en.wikipedia.org,encyclopedia,office-holder reference,1,mlas-pb-hr-hp-dl
https://en.wikipedia.org/wiki/Vinod_Bhiva_Nikole,en.wikipedia.org,encyclopedia,office-holder reference,1,mlas-mh-gj-ga
https://en.wikipedia.org/wiki/Vinod_Gothwal,en.wikipedia.org,encyclopedia,office-holder reference,1,mlas-mp-cg-rj
https://en.wikipedia.org/wiki/Vinod_Kumar_(politician),en.wikipedia.org,encyclopedia,office-holder reference,1,mlas-pb-hr-hp-dl
https://en.wikipedia.org/wiki/Vinod_Moradiya,en.wikipedia.org,encyclopedia,office-holder reference,1,mlas-mh-gj-ga
https://en.wikipedia.org/wiki/Vinod_Narayan_Jha,en.wikipedia.org,encyclopedia,office-holder reference,1,mlas-br-jh-od
https://en.wikipedia.org/wiki/Vinod_Sultanpuri,en.wikipedia.org,encyclopedia,office-holder reference,1,mlas-pb-hr-hp-dl
https://en.wikipedia.org/wiki/Vinod_Tawde,en.wikipedia.org,encyclopedia,office-holder reference,1,parliament-rajya-sabha
https://en.wikipedia.org/wiki/Vinu_Job_Kuzhimannil,en.wikipedia.org,encyclopedia,office-holder reference,1,mlas-tn-kl-py
https://en.wikipedia.org/wiki/Vipin_Jain,en.wikipedia.org,encyclopedia,office-holder reference,1,mlas-mp-cg-rj
https://en.wikipedia.org/wiki/Vipin_Singh_Parmar,en.wikipedia.org,encyclopedia,office-holder reference,1,mlas-pb-hr-hp-dl
https://en.wikipedia.org/wiki/Vipul_Manubhai_Pancholi,en.wikipedia.org,encyclopedia,office-holder reference,1,judiciary-supreme-court
https://en.wikipedia.org/wiki/Vipul_Patel,en.wikipedia.org,encyclopedia,office-holder reference,1,mlas-mh-gj-ga
https://en.wikipedia.org/wiki/Virender_Singh_Kadian,en.wikipedia.org,encyclopedia,office-holder reference,1,mlas-pb-hr-hp-dl
https://en.wikipedia.org/wiki/Virendra_Narayan_Yadav,en.wikipedia.org,encyclopedia,office-holder reference,1,mlas-br-jh-od
https://en.wikipedia.org/wiki/Virendra_Singh_(Danta_Ramgarh),en.wikipedia.org,encyclopedia,office-holder reference,1,mlas-mp-cg-rj
https://en.wikipedia.org/wiki/Virendra_Singh_(Rajasthan_politician),en.wikipedia.org,encyclopedia,office-holder reference,1,mlas-mp-cg-rj
https://en.wikipedia.org/wiki/Virendrasinh_Jadeja,en.wikipedia.org,encyclopedia,office-holder reference,1,mlas-mh-gj-ga
https://en.wikipedia.org/wiki/Viresh_Borkar,en.wikipedia.org,encyclopedia,office-holder reference,1,mlas-mh-gj-ga
https://en.wikipedia.org/wiki/Vishal_Kumar_(Narkatiya_politician),en.wikipedia.org,encyclopedia,office-holder reference,1,mlas-br-jh-od
https://en.wikipedia.org/wiki/Vishal_Prashant,en.wikipedia.org,encyclopedia,office-holder reference,1,mlas-br-jh-od
https://en.wikipedia.org/wiki/Vishesh_Ravi,en.wikipedia.org,encyclopedia,office-holder reference,1,mlas-pb-hr-hp-dl
https://en.wikipedia.org/wiki/Vishnu_Khatri,en.wikipedia.org,encyclopedia,office-holder reference,1,mlas-mp-cg-rj
https://en.wikipedia.org/wiki/Vishnu_Mohan_(politician),en.wikipedia.org,encyclopedia,office-holder reference,1,mlas-tn-kl-py
https://en.wikipedia.org/wiki/Vishnudeo_Sai,en.wikipedia.org,encyclopedia,office-holder reference,1,mlas-mp-cg-rj
https://en.wikipedia.org/wiki/Vishvaraj_Singh_Mewar,en.wikipedia.org,encyclopedia,office-holder reference,1,mlas-mp-cg-rj
https://en.wikipedia.org/wiki/Vishvas_Sarang,en.wikipedia.org,encyclopedia,office-holder reference,1,mlas-mp-cg-rj
https://en.wikipedia.org/wiki/Vishwajeet_Kadam,en.wikipedia.org,encyclopedia,office-holder reference,1,mlas-mh-gj-ga
https://en.wikipedia.org/wiki/Vishwajit_Pratapsingh_Rane,en.wikipedia.org,encyclopedia,office-holder reference,1,mlas-mh-gj-ga
https://en.wikipedia.org/wiki/Vishwamitra_Pathak,en.wikipedia.org,encyclopedia,office-holder reference,1,mlas-mp-cg-rj
https://en.wikipedia.org/wiki/Vishwanath_Bhoir,en.wikipedia.org,encyclopedia,office-holder reference,1,mlas-mh-gj-ga
https://en.wikipedia.org/wiki/Vishwanath_Meghwal,en.wikipedia.org,encyclopedia,office-holder reference,1,mlas-mp-cg-rj
https://en.wikipedia.org/wiki/Vishwanath_Singh_Patel,en.wikipedia.org,encyclopedia,office-holder reference,1,mlas-mp-cg-rj
https://en.wikipedia.org/wiki/Vishwas_Vasant_Vaidya,en.wikipedia.org,encyclopedia,office-holder reference,1,mlas-ka-ap-tg
https://en.wikipedia.org/wiki/Vithal_Somanna_Halagekar,en.wikipedia.org,encyclopedia,office-holder reference,1,mlas-ka-ap-tg
https://en.wikipedia.org/wiki/Vitthal_Langhe,en.wikipedia.org,encyclopedia,office-holder reference,1,mlas-mh-gj-ga
https://en.wikipedia.org/wiki/Vivek_Joshi_(civil_servant),en.wikipedia.org,encyclopedia,office-holder reference,1,constitutional-bodies
https://en.wikipedia.org/wiki/Vivek_Kolhe,en.wikipedia.org,encyclopedia,office-holder reference,1,mlas-mh-gj-ga
https://en.wikipedia.org/wiki/Vivek_Sharma,en.wikipedia.org,encyclopedia,office-holder reference,1,mlas-pb-hr-hp-dl
https://en.wikipedia.org/wiki/Vivek_Tankha,en.wikipedia.org,encyclopedia,office-holder reference,1,parliament-rajya-sabha
https://en.wikipedia.org/wiki/Vivek_Vicky_Patel,en.wikipedia.org,encyclopedia,office-holder reference,1,mlas-mp-cg-rj
https://en.wikipedia.org/wiki/Vyas_Kashyap,en.wikipedia.org,encyclopedia,office-holder reference,1,mlas-mp-cg-rj
https://en.wikipedia.org/wiki/W._Chhuanawma,en.wikipedia.org,encyclopedia,office-holder reference,1,mlas-mz-nl-tr
https://en.wikipedia.org/wiki/W._Chingang_Konyak,en.wikipedia.org,encyclopedia,office-holder reference,1,mlas-mz-nl-tr
https://en.wikipedia.org/wiki/Waheed_Ur_Rehman_Para,en.wikipedia.org,encyclopedia,office-holder reference,1,mlas-jk-ar-mn-ml
https://en.wikipedia.org/wiki/Wailadmiki_Shylla,en.wikipedia.org,encyclopedia,office-holder reference,1,mlas-jk-ar-mn-ml
https://en.wikipedia.org/wiki/Wangki_Lowang,en.wikipedia.org,encyclopedia,office-holder reference,1,mlas-jk-ar-mn-ml
https://en.wikipedia.org/wiki/Wanglam_Sawin,en.wikipedia.org,encyclopedia,office-holder reference,1,mlas-jk-ar-mn-ml
https://en.wikipedia.org/wiki/Wanglin_Lowangdong,en.wikipedia.org,encyclopedia,office-holder reference,1,mlas-jk-ar-mn-ml
https://en.wikipedia.org/wiki/Wangpang_Konyak,en.wikipedia.org,encyclopedia,office-holder reference,1,mlas-mz-nl-tr
https://en.wikipedia.org/wiki/Wazed_Ali_Choudhury,en.wikipedia.org,encyclopedia,office-holder reference,1,mlas-wb-as-sk
https://en.wikipedia.org/wiki/West_Bengal_Police,en.wikipedia.org,encyclopedia,office-holder,1,states-wb-as-sk
https://en.wikipedia.org/wiki/Western_Air_Command_(India),en.wikipedia.org,encyclopedia,office-holder,1,ministries-b2
https://en.wikipedia.org/wiki/Western_Naval_Command,en.wikipedia.org,encyclopedia,office-holder,1,ministries-b2
https://en.wikipedia.org/wiki/Xavier_Chittilappilly,en.wikipedia.org,encyclopedia,office-holder reference,1,mlas-tn-kl-py
https://en.wikipedia.org/wiki/Y._Balanagi_Reddy,en.wikipedia.org,encyclopedia,office-holder reference,1,mlas-ka-ap-tg
https://en.wikipedia.org/wiki/Y._Bharath_Shetty,en.wikipedia.org,encyclopedia,office-holder reference,1,mlas-ka-ap-tg
https://en.wikipedia.org/wiki/Y._Lima_Onen_Chang,en.wikipedia.org,encyclopedia,office-holder reference,1,mlas-mz-nl-tr
https://en.wikipedia.org/wiki/Y._Mankhao_Konyak,en.wikipedia.org,encyclopedia,office-holder reference,1,mlas-mz-nl-tr
https://en.wikipedia.org/wiki/Y._Mhonbemo_Hümtsoe,en.wikipedia.org,encyclopedia,office-holder reference,1,mlas-mz-nl-tr
https://en.wikipedia.org/wiki/Y._S._Jagan_Mohan_Reddy,en.wikipedia.org,encyclopedia,office-holder reference,1,mlas-ka-ap-tg
https://en.wikipedia.org/wiki/Y._V._Subba_Reddy,en.wikipedia.org,encyclopedia,office-holder reference,1,parliament-rajya-sabha
https://en.wikipedia.org/wiki/Yadvendra_Singh,en.wikipedia.org,encyclopedia,office-holder reference,1,mlas-mp-cg-rj
https://en.wikipedia.org/wiki/Yadvinder_Goma,en.wikipedia.org,encyclopedia,office-holder reference,1,mlas-pb-hr-hp-dl
https://en.wikipedia.org/wiki/Yanamala_Divya,en.wikipedia.org,encyclopedia,office-holder reference,1,mlas-ka-ap-tg
https://en.wikipedia.org/wiki/Yanthungo_Patton,en.wikipedia.org,encyclopedia,office-holder reference,1,mlas-mz-nl-tr
https://en.wikipedia.org/wiki/Yantra_India_Limited,en.wikipedia.org,encyclopedia,entity facts,1,ministries-b2
https://en.wikipedia.org/wiki/Yarapathineni_Srinivasa_Rao,en.wikipedia.org,encyclopedia,office-holder reference,1,mlas-ka-ap-tg
https://en.wikipedia.org/wiki/Yarlagadda_Venkata_Rao,en.wikipedia.org,encyclopedia,office-holder reference,1,mlas-ka-ap-tg
https://en.wikipedia.org/wiki/Yashavant_Rayagoud_Patil,en.wikipedia.org,encyclopedia,office-holder reference,1,mlas-ka-ap-tg
https://en.wikipedia.org/wiki/Yashoda_Verma,en.wikipedia.org,encyclopedia,office-holder reference,1,mlas-mp-cg-rj
https://en.wikipedia.org/wiki/Yathindra_Siddaramaiah,en.wikipedia.org,encyclopedia,office-holder reference,1,mlas-ka-ap-tg
https://en.wikipedia.org/wiki/Yeluri_Sambasiva_Rao,en.wikipedia.org,encyclopedia,office-holder reference,1,mlas-ka-ap-tg
https://en.wikipedia.org/wiki/Yogender_Singh_Rana,en.wikipedia.org,encyclopedia,office-holder reference,1,mlas-pb-hr-hp-dl
https://en.wikipedia.org/wiki/Yogendra_Prasad,en.wikipedia.org,encyclopedia,office-holder reference,1,mlas-br-jh-od
https://en.wikipedia.org/wiki/Yogendra_Singh_(politician),en.wikipedia.org,encyclopedia,office-holder reference,1,mlas-mp-cg-rj
https://en.wikipedia.org/wiki/Yogendrasinh_Parmar,en.wikipedia.org,encyclopedia,office-holder reference,1,mlas-mh-gj-ga
https://en.wikipedia.org/wiki/Yogesh_Kadam,en.wikipedia.org,encyclopedia,office-holder reference,1,mlas-mh-gj-ga
https://en.wikipedia.org/wiki/Yogesh_Pandagre,en.wikipedia.org,encyclopedia,office-holder reference,1,mlas-mp-cg-rj
https://en.wikipedia.org/wiki/Yogesh_Patel,en.wikipedia.org,encyclopedia,office-holder reference,1,mlas-mh-gj-ga
https://en.wikipedia.org/wiki/Yogesh_Sagar,en.wikipedia.org,encyclopedia,office-holder reference,1,mlas-mh-gj-ga
https://en.wikipedia.org/wiki/Yogesh_Tilekar,en.wikipedia.org,encyclopedia,office-holder reference,1,mlas-mh-gj-ga
https://en.wikipedia.org/wiki/Yogeshwar_Raju_Sinha,en.wikipedia.org,encyclopedia,office-holder reference,1,mlas-mp-cg-rj
https://en.wikipedia.org/wiki/Yudhvir_Sethi,en.wikipedia.org,encyclopedia,office-holder reference,1,mlas-jk-ar-mn-ml
https://en.wikipedia.org/wiki/Yumnam_Radheshyam,en.wikipedia.org,encyclopedia,office-holder reference,1,mlas-jk-ar-mn-ml
https://en.wikipedia.org/wiki/Yunus_Khan_(politician),en.wikipedia.org,encyclopedia,office-holder reference,1,mlas-mp-cg-rj
https://en.wikipedia.org/wiki/Yuri_Alemao,en.wikipedia.org,encyclopedia,office-holder reference,1,mlas-mh-gj-ga
https://en.wikipedia.org/wiki/Z._Nyusietho_Nyuthe,en.wikipedia.org,encyclopedia,office-holder reference,1,mlas-mz-nl-tr
https://en.wikipedia.org/wiki/Zafar_Ali_Khatana,en.wikipedia.org,encyclopedia,office-holder reference,1,mlas-jk-ar-mn-ml
https://en.wikipedia.org/wiki/Zakir_Hussain_Gesawat,en.wikipedia.org,encyclopedia,office-holder reference,1,mlas-mp-cg-rj
https://en.wikipedia.org/wiki/Zeeshan_Siddique,en.wikipedia.org,encyclopedia,office-holder reference,1,mlas-mh-gj-ga
https://en.wikipedia.org/wiki/Zhaleo_Rio,en.wikipedia.org,encyclopedia,office-holder reference,1,mlas-mz-nl-tr
https://en.wikipedia.org/wiki/Zubair_Anam_Mazumder,en.wikipedia.org,encyclopedia,office-holder reference,1,mlas-wb-as-sk
https://excise.mizoram.gov.in,excise.mizoram.gov.in,official,official website,1,state-depts-mz-nl-tr
https://fact.co.in,fact.co.in,other,official website,1,ministries-e
https://feeds.feedburner.com/ndtvnews-india-news,feeds.feedburner.com,other,live news feed,1,live
https://finance.delhi.gov.in/who-is-who,finance.delhi.gov.in,official,office-holder,1,state-depts-dl-jk-la
https://finance.karnataka.gov.in,finance.karnataka.gov.in,official,official website,1,state-depts-ka-ap-tg
https://finance.mizoram.gov.in,finance.mizoram.gov.in,official,official website,1,state-depts-mz-nl-tr
https://finance.mizoram.gov.in/page/list-of-officers-under-finance-department-government-of-mizoram,finance.mizoram.gov.in,official,office-holder,1,state-depts-mz-nl-tr
https://fincomindia.nic.in/commission-reports-sixteenth,fincomindia.nic.in,official,entity facts,1,constitutional-bodies-r2
https://fisheries.mizoram.gov.in,fisheries.mizoram.gov.in,official,official website,1,state-depts-mz-nl-tr
https://forest.mizoram.gov.in,forest.mizoram.gov.in,official,official website,1,state-depts-mz-nl-tr
https://fri.res.in,fri.res.in,other,official website,1,ministries-g
https://fsi.nic.in,fsi.nic.in,official,official website,1,ministries-g
https://fssai.gov.in,fssai.gov.in,official,official website,1,ministries-f
https://ftii.ac.in,ftii.ac.in,other,official website,1,ministries-g
https://gaar.tripura.gov.in,gaar.tripura.gov.in,official,official website,1,state-depts-mz-nl-tr
https://gad.delhi.gov.in/gad/directory-officers,gad.delhi.gov.in,official,office-holder,1,state-depts-dl-jk-la
https://gad.mizoram.gov.in,gad.mizoram.gov.in,official,official website,1,state-depts-mz-nl-tr
https://gapnt.tripura.gov.in,gapnt.tripura.gov.in,official,official website,1,state-depts-mz-nl-tr
https://glidersindia.co.in,glidersindia.co.in,other,official website,1,ministries-b2
https://gstat.gov.in,gstat.gov.in,official,official website,1,judiciary-tribunals
https://hal-india.co.in,hal-india.co.in,other,official website,1,ministries-b2
https://haryanaassembly.gov.in,haryanaassembly.gov.in,official,official website,1,states-pb-hr-ch-r2
https://health.economictimes.indiatimes.com/news/policy/80th-i-day-dhr-icmr-celebrates-with-renewed-commitment-to-health-research-medical-innovation-and-nation-building/133272517,health.economictimes.indiatimes.com,press / analysis,office-holder,1,ministries-f
https://health.mizoram.gov.in,health.mizoram.gov.in,official,official website,1,state-depts-mz-nl-tr
https://heavyindustries.gov.in/en/shri-kamran-rizvi,heavyindustries.gov.in,official,office-holder,1,ministries-d
https://hmfw.ap.gov.in,hmfw.ap.gov.in,official,official website,1,state-depts-ka-ap-tg
https://home.karnataka.gov.in,home.karnataka.gov.in,official,official website,1,state-depts-ka-ap-tg
https://home.mizoram.gov.in,home.mizoram.gov.in,official,official website,1,state-depts-mz-nl-tr
https://home.mizoram.gov.in/page/list-of-officers-and-staffs-of-home-department,home.mizoram.gov.in,official,office-holder,1,state-depts-mz-nl-tr
https://horticulture.mizoram.gov.in,horticulture.mizoram.gov.in,official,official website,1,state-depts-mz-nl-tr
https://hslvizag.in,hslvizag.in,other,official website,1,ministries-b2
https://ibbi.gov.in,ibbi.gov.in,official,official website,1,regulators
https://icar.org.in/en/contact-us,icar.org.in,other,office-holder,1,ministries-e
https://icfre.gov.in,icfre.gov.in,official,official website,1,ministries-g
https://icwa.in/,icwa.in,other,office-holder,1,ministries-b3
https://ifsca.gov.in,ifsca.gov.in,official,official website,1,regulators
https://igotkarmayogi.gov.in,igotkarmayogi.gov.in,official,official website,1,ministries-b3
https://iifm.ac.in,iifm.ac.in,other,official website,1,ministries-g
https://iipa.org.in,iipa.org.in,other,official website,1,ministries-b3
https://incois.gov.in,incois.gov.in,official,official website,1,ministries-g
https://indiaai.gov.in,indiaai.gov.in,official,official website,1,ministries-g
https://indiaai.gov.in/,indiaai.gov.in,official,entity facts,1,ministries-g
https://indianchemicalnews.com,indianchemicalnews.com,other,office-holder,1,ministries-d
https://indiancoastguard.gov.in,indiancoastguard.gov.in,official,official website,1,ministries-b2
https://indiancoastguard.gov.in/cghq/director-general-indian-coast-guard,indiancoastguard.gov.in,official,office-holder,1,ministries-b2
https://indianexpress.com/article/cities/chandigarh/aap-punjab-lokpal-promise-year-long-wait-continues,indianexpress.com,press / analysis,office-holder,1,states-pb-hr-ch-r2
https://indianexpress.com/article/cities/chandigarh/cabinet-clears-retd-ips-officer-jatinder-aulakh-for-ppsc-chairman-over-to-governor-now,indianexpress.com,press / analysis,office-holder,1,states-pb-hr-ch-r2
https://indianexpress.com/article/cities/chandigarh/centre-grants-6-month-extension-to-haryana-chief-secretary-anurag-rastogi,indianexpress.com,press / analysis,office-holder,1,states-pb-hr-ch-r2
https://indianexpress.com/section/india/feed/,indianexpress.com,press / analysis,live news feed,1,live
https://indianexpress.com/section/political-pulse/feed/,indianexpress.com,press / analysis,live news feed,1,live
https://indianrailways.gov.in,indianrailways.gov.in,official,official website,1,ministries-c
https://indiaoptel.co.in,indiaoptel.co.in,other,official website,1,ministries-b2
https://industries.delhi.gov.in/who-is-who,industries.delhi.gov.in,official,office-holder,1,state-depts-dl-jk-la
https://industries.mizoram.gov.in,industries.mizoram.gov.in,official,official website,1,state-depts-mz-nl-tr
https://industries.tripura.gov.in,industries.tripura.gov.in,official,official website,1,state-depts-mz-nl-tr
https://interstatecouncil.nic.in,interstatecouncil.nic.in,official,official website,1,core-apex
https://irdai.gov.in,irdai.gov.in,official,official website,1,regulators
https://irrigation.mizoram.gov.in,irrigation.mizoram.gov.in,official,official website,1,state-depts-mz-nl-tr
https://it.delhi.gov.in/who-is-who,it.delhi.gov.in,official,office-holder,1,state-depts-dl-jk-la
https://itat.gov.in,itat.gov.in,official,official website,1,judiciary-tribunals
https://itbt.karnataka.gov.in,itbt.karnataka.gov.in,official,official website,1,state-depts-ka-ap-tg
https://itdc.co.in,itdc.co.in,other,official website,1,ministries-g
https://iwai.gov.in,iwai.gov.in,official,official website,1,ministries-c
https://jalshakti.gov.in,jalshakti.gov.in,official,official website,1,ministries-c
https://jkpsc.nic.in,jkpsc.nic.in,official,official website,1,states-dl-jk-la
https://jpsc.gov.in,jpsc.gov.in,official,official website,1,states-br-jh-od
https://karmikaspandana.karnataka.gov.in,karmikaspandana.karnataka.gov.in,official,official website,1,state-depts-ka-ap-tg
https://karnatakatourism.org,karnatakatourism.org,other,official website,1,state-depts-ka-ap-tg
https://kaushalkar.karnataka.gov.in,kaushalkar.karnataka.gov.in,official,official website,1,state-depts-ka-ap-tg
https://kpwd.karnataka.gov.in,kpwd.karnataka.gov.in,official,official website,1,state-depts-ka-ap-tg
https://kswdc.karnataka.gov.in,kswdc.karnataka.gov.in,official,official website,1,state-depts-ka-ap-tg
https://labour.ap.gov.in,labour.ap.gov.in,official,official website,1,state-depts-ka-ap-tg
https://labour.delhi.gov.in/who-is-who,labour.delhi.gov.in,official,office-holder,1,state-depts-dl-jk-la
https://labourbureaunew.gov.in,labourbureaunew.gov.in,official,entity facts,1,ministries-f
https://lakshadweep.gov.in/department-of-art-and-culture/,lakshadweep.gov.in,official,official website,1,state-depts-an-ld-dh
https://lakshadweep.gov.in/department-of-legal-metrology/,lakshadweep.gov.in,official,official website,1,state-depts-an-ld-dh
https://lakshadweep.gov.in/department-of-printing-stationery/,lakshadweep.gov.in,official,official website,1,state-depts-an-ld-dh
https://lakshadweep.gov.in/department-of-revenue/,lakshadweep.gov.in,official,official website,1,state-depts-an-ld-dh
https://lakshadweep.gov.in/department-of-road-transport/,lakshadweep.gov.in,official,official website,1,state-depts-an-ld-dh
https://lakshadweep.gov.in/department-of-women-and-child-development/,lakshadweep.gov.in,official,official website,1,state-depts-an-ld-dh
https://lakshadweep.gov.in/departments-new/department-of-agriculture/,lakshadweep.gov.in,official,official website,1,state-depts-an-ld-dh
https://lakshadweep.gov.in/departments-new/department-of-environment-and-forest/,lakshadweep.gov.in,official,official website,1,state-depts-an-ld-dh
https://lakshadweep.gov.in/departments-new/department-of-general-administration-protocol/,lakshadweep.gov.in,official,official website,1,state-depts-an-ld-dh
https://lakshadweep.gov.in/departments-new/department-of-industries/,lakshadweep.gov.in,official,official website,1,state-depts-an-ld-dh
https://lakshadweep.gov.in/departments-new/department-of-planning/,lakshadweep.gov.in,official,official website,1,state-depts-an-ld-dh
https://lakshadweep.gov.in/departments-new/directorate-of-panchayats/,lakshadweep.gov.in,official,official website,1,state-depts-an-ld-dh
https://lakshadweep.gov.in/departments-new/food-civil-supplies-consumer-affairs/,lakshadweep.gov.in,official,official website,1,state-depts-an-ld-dh
https://lakshadweep.gov.in/departments-new/information-public-relation/,lakshadweep.gov.in,official,official website,1,state-depts-an-ld-dh
https://lakshadweep.gov.in/departments-new/pay-and-accounts-office/,lakshadweep.gov.in,official,official website,1,state-depts-an-ld-dh
https://lakshadweep.gov.in/departments-new/police-department/,lakshadweep.gov.in,official,official website,1,state-depts-an-ld-dh
https://lakshadweep.gov.in/departments-new/rural-development/,lakshadweep.gov.in,official,official website,1,state-depts-an-ld-dh
https://lakshadweep.gov.in/departments/animal-husbandry/,lakshadweep.gov.in,official,official website,1,state-depts-an-ld-dh
https://lakshadweep.gov.in/departments/education/,lakshadweep.gov.in,official,official website,1,state-depts-an-ld-dh
https://lakshadweep.gov.in/departments/election/,lakshadweep.gov.in,official,official website,1,state-depts-an-ld-dh
https://lakshadweep.gov.in/departments/electricity/,lakshadweep.gov.in,official,official website,1,state-depts-an-ld-dh
https://lakshadweep.gov.in/departments/fisheries/,lakshadweep.gov.in,official,official website,1,state-depts-an-ld-dh
https://lakshadweep.gov.in/departments/information-technology-1/,lakshadweep.gov.in,official,official website,1,state-depts-an-ld-dh
https://lakshadweep.gov.in/departments/labour-employment-and-training/,lakshadweep.gov.in,official,official website,1,state-depts-an-ld-dh
https://lakshadweep.gov.in/departments/port-shipping-aviation/,lakshadweep.gov.in,official,official website,1,state-depts-an-ld-dh
https://lakshadweep.gov.in/departments/pwd/,lakshadweep.gov.in,official,official website,1,state-depts-an-ld-dh
https://lakshadweep.gov.in/departments/social-welfare-and-tribal-affairs/,lakshadweep.gov.in,official,official website,1,state-depts-an-ld-dh
https://lakshadweep.gov.in/health-services/,lakshadweep.gov.in,official,official website,1,state-depts-an-ld-dh
https://lakshadweep.gov.in/india-reserve-battalion/,lakshadweep.gov.in,official,official website,1,state-depts-an-ld-dh
https://lakshadweep.gov.in/tourism/,lakshadweep.gov.in,official,official website,1,state-depts-an-ld-dh
https://lalitkala.gov.in,lalitkala.gov.in,official,official website,1,ministries-g
https://landrevenue.mizoram.gov.in,landrevenue.mizoram.gov.in,official,official website,1,state-depts-mz-nl-tr
https://lawcommissionofindia.nic.in,lawcommissionofindia.nic.in,official,official website,1,ministries-b3
https://lawcommissionofindia.nic.in/document/the-23rd-law-commission-gazette_notification-i-appointment-of-chairperson-and-members/,lawcommissionofindia.nic.in,official,entity facts,1,ministries-b3
https://lawmin.gov.in,lawmin.gov.in,official,official website,1,ministries-b3
https://legalaffairs.gov.in,legalaffairs.gov.in,official,official website,1,ministries-b3
https://legalaffairs.gov.in/law-secretary,legalaffairs.gov.in,official,entity facts,1,ministries-b3
https://legislative.gov.in,legislative.gov.in,official,official website,1,ministries-b3
https://legislative.gov.in/constitution-of-india,legislative.gov.in,official,official website,1,core-apex
https://lgdirectory.gov.in,lgdirectory.gov.in,official,official website,1,local-lgd
https://licindia.in,licindia.in,other,official website,1,ministries-a
https://lj.maharashtra.gov.in/en/document-category/act-list/,lj.maharashtra.gov.in,official,correction,1,2026-09-25-official-rosters.json
https://lokbhavan.maharashtra.gov.in/en/25-08-2026-justice-sunil-shukre-sworn-in-as-chairman-of-lokayukta-institution/,lokbhavan.maharashtra.gov.in,official,correction,1,2026-09-25-official-rosters.json
https://lokpal.gov.in,lokpal.gov.in,official,official website,1,regulators
https://lokpal.gov.in/about/present-members,lokpal.gov.in,official,entity facts,1,regulators
https://lpai.gov.in,lpai.gov.in,official,official website,1,ministries-b1
https://main.icmr.nic.in,main.icmr.nic.in,official,official website,1,ministries-f
https://manipurassembly.nic.in,manipurassembly.nic.in,official,official website,1,states-ar-mn-ml
https://manipurpolice.gov.in,manipurpolice.gov.in,official,office-holder,1,states-ar-mn-ml
https://mausam.imd.gov.in,mausam.imd.gov.in,official,official website,1,ministries-g
https://mcchandigarh.gov.in,mcchandigarh.gov.in,official,official website,1,states-pb-hr-ch-r2
https://mcdonline.nic.in,mcdonline.nic.in,official,official website,1,states-dl-jk-la
https://mdoner.gov.in,mdoner.gov.in,official,official website,1,ministries-g
https://meghalaya.gov.in/key-contacts/chief-secretary,meghalaya.gov.in,official,office-holder,1,states-ar-mn-ml
https://meglegislature.gov.in,meglegislature.gov.in,official,official website,1,states-ar-mn-ml
https://mes.gov.in,mes.gov.in,official,official website,1,ministries-b2
https://mha.gov.in,mha.gov.in,official,official website,1,ministries-b1
https://mib.gov.in,mib.gov.in,official,official website,1,ministries-g
https://mil.co.in,mil.co.in,other,official website,1,ministries-b2
https://minoritywelfare.karnataka.gov.in,minoritywelfare.karnataka.gov.in,official,official website,1,state-depts-ka-ap-tg
https://mizoramassembly.nic.in,mizoramassembly.nic.in,official,official website,1,states-mz-nl-tr
https://mod.gov.in/dod/whos-who,mod.gov.in,official,office-holder,1,ministries-b2
https://mod.gov.in/en/designation/department-military-affairs,mod.gov.in,official,official website,1,ministries-b2
https://moef.gov.in,moef.gov.in,official,official website,1,ministries-g
https://mohua.gov.in,mohua.gov.in,official,official website,1,ministries-c
https://morth.nic.in,morth.nic.in,official,official website,1,ministries-c
https://most.gov.in,most.gov.in,official,official website,1,ministries-g
https://most.gov.in/contact-us.html,most.gov.in,official,entity facts,1,ministries-g
https://mpsc.mizoram.gov.in,mpsc.mizoram.gov.in,official,official website,1,states-mz-nl-tr
https://naac.gov.in,naac.gov.in,official,official website,1,ministries-f
https://nadaindia.org,nadaindia.org,other,official website,1,ministries-g
https://nagalandassembly.nic.in,nagalandassembly.nic.in,official,official website,1,states-mz-nl-tr
https://nalandauniv.edu.in,nalandauniv.edu.in,other,official website,1,ministries-b3
https://nalsa.gov.in,nalsa.gov.in,official,official website,1,judiciary-supreme-court
https://narcoticsindia.nic.in,narcoticsindia.nic.in,official,official website,1,ministries-b1
https://nationalarchives.nic.in,nationalarchives.nic.in,official,official website,1,ministries-g
https://nationalinsurance.nic.in,nationalinsurance.nic.in,official,official website,1,ministries-a
https://nationallibrary.gov.in,nationallibrary.gov.in,official,official website,1,ministries-g
https://nationalmuseumindia.gov.in,nationalmuseumindia.gov.in,official,official website,1,ministries-g
https://nbaindia.org,nbaindia.org,other,official website,1,ministries-g
https://ncdrc.nic.in,ncdrc.nic.in,official,official website,1,judiciary-tribunals
https://ncel.coop,ncel.coop,other,official website,1,ministries-b3
https://ncert.nic.in,ncert.nic.in,official,official website,1,ministries-f
https://nclat.nic.in,nclat.nic.in,official,official website,1,judiciary-tribunals
https://nclt.gov.in,nclt.gov.in,official,official website,1,judiciary-tribunals
https://nclt.gov.in/,nclt.gov.in,official,entity facts,1,judiciary-tribunals
https://ncpcr.gov.in,ncpcr.gov.in,official,official website,1,regulators
https://ncpor.res.in,ncpor.res.in,other,official website,1,ministries-g
https://ncw.gov.in,ncw.gov.in,official,official website,1,regulators
https://ndc.gov.in,ndc.gov.in,official,official website,1,ministries-b2
https://news.google.com/rss/search,news.google.com,press / analysis,news archive (90-day backfill),1,live
https://news.google.com/rss/search?q=%22Abhilaksh+Likhi%22+Fisheries+Secretary,news.google.com,press / analysis,office-holder,1,ministries-e
https://news.google.com/rss/search?q=%22Arti+Ahuja%22+Secretary+Fertilizers,news.google.com,press / analysis,office-holder,1,ministries-e
https://news.google.com/rss/search?q=%22Atish+Chandra%22+Agriculture+Secretary,news.google.com,press / analysis,office-holder,1,ministries-e
https://news.google.com/rss/search?q=%22Manoj+Joshi%22+Pharmaceuticals+Secretary+2026,news.google.com,press / analysis,office-holder,1,ministries-e
https://news.google.com/rss/search?q=%22Meenesh+Shah%22+NDDB+chairman,news.google.com,press / analysis,office-holder,1,ministries-e
https://news.google.com/rss/search?q=%22Narendra+Bhooshan%22+Land+Resources+Secretary,news.google.com,press / analysis,office-holder,1,ministries-e
https://news.google.com/rss/search?q=%22Nidhi+Khare%22+CCPA,news.google.com,press / analysis,office-holder,1,ministries-e
https://news.google.com/rss/search?q=%22Rohit+Kansal%22+Rural+Development+Secretary+2026,news.google.com,press / analysis,office-holder,1,ministries-e
https://news.google.com/rss/search?q=%22Sanjay+Garg%22+BIS+Director+General,news.google.com,press / analysis,office-holder,1,ministries-e
https://news.google.com/rss/search?q=%22Sanjeev+Chopra%22+Food+Public+Distribution+Secretary,news.google.com,press / analysis,office-holder,1,ministries-e
https://news.google.com/rss/search?q=%22Secretary%22+%22Food+Processing+Industries%22+IAS+2026,news.google.com,press / analysis,office-holder,1,ministries-e
https://news.google.com/rss/search?q=DARE+Secretary+ICAR+Director+General+2026,news.google.com,press / analysis,office-holder,1,ministries-e
https://news.google.com/rss/search?q=Gangwar+Rajasthan+Principal+Secretary+IT,news.google.com,press / analysis,office-holder,1,ministries-e
https://news.google.com/rss/search?q=NPPA+chairman+%22Krishnamurthy%22,news.google.com,press / analysis,office-holder,1,ministries-e
https://news.google.com/rss/search?q=NTPC+CMD+chairman+2026,news.google.com,press / analysis,office-holder,1,ministries-d
https://ngmaindia.gov.in,ngmaindia.gov.in,official,official website,1,ministries-g
https://nhai.gov.in,nhai.gov.in,official,official website,1,ministries-c
https://nhrc.nic.in,nhrc.nic.in,official,official website,1,regulators
https://nidm.gov.in,nidm.gov.in,official,official website,1,ministries-b1
https://nift.ac.in,nift.ac.in,other,official website,1,ministries-g
https://niot.res.in,niot.res.in,other,official website,1,ministries-g
https://nipccd.nic.in,nipccd.nic.in,official,official website,1,ministries-f
https://niper.gov.in,niper.gov.in,official,official website,1,ministries-e
https://nirdpr.org.in,nirdpr.org.in,other,official website,1,ministries-e
https://nppaindia.nic.in,nppaindia.nic.in,official,official website,1,ministries-e
https://nsfdc.nic.in,nsfdc.nic.in,official,official website,1,ministries-f
https://ntca.gov.in,ntca.gov.in,official,official website,1,ministries-g
https://nth.gov.in,nth.gov.in,official,official website,1,ministries-e
https://ntpc.co.in/board-directors,ntpc.co.in,other,office-holder,1,ministries-d
https://observenow.com/2024/02/anil-malik-appointed-secretary-of-ministry-of-women-and-child-development/,observenow.com,other,office-holder,1,ministries-f
https://opsc.gov.in,opsc.gov.in,official,official website,1,states-br-jh-od
https://orientalinsurance.org.in,orientalinsurance.org.in,other,official website,1,ministries-a
https://pad.mizoram.gov.in,pad.mizoram.gov.in,official,official website,1,state-depts-mz-nl-tr
https://panchayat.tripura.gov.in,panchayat.tripura.gov.in,official,official website,1,state-depts-mz-nl-tr
https://parliamentaryaffairs.gov.in,parliamentaryaffairs.gov.in,official,official website,1,ministries-b3
https://phed.mizoram.gov.in,phed.mizoram.gov.in,official,official website,1,state-depts-mz-nl-tr
https://planning.mizoram.gov.in,planning.mizoram.gov.in,official,official website,1,state-depts-mz-nl-tr
https://pmfby.gov.in,pmfby.gov.in,official,official website,1,ministries-e
https://police.tripura.gov.in,police.tripura.gov.in,official,official website,1,state-depts-mz-nl-tr
https://political.tripura.gov.in,political.tripura.gov.in,official,official website,1,state-depts-mz-nl-tr
https://power.mizoram.gov.in,power.mizoram.gov.in,official,official website,1,state-depts-mz-nl-tr
https://ppac.gov.in,ppac.gov.in,official,official website,1,ministries-d
https://ppsc.gov.in,ppsc.gov.in,official,official website,1,states-pb-hr-ch
https://prasarbharati.gov.in,prasarbharati.gov.in,official,official website,1,ministries-g
https://presscouncil.nic.in,presscouncil.nic.in,official,official website,1,regulators
https://printingstationery.mizoram.gov.in,printingstationery.mizoram.gov.in,official,official website,1,state-depts-mz-nl-tr
https://prsindia.org/billtrack/the-supreme-court-number-of-judges-amendment-bill-2026,prsindia.org,press / analysis,entity facts,1,judiciary-supreme-court
https://prsindia.org/billtrack/the-viksit-bharat-%E2%80%93-guarantee-for-rozgar-and-ajeevika-mission-gramin-vb-%E2%80%93-g-ram-g-bill-2025,prsindia.org,press / analysis,entity facts,1,ministries-e
https://psuwatch.com/psu-appointments/rk-tyagi-assumes-charge-as-new-cmd-of-power-grid,psuwatch.com,other,office-holder,1,ministries-d
https://punjabandsindbank.co.in,punjabandsindbank.co.in,other,official website,1,ministries-a
https://pwd.mizoram.gov.in,pwd.mizoram.gov.in,official,official website,1,state-depts-mz-nl-tr
https://pwd.tripura.gov.in,pwd.tripura.gov.in,official,official website,1,state-depts-mz-nl-tr
https://rcfltd.com,rcfltd.com,other,official website,1,ministries-e
https://rcs.andamannicobar.gov.in/,rcs.andamannicobar.gov.in,official,official website,1,state-depts-an-ld-dh
https://rd.mizoram.gov.in,rd.mizoram.gov.in,official,official website,1,state-depts-mz-nl-tr
https://rdpr.karnataka.gov.in,rdpr.karnataka.gov.in,official,official website,1,state-depts-ka-ap-tg
https://rdpri.andamannicobar.gov.in,rdpri.andamannicobar.gov.in,official,official website,1,state-depts-an-ld-dh
https://recindia.nic.in,recindia.nic.in,official,official website,1,ministries-d
https://revenue.karnataka.gov.in,revenue.karnataka.gov.in,official,official website,1,state-depts-ka-ap-tg
https://ris.org.in/en/about-us/director-general,ris.org.in,other,office-holder,1,ministries-b3
https://rni.nic.in,rni.nic.in,official,official website,1,ministries-g
https://rtgs.ap.gov.in,rtgs.ap.gov.in,official,official website,1,state-depts-ka-ap-tg
https://s3d860edd1dd83b36f02ce52bde626c653.s3waas.gov.in/department/dg-csir-cum-secretary-dsir/,s3d860edd1dd83b36f02ce52bde626c653.s3waas.gov.in,official,entity facts,1,ministries-g
https://sahitya-akademi.gov.in,sahitya-akademi.gov.in,official,official website,1,ministries-g
https://sainikschool.ncog.gov.in,sainikschool.ncog.gov.in,official,official website,1,ministries-b2
https://sangeetnatak.gov.in,sangeetnatak.gov.in,official,official website,1,ministries-g
https://sansad.in,sansad.in,official,official website,1,parliament-lok-sabha
https://sat.gov.in,sat.gov.in,official,official website,1,judiciary-tribunals
https://schooleducation.karnataka.gov.in,schooleducation.karnataka.gov.in,official,official website,1,state-depts-ka-ap-tg
https://schooleducation.mizoram.gov.in,schooleducation.mizoram.gov.in,official,official website,1,state-depts-mz-nl-tr
https://sclsc.gov.in,sclsc.gov.in,official,official website,1,judiciary-supreme-court
https://sec.bihar.gov.in,sec.bihar.gov.in,official,official website,1,states-br-jh-od
https://sec.delhi.gov.in,sec.delhi.gov.in,official,official website,1,states-dl-jk-la
https://sec.jharkhand.gov.in,sec.jharkhand.gov.in,official,official website,1,states-br-jh-od
https://sec.odisha.gov.in,sec.odisha.gov.in,official,official website,1,states-br-jh-od
https://sec.tripura.gov.in,sec.tripura.gov.in,official,office-holder,1,states-mz-nl-tr
https://sericulture.mizoram.gov.in,sericulture.mizoram.gov.in,official,official website,1,state-depts-mz-nl-tr
https://services.delhi.gov.in/who-is-who,services.delhi.gov.in,official,office-holder,1,state-depts-dl-jk-la
https://sfci.nic.in,sfci.nic.in,official,official website,1,ministries-e
https://shipmin.gov.in,shipmin.gov.in,official,official website,1,ministries-c
https://socialwelfare.delhi.gov.in/who-is-who,socialwelfare.delhi.gov.in,official,office-holder,1,state-depts-dl-jk-la
https://socialwelfare.mizoram.gov.in,socialwelfare.mizoram.gov.in,official,official website,1,state-depts-mz-nl-tr
https://socialwelfare.tripura.gov.in,socialwelfare.tripura.gov.in,official,official website,1,state-depts-mz-nl-tr
https://sovtech.andamannicobar.gov.in,sovtech.andamannicobar.gov.in,official,official website,1,state-depts-an-ld-dh
https://sportsauthorityofindia.nic.in,sportsauthorityofindia.nic.in,official,official website,1,ministries-g
https://srfti.ac.in,srfti.ac.in,other,official website,1,ministries-g
https://ssc.gov.in,ssc.gov.in,official,official website,1,ministries-b3
https://ssccr.gov.in,ssccr.gov.in,official,entity facts,1,ministries-b3
https://state.bihar.gov.in/registration/,state.bihar.gov.in,official,entity facts,1,state-depts-br-jh-od
https://stpi.in,stpi.in,other,official website,1,ministries-g
https://surveyofindia.gov.in,surveyofindia.gov.in,official,official website,1,ministries-g
https://svpnpa.gov.in,svpnpa.gov.in,official,official website,1,ministries-b1
https://taxation.mizoram.gov.in,taxation.mizoram.gov.in,official,official website,1,state-depts-mz-nl-tr
https://tcl.co.in,tcl.co.in,other,official website,1,ministries-b2
https://tdsat.gov.in,tdsat.gov.in,official,official website,1,judiciary-tribunals
https://tdsat.gov.in/writereaddata/Delhi/docs/organize_auth1.php,tdsat.gov.in,official,office-holder,1,judiciary-tribunals
https://texmin.gov.in,texmin.gov.in,official,official website,1,ministries-g
https://theprint.in/india/atomic-energy-commission-chief-ajit-kumar-mohanty-gets-one-year-extension/2899919/,theprint.in,press / analysis,office-holder,1,ministries-d
https://theprint.in/india/chacha-chaudhary-for-peers-oversaw-cbis-delhi-excise-probe-new-nia-chief-rakesh-aggarwal/2827998/,theprint.in,press / analysis,office-holder,1,ministries-b1
https://theprint.in/india/jatinder-aulakh-takes-oath-punjab-public-service-commission-chairman,theprint.in,press / analysis,office-holder,1,states-pb-hr-ch-r2
https://tourism.gov.in,tourism.gov.in,official,official website,1,ministries-g
https://tourism.gov.in/,tourism.gov.in,official,entity facts,1,ministries-g
https://tourism.mizoram.gov.in,tourism.mizoram.gov.in,official,official website,1,state-depts-mz-nl-tr
https://transport.karnataka.gov.in,transport.karnataka.gov.in,official,official website,1,state-depts-ka-ap-tg
https://transport.mizoram.gov.in,transport.mizoram.gov.in,official,official website,1,state-depts-mz-nl-tr
https://transport.tripura.gov.in,transport.tripura.gov.in,official,official website,1,state-depts-mz-nl-tr
https://tripuraassembly.nic.in,tripuraassembly.nic.in,official,official website,1,states-mz-nl-tr
https://tripuratourism.gov.in,tripuratourism.gov.in,official,official website,1,state-depts-mz-nl-tr
https://udd.tripura.gov.in,udd.tripura.gov.in,official,official website,1,state-depts-mz-nl-tr
https://uidai.gov.in,uidai.gov.in,official,official website,1,ministries-g
https://uiic.co.in,uiic.co.in,other,official website,1,ministries-a
https://uppsc.up.nic.in,uppsc.up.nic.in,official,official website,1,states-up-uk-hp
https://uraniumcorp.in,uraniumcorp.in,other,official website,1,ministries-d
https://uttarakhandpolice.uk.gov.in,uttarakhandpolice.uk.gov.in,official,office-holder,1,states-up-uk-hp
https://vidhansabha.bih.nic.in,vidhansabha.bih.nic.in,official,official website,1,states-br-jh-od
https://vidyut.andamannicobar.gov.in/,vidyut.andamannicobar.gov.in,official,official website,1,state-depts-an-ld-dh
https://vigilance.mizoram.gov.in,vigilance.mizoram.gov.in,official,official website,1,state-depts-mz-nl-tr
https://wcd.delhi.gov.in/who-is-who,wcd.delhi.gov.in,official,office-holder,1,state-depts-dl-jk-la
https://wcd.mizoram.gov.in,wcd.mizoram.gov.in,official,official website,1,state-depts-mz-nl-tr
https://wdcw.ap.gov.in,wdcw.ap.gov.in,official,official website,1,state-depts-ka-ap-tg
https://web.archive.org/web/20260506075718/https://www.pib.gov.in/PressReleasePage.aspx?PRID=2258131&reg=3&lang=1,web.archive.org,other,entity facts,1,judiciary-supreme-court
https://web.archive.org/web/20260904194904/https://www.telegraphindia.com/india/govt-grip-on-ugc-bureaucrat-given-charge-again-academics-fear-threat-to-autonomy-prnt/cid/2178046,web.archive.org,other,office-holder,1,ministries-f
"https://whispersinthecorridors.com/detail/124218-Amardeep+Singh+Bhatia+joins+as+Secretary,+DPIIT.html",whispersinthecorridors.com,other,office-holder,1,ministries-a
https://whispersinthecorridors.net,whispersinthecorridors.net,other,office-holder,1,ministries-d
https://wii.gov.in,wii.gov.in,official,official website,1,ministries-g
https://www.aai.aero,aai.aero,other,official website,1,ministries-c
https://www.aera.gov.in,aera.gov.in,official,official website,1,regulators
https://www.aicte-india.org,aicte-india.org,other,official website,1,ministries-f
https://www.aiims.edu,aiims.edu,other,official website,1,ministries-f
https://www.aljazeera.com/news/2026/7/26/who-is-indias-new-education-minister-pralhad-joshi,aljazeera.com,press / analysis,office-holder,1,ministries-f
https://www.andamantourism.gov.in/,andamantourism.gov.in,official,official website,1,state-depts-an-ld-dh
https://www.aninews.in/news/national/general-news/first-regional-review-conference-on-implementation-of-forest-rights-act-held-in-bengaluru20260911012841/,aninews.in,other,office-holder,1,ministries-f
https://www.antrix.co.in,antrix.co.in,other,official website,1,ministries-d
https://www.bankofbaroda.in,bankofbaroda.in,other,official website,1,ministries-a
https://www.bankofindia.co.in,bankofindia.co.in,other,official website,1,ministries-a
https://www.barandbench.com/feed,barandbench.com,press / analysis,live news feed,1,live
https://www.barcouncilofindia.org,barcouncilofindia.org,other,official website,1,ministries-b3
https://www.bcasindia.gov.in,bcasindia.gov.in,official,official website,1,ministries-c
https://www.bel-india.in,bel-india.in,other,official website,1,ministries-b2
https://www.bemlindia.in,bemlindia.in,other,official website,1,ministries-b2
https://www.bis.gov.in,bis.gov.in,official,official website,1,ministries-e
https://www.business-standard.com,business-standard.com,press / analysis,office-holder,1,ministries-d
https://www.business-standard.com/amp/finance/news/govt-extends-cbdt-chairman-ravi-agrawal-s-tenure-by-6-months-till-dec-2026-126063000856_1.html,business-standard.com,press / analysis,office-holder,1,ministries-a
https://www.business-standard.com/companies/news/arvindar-singh-sahney-will-be-new-chairman-of-indian-oil-corporation-124111300860_1.html,business-standard.com,press / analysis,office-holder,1,ministries-d
https://www.business-standard.com/companies/people/arun-kumar-singh-gets-rare-one-year-extension-as-ongc-chairman-till-2026-125120301164_1.html,business-standard.com,press / analysis,office-holder,1,ministries-d
https://www.business-standard.com/companies/people/follow-regulations-do-not-mislead-customers-fssai-ceo-to-food-companies-126091001580_1.html,business-standard.com,press / analysis,office-holder,1,ministries-f
https://www.business-standard.com/economy/news/arvind-shrivastava-named-revenue-secretary-in-major-finmin-rejig-125041800933_1.html,business-standard.com,press / analysis,office-holder,1,ministries-a
https://www.business-standard.com/india-news/all-states-uts-may-notify-labour-code-rules-by-oct-31-labour-secretary-126092401119_1.html,business-standard.com,press / analysis,office-holder,1,ministries-f
https://www.business-standard.com/india-news/mahendra-dev-takes-charge-as-new-chairman-of-pm-s-economic-advisory-council-125060700353_1.html,business-standard.com,press / analysis,office-holder,1,core-apex
https://www.business-standard.com/india-news/mission-karmayogi-2-0-to-institutionalise-govt-reforms-cbc-chairperson-126052500327_1.html,business-standard.com,press / analysis,entity facts,1,ministries-b3
https://www.business-standard.com/india-news/rajesh-agrawal-takes-over-as-commerce-secretary-125093000890_1.html,business-standard.com,press / analysis,office-holder,1,ministries-a
https://www.business-standard.com/industry/news/vivek-chaturvedi-appointed-cbic-chairman-to-take-charge-on-december-1-125113000575_1.html,business-standard.com,press / analysis,office-holder,1,ministries-a
https://www.businesstoday.in,businesstoday.in,other,office-holder,1,ministries-d
https://www.businessworld.in,businessworld.in,other,office-holder,1,ministries-d
https://www.businessworld.in/article/rohit-kansal-takes-charge-as-rural-development-secretary-after-key-transition-600182,businessworld.in,other,office-holder,1,ministries-e
https://www.cbfcindia.gov.in,cbfcindia.gov.in,official,official website,1,ministries-g
https://www.cci.gov.in,cci.gov.in,official,official website,1,regulators
https://www.cdac.in,cdac.in,other,official website,1,ministries-g
https://www.centralbankofindia.co.in,centralbankofindia.co.in,other,official website,1,ministries-a
https://www.cert-in.org.in,cert-in.org.in,other,official website,1,ministries-g
https://www.cestat.gov.in,cestat.gov.in,official,official website,1,judiciary-tribunals
https://www.cipet.gov.in,cipet.gov.in,official,official website,1,ministries-e
https://www.civilaviation.gov.in,civilaviation.gov.in,official,official website,1,ministries-c
https://www.cnbctv18.com,cnbctv18.com,other,office-holder,1,ministries-d
https://www.cpri.in,cpri.in,other,official website,1,ministries-d
https://www.csir.res.in,csir.res.in,other,official website,1,ministries-g
https://www.csir.res.in/en/csir-directory-whos-who,csir.res.in,other,office-holder,1,ministries-g
https://www.csis.org/analysis/previewing-indias-ai-impact-summit-meity-secretary-s-krishnan,csis.org,other,office-holder,1,ministries-g
https://www.ddpmod.gov.in/en/ministry/our-team,ddpmod.gov.in,official,office-holder,1,ministries-b2
https://www.delhipolice.gov.in,delhipolice.gov.in,official,official website,1,ministries-b1
https://www.dgca.gov.in,dgca.gov.in,official,official website,1,ministries-c
https://www.dgrindia.gov.in,dgrindia.gov.in,official,official website,1,ministries-b2
https://www.dnaindia.com/india/report-meet-ias-anuradha-thakur-chief-architect-of-budget-2026-who-serves-as-secretary-of-the-department-of-economic-affairs-3198867,dnaindia.com,other,office-holder,1,ministries-a
https://www.eaindustry.nic.in,eaindustry.nic.in,official,entity facts,1,ministries-a
https://www.eci.gov.in/honble-commission/?page=2,eci.gov.in,official,correction,1,2026-09-25-official-rosters.json
https://www.etvbharat.com/en/business/power-ministry-sends-draft-nep-2026-to-cabinet-secy-pankaj-agarwal-enn26092403807,etvbharat.com,other,office-holder,1,ministries-d
https://www.eximbankindia.in,eximbankindia.in,other,official website,1,regulators
https://www.facebook.com/pibindia/posts/ms-neelam-shami-rao-secretary-ministry-of-textiles-launches-bharat-tex-2026-mobi/1565277202306739/,facebook.com,other,office-holder,1,ministries-g
https://www.fuelsandlubes.com/bpcl-names-sanjay-khanna-chairman-and-managing-director/,fuelsandlubes.com,other,office-holder,1,ministries-d
https://www.gailonline.com/PressRelease_010326.html,gailonline.com,other,office-holder,1,ministries-d
https://www.gicofindia.com,gicofindia.com,other,official website,1,ministries-a
https://www.gktoday.in/question/who-has-been-re-appointed-as-the-attorney-general-of-india-in-septembe,gktoday.in,other,office-holder,1,core-apex
https://www.global-agriculture.com/india-region/atish-chandra-assumes-charge-as-secretary-department-of-agriculture-farmers-welfare/,global-agriculture.com,other,office-holder,1,ministries-e
https://www.goashipyard.in,goashipyard.in,other,official website,1,ministries-b2
https://www.greentribunal.gov.in,greentribunal.gov.in,official,official website,1,judiciary-tribunals
https://www.grse.in,grse.in,other,official website,1,ministries-b2
https://www.hil.gov.in,hil.gov.in,official,official website,1,ministries-e
https://www.hindustanpetroleum.com/HPCL-CMD,hindustanpetroleum.com,other,office-holder,1,ministries-d
https://www.hindustantimes.com/cities/chandigarh-news/kap-sinha-promises-to-withdraw-show-cause-notices-ending-punjab-strike,hindustantimes.com,press / analysis,office-holder,1,states-pb-hr-ch-r2
https://www.hindustantimes.com/cities/chandigarh-news/punjab-without-lokpal-for-7-months-plaints-pile-up,hindustantimes.com,press / analysis,office-holder,1,states-pb-hr-ch-r2
https://www.hindustantimes.com/feeds/rss/india-news/rssfeed.xml,hindustantimes.com,press / analysis,live news feed,1,live
https://www.idsa.in,idsa.in,other,official website,1,ministries-b2
https://www.ignca.gov.in,ignca.gov.in,official,official website,1,ministries-g
https://www.iimc.gov.in,iimc.gov.in,official,official website,1,ministries-g
https://www.ilidelhi.org,ilidelhi.org,other,official website,1,ministries-b3
https://www.ima.gov.in,ima.gov.in,official,official website,1,ministries-b2
https://www.incometaxindia.gov.in/documents/d/guest/departmental-directory2026-1,incometaxindia.gov.in,official,correction,1,2026-09-25-official-rosters.json
https://www.india.gov.in,india.gov.in,official,official website,1,core-apex
https://www.india.gov.in/department-pensions-and-pensioners-welfare,india.gov.in,official,entity facts,1,ministries-b3
https://www.india.gov.in/legislative-department-ministry-law-and-justice,india.gov.in,official,entity facts,1,ministries-b3
https://www.india.gov.in/my-government/constitution-india/amendments,india.gov.in,official,relationship,1,local-lgd
https://www.indiabudget.gov.in/doc/Budget_at_Glance/budget_at_a_glance.pdf,indiabudget.gov.in,official,segment source,1,union-budget
https://www.indiabudget.gov.in/doc/Budget_Speech.pdf,indiabudget.gov.in,official,segment source,1,union-budget
https://www.indiabudget.gov.in/doc/eb/dgsum.pdf,indiabudget.gov.in,official,segment source,1,union-budget
https://www.indiabudget.gov.in/doc/eb/stat18.pdf,indiabudget.gov.in,official,segment source,1,union-budget
https://www.indiabudget.gov.in/doc/eb/stat4a.pdf,indiabudget.gov.in,official,segment source,1,union-budget
https://www.indiabudget.gov.in/doc/eb/stat4b.pdf,indiabudget.gov.in,official,segment source,1,union-budget
https://www.indiabudget.gov.in/doc/eb/stat7.pdf,indiabudget.gov.in,official,segment source,1,union-budget
https://www.indiabudget.gov.in/doc/eb/sumsbe.pdf,indiabudget.gov.in,official,segment source,1,union-budget
https://www.indiabudget.gov.in/doc/rec/annex4.pdf,indiabudget.gov.in,official,segment source,1,union-budget
https://www.indiabudget.gov.in/doc/rec/ar.pdf,indiabudget.gov.in,official,segment source,1,union-budget
https://www.indiabudget.gov.in/index.php,indiabudget.gov.in,official,segment source,1,union-budget
https://www.indiacode.nic.in/handle/123456789/1362,indiacode.nic.in,official,legal basis,1,parliament-rajya-sabha
https://www.indiacode.nic.in/handle/123456789/15529,indiacode.nic.in,official,legal basis,1,states-dl-jk-la
https://www.indiacode.nic.in/handle/123456789/1555,indiacode.nic.in,official,legal basis,1,constitutional-bodies-r2
https://www.indiacode.nic.in/handle/123456789/1839,indiacode.nic.in,official,legal basis,1,states-dl-jk-la
https://www.indianbank.in,indianbank.in,other,official website,1,ministries-a
https://www.indiancc.mkcl.org,indiancc.mkcl.org,other,official website,1,ministries-b2
https://www.indianchemicalnews.com/people/dr-neeraj-mittal-assumes-charge-of-secretary-of-ministry-of-petroleum-natural-gas-28765,indianchemicalnews.com,other,office-holder,1,ministries-d
https://www.indiancooperative.com/co-op-news-snippets/crcs-agarwal-appointed-cmd-of-food-corporation-of-india/,indiancooperative.com,other,office-holder,1,ministries-e
https://www.indianexpress.com/article/cities/chandigarh/chandigarh-mayor-saurabh-joshi-proposes-national-urban-parliament-of-india,indianexpress.com,press / analysis,office-holder,1,states-pb-hr-ch-r2
https://www.indianmandarins.com/news/gopalakrishnan-is-chairman-staff-selection-commission/29810,indianmandarins.com,other,office-holder,1,ministries-b3
https://www.indianmandarins.com/news/nafed-jetha-ahir-elected-uncontested-new-chairman/28878,indianmandarins.com,other,office-holder,1,ministries-e
https://www.indianspices.com/indianspices/about-us/board-members.html,indianspices.com,other,correction,1,2026-09-25-official-rosters.json
https://www.indiapost.gov.in,indiapost.gov.in,official,official website,1,ministries-c
https://www.indiastrategic.in/defence-secretary-rajesh-kumar-singh-given-additional-charge-as-drdo-chief-following-samir-kamats-exit/,indiastrategic.in,other,office-holder,1,ministries-b2
https://www.indiatradefair.com,indiatradefair.com,other,official website,1,ministries-a
https://www.iob.in,iob.in,other,official website,1,ministries-a
https://www.irma.ac.in,irma.ac.in,other,official website,1,ministries-b3
https://www.ism.gov.in,ism.gov.in,official,official website,1,ministries-g
https://www.ism.gov.in/,ism.gov.in,official,entity facts,1,ministries-g
https://www.ksb.gov.in,ksb.gov.in,official,official website,1,ministries-b2
https://www.latestly.com/agency-news/india-news-health-secretary-punya-salila-srivastava-highlights-indias-public-health-initiatives-at-harvard-t-h-chan-school-7616599.html,latestly.com,other,office-holder,1,ministries-f
https://www.lbsnaa.gov.in,lbsnaa.gov.in,official,official website,1,ministries-b3
https://www.manoramayearbook.in/current-affairs/india/2026/08/18/anurag-jain-niti-aayog-ceo.html,manoramayearbook.in,other,office-holder,1,core-apex
https://www.mazagondock.in,mazagondock.in,other,official website,1,ministries-b2
https://www.mdoner.gov.in/,mdoner.gov.in,official,entity facts,1,ministries-g
https://www.mea.gov.in,mea.gov.in,official,official website,1,ministries-b3
https://www.mea.gov.in/fs,mea.gov.in,official,office-holder,1,ministries-b3
https://www.meity.gov.in,meity.gov.in,official,official website,1,ministries-g
https://www.midhani.com,midhani.com,other,official website,1,ministries-b2
https://www.millenniumpost.in/big-stories/reshuffle-chanchal-kumar-appointed-ib-secretary-654196,millenniumpost.in,other,office-holder,1,ministries-g
https://www.moes.gov.in,moes.gov.in,official,official website,1,ministries-g
https://www.mohfw.gov.in/?q=en%2Fwhoswho-19,mohfw.gov.in,official,office-holder,1,ministries-f
https://www.moneycontrol.com/technology/indian-government-to-roll-out-ai-based-growth-monitoring-of-children-to-track-malnutrition-anil-malik-secretary-women-and-child-development-article-13831539.html,moneycontrol.com,other,office-holder,1,ministries-f
https://www.msn.com/en-in/news/India/dr-srivatsa-krishna-appointed-secretary-ministry-of-tourism/ar-AA1R2IKM,msn.com,other,office-holder,1,ministries-f
https://www.mygov.in,mygov.in,other,official website,1,ministries-g
https://www.nabard.org,nabard.org,other,official website,1,regulators
https://www.nafed-india.com,nafed-india.com,other,official website,1,ministries-e
https://www.nafed-india.com/chairman-nafed,nafed-india.com,other,entity facts,1,ministries-e
https://www.ncmrwf.gov.in,ncmrwf.gov.in,official,official website,1,ministries-g
https://www.nda.nic.in,nda.nic.in,official,official website,1,ministries-b2
https://www.ndmc.gov.in,ndmc.gov.in,official,official website,1,states-dl-jk-la
https://www.ndrf.gov.in,ndrf.gov.in,official,official website,1,ministries-b1
https://www.ndrf.gov.in/en/about-director-general-ndrf,ndrf.gov.in,official,entity facts,1,ministries-b1
https://www.ndtv.com,ndtv.com,press / analysis,office-holder,1,judiciary-high-courts
https://www.ndtv.com/india-news/bjp-sweeps-chandigarh-mayoral-polls-saurabh-joshi-elected-new-mayor,ndtv.com,press / analysis,office-holder,1,states-pb-hr-ch-r2
https://www.newindia.co.in,newindia.co.in,other,official website,1,ministries-a
https://www.newindianexpress.com,newindianexpress.com,press / analysis,office-holder,1,judiciary-high-courts
https://www.newsonair.gov.in/govt-extends-tenure-of-foreign-secretary-vikram-misri-till-july-2026/,newsonair.gov.in,official,office-holder,1,ministries-b3
https://www.newsonair.gov.in/indias-steel-consumption-doubles-to-152-mt-in-a-decade-secretary-of-the-ministry-of-steel,newsonair.gov.in,official,office-holder,1,ministries-d
https://www.nfdcindia.com,nfdcindia.com,other,official website,1,ministries-g
https://www.nfl.india.com,nfl.india.com,other,official website,1,ministries-e
https://www.nhb.org.in,nhb.org.in,other,official website,1,regulators
https://www.nia.gov.in,nia.gov.in,official,official website,1,ministries-b1
https://www.nic.gov.in,nic.gov.in,official,official website,1,ministries-g
https://www.nielit.gov.in,nielit.gov.in,official,official website,1,ministries-g
https://www.nios.ac.in,nios.ac.in,other,official website,1,ministries-f
https://www.niti.gov.in,niti.gov.in,official,official website,1,core-apex
https://www.niti.gov.in/about-us/whos-who/leadership/ceo-niti-aayog,niti.gov.in,official,office-holder,1,core-apex
https://www.nixi.in,nixi.in,other,official website,1,ministries-g
https://www.northblocksouthblock.com/ranjana-chopra-given-additional-charge-of-women-and-child-development-secretary/,northblocksouthblock.com,other,office-holder,1,ministries-f
https://www.npci.org.in,npci.org.in,other,official website,1,regulators
https://www.nrl.co.in,nrl.co.in,other,official website,1,ministries-d
https://www.nsdcindia.org,nsdcindia.org,other,official website,1,ministries-f
https://www.oil-india.com/our-leadership,oil-india.com,other,office-holder,1,ministries-d
https://www.outlookbusiness.com/news/power-ministry-sends-draft-nep-2026-to-cabinet-secy-pankaj-agarwal,outlookbusiness.com,other,office-holder,1,ministries-d
https://www.pcra.org,pcra.org,other,official website,1,ministries-d
https://www.pfrda.org.in,pfrda.org.in,other,official website,1,regulators
https://www.pib.gov.in/PressReleaseIframePage.aspx?PRID=2025056,pib.gov.in,official,entity facts,1,ministries-a
https://www.pib.gov.in/PressReleasePage.aspx?PRID=1860557&reg=48&lang=2,pib.gov.in,official,office-holder,1,ministries-b2
https://www.pib.gov.in/PressReleasePage.aspx?PRID=2060477&reg=48&lang=2,pib.gov.in,official,office-holder,1,ministries-b2
https://www.pib.gov.in/PressReleasePage.aspx?PRID=2123110&reg=48&lang=2,pib.gov.in,official,office-holder,1,ministries-e
https://www.pib.gov.in/PressReleasePage.aspx?PRID=2165353&reg=48&lang=2,pib.gov.in,official,office-holder,1,core-apex
https://www.pib.gov.in/PressReleasePage.aspx?PRID=2208051&reg=3&lang=1,pib.gov.in,official,entity facts,1,ministries-g
https://www.pib.gov.in/PressReleasePage.aspx?PRID=2216176&reg=3&lang=1,pib.gov.in,official,office-holder,1,ministries-e
https://www.pib.gov.in/PressReleasePage.aspx?PRID=2249792&reg=3&lang=1,pib.gov.in,official,office-holder,1,ministries-e
https://www.pib.gov.in/PressReleasePage.aspx?PRID=2250578&reg=3&lang=2,pib.gov.in,official,office-holder,1,ministries-f
https://www.pib.gov.in/PressReleasePage.aspx?PRID=2257224&reg=3&lang=1,pib.gov.in,official,office-holder,1,ministries-a
https://www.pib.gov.in/PressReleasePage.aspx?PRID=2259242&reg=3&lang=1,pib.gov.in,official,office-holder,1,ministries-b2
https://www.pib.gov.in/PressReleasePage.aspx?PRID=2267227&reg=3&lang=1,pib.gov.in,official,office-holder,1,ministries-b2
https://www.pib.gov.in/PressReleasePage.aspx?PRID=2279326&reg=3&lang=1,pib.gov.in,official,office-holder,1,ministries-b2
https://www.pib.gov.in/PressReleasePage.aspx?PRID=2301376&lang=2&reg=48,pib.gov.in,official,correction,1,2026-09-25-official-rosters.json
https://www.pib.gov.in/PressReleasePage.aspx?PRID=2306068&lang=2&reg=48,pib.gov.in,official,correction,1,2026-09-25-official-rosters.json
https://www.pib.gov.in/Pressreleaseshare.aspx?PRID=1793311&reg=48&lang=2,pib.gov.in,official,office-holder,1,ministries-a
https://www.pib.gov.in/PressReleseDetailm.aspx?PRID=2248313&reg=48&lang=2,pib.gov.in,official,office-holder,1,ministries-g
https://www.pmindia.gov.in,pmindia.gov.in,official,official website,1,core-apex
https://www.pmindia.gov.in/en/list-of-officers-pmo/,pmindia.gov.in,official,correction,1,2026-09-25-official-rosters.json
https://www.pnbindia.in,pnbindia.in,other,official website,1,ministries-a
https://www.pngrb.gov.in,pngrb.gov.in,official,official website,1,regulators
https://www.pngrb.gov.in/,pngrb.gov.in,official,entity facts,1,regulators
https://www.ppsc.gov.in,ppsc.gov.in,official,official website,1,states-pb-hr-ch-r2
https://www.presidentofindia.gov.in/press_releases/press-communique-32,presidentofindia.gov.in,official,correction,1,2026-09-25-official-rosters.json
https://www.prokerala.com/news/articles/a1798395.html,prokerala.com,other,office-holder,1,ministries-f
https://www.psa.gov.in,psa.gov.in,official,official website,1,core-apex
https://www.psuwatch.com,psuwatch.com,other,office-holder,1,ministries-d
https://www.rbi.org.in,rbi.org.in,official,official website,1,regulators
https://www.rbi.org.in/Scripts/BS_PressReleaseDisplay.aspx,rbi.org.in,official,official website,1,regulators
https://www.rediff.com/news/commentary/2026/jun/21/ayush-secretary-gets-fifth-extension-till-june-28-next-year/67876f2e0277bc71673e27cc32c6bf52,rediff.com,other,office-holder,1,ministries-f
https://www.ris.org.in,ris.org.in,other,official website,1,ministries-b3
https://www.sanskritiias.com/current-affairs/tca-kalyani-takes-over-as-controller-general-of-accounts-cga,sanskritiias.com,other,office-holder,1,ministries-a
https://www.sarkaritel.com/government-appointments-india-2026-new-appointment/,sarkaritel.com,other,office-holder,1,ministries-a
https://www.sarkaritel.com/ministry-of-earth-sciences/,sarkaritel.com,other,office-holder,1,ministries-g
https://www.scconline.com/blog/post/2026/07/25/dharmendra-pradhan-resignation-education-ministry-pralhad-joshi-2026/,scconline.com,press / analysis,office-holder,1,ministries-f
https://www.sci.gov.in,sci.gov.in,official,official website,1,judiciary-supreme-court
https://www.sci.gov.in/collegium-resolutions/,sci.gov.in,official,relationship,1,judiciary-supreme-court
https://www.sci.gov.in/justice-a-s-chandurkar/,sci.gov.in,official,office-holder,1,judiciary-supreme-court
https://www.sci.gov.in/justice-ahsanuddin-amanullah/,sci.gov.in,official,office-holder,1,judiciary-supreme-court
https://www.sci.gov.in/justice-alok-aradhe/,sci.gov.in,official,office-holder,1,judiciary-supreme-court
https://www.sci.gov.in/justice-aravind-kumar/,sci.gov.in,official,office-holder,1,judiciary-supreme-court
https://www.sci.gov.in/justice-arun-palli/,sci.gov.in,official,office-holder,1,judiciary-supreme-court
https://www.sci.gov.in/justice-augustine-george-masih/,sci.gov.in,official,office-holder,1,judiciary-supreme-court
https://www.sci.gov.in/justice-b-v-nagarathna/,sci.gov.in,official,office-holder,1,judiciary-supreme-court
https://www.sci.gov.in/justice-dipankar-datta/,sci.gov.in,official,office-holder,1,judiciary-supreme-court
https://www.sci.gov.in/justice-j-b-pardiwala/,sci.gov.in,official,office-holder,1,judiciary-supreme-court
https://www.sci.gov.in/justice-joymalya-bagchi/,sci.gov.in,official,office-holder,1,judiciary-supreme-court
https://www.sci.gov.in/justice-k-v-viswanathan/,sci.gov.in,official,office-holder,1,judiciary-supreme-court
https://www.sci.gov.in/justice-k-vinod-chandran/,sci.gov.in,official,office-holder,1,judiciary-supreme-court
https://www.sci.gov.in/justice-m-m-sundresh/,sci.gov.in,official,office-holder,1,judiciary-supreme-court
https://www.sci.gov.in/justice-manmohan/,sci.gov.in,official,office-holder,1,judiciary-supreme-court
https://www.sci.gov.in/justice-manoj-misra/,sci.gov.in,official,office-holder,1,judiciary-supreme-court
https://www.sci.gov.in/justice-n-kotiswar-singh/,sci.gov.in,official,office-holder,1,judiciary-supreme-court
https://www.sci.gov.in/justice-n-v-anjaria/,sci.gov.in,official,office-holder,1,judiciary-supreme-court
https://www.sci.gov.in/justice-pamidighantam-sri-narasimha/,sci.gov.in,official,office-holder,1,judiciary-supreme-court
https://www.sci.gov.in/justice-prasanna-bhalachandra-varale/,sci.gov.in,official,office-holder,1,judiciary-supreme-court
https://www.sci.gov.in/justice-prashant-kumar-mishra/,sci.gov.in,official,office-holder,1,judiciary-supreme-court
https://www.sci.gov.in/justice-r-mahadevan/,sci.gov.in,official,office-holder,1,judiciary-supreme-court
https://www.sci.gov.in/justice-sandeep-mehta/,sci.gov.in,official,office-holder,1,judiciary-supreme-court
https://www.sci.gov.in/justice-sanjay-kumar/,sci.gov.in,official,office-holder,1,judiciary-supreme-court
https://www.sci.gov.in/justice-sanjeev-sachdeva/,sci.gov.in,official,office-holder,1,judiciary-supreme-court
https://www.sci.gov.in/justice-sarasa-venkatanarayana-bhatti/,sci.gov.in,official,office-holder,1,judiciary-supreme-court
https://www.sci.gov.in/justice-satish-chandra-sharma/,sci.gov.in,official,office-holder,1,judiciary-supreme-court
https://www.sci.gov.in/justice-sheel-nagu/,sci.gov.in,official,office-holder,1,judiciary-supreme-court
https://www.sci.gov.in/justice-shree-chandrashekhar/,sci.gov.in,official,office-holder,1,judiciary-supreme-court
https://www.sci.gov.in/justice-ujjal-bhuyan/,sci.gov.in,official,office-holder,1,judiciary-supreme-court
https://www.sci.gov.in/justice-v-mohana/,sci.gov.in,official,office-holder,1,judiciary-supreme-court
https://www.sci.gov.in/justice-vijay-bishnoi/,sci.gov.in,official,office-holder,1,judiciary-supreme-court
https://www.sci.gov.in/justice-vikram-nath/,sci.gov.in,official,office-holder,1,judiciary-supreme-court
https://www.sci.gov.in/justice-vipul-manubhai-pancholi/,sci.gov.in,official,office-holder,1,judiciary-supreme-court
https://www.sebi.gov.in,sebi.gov.in,official,official website,1,regulators
https://www.seci.co.in/directors/shri-santosh-kumar-sarangi-secretary-mnre,seci.co.in,other,office-holder,1,ministries-d
https://www.seci.co.in/uploads/reports/pdf_en_68f8831ea54d9.pdf,seci.co.in,other,office-holder,1,ministries-d
https://www.serb.gov.in,serb.gov.in,official,official website,1,ministries-g
https://www.sidbi.in,sidbi.in,other,official website,1,regulators
https://www.socialnews.xyz/2026/05/01/shivraj-chouhan-launches-pmgsy-iv-in-odisha-push-for-rural-road-connectivity,socialnews.xyz,other,entity facts,1,ministries-e
https://www.stqc.gov.in,stqc.gov.in,official,official website,1,ministries-g
https://www.tec.gov.in,tec.gov.in,official,official website,1,ministries-c
https://www.telangana.gov.in/departments/agriculture-and-co-operation/,telangana.gov.in,official,official website,1,state-depts-ka-ap-tg
https://www.telangana.gov.in/departments/animal-husbandry-and-fisheries/,telangana.gov.in,official,official website,1,state-depts-ka-ap-tg
https://www.telangana.gov.in/departments/archaeology/,telangana.gov.in,official,official website,1,state-depts-ka-ap-tg
https://www.telangana.gov.in/departments/backward-classes-welfare/,telangana.gov.in,official,official website,1,state-depts-ka-ap-tg
https://www.telangana.gov.in/departments/cinematography/,telangana.gov.in,official,official website,1,state-depts-ka-ap-tg
https://www.telangana.gov.in/departments/consumer-affairs-food-civil-supplies/,telangana.gov.in,official,official website,1,state-depts-ka-ap-tg
https://www.telangana.gov.in/departments/energy/,telangana.gov.in,official,official website,1,state-depts-ka-ap-tg
https://www.telangana.gov.in/departments/environment-forests/,telangana.gov.in,official,official website,1,state-depts-ka-ap-tg
https://www.telangana.gov.in/departments/general-administration-political/,telangana.gov.in,official,official website,1,state-depts-ka-ap-tg
https://www.telangana.gov.in/departments/handlooms-textiles/,telangana.gov.in,official,official website,1,state-depts-ka-ap-tg
https://www.telangana.gov.in/departments/health-medical-family-welfare-science-technology/,telangana.gov.in,official,official website,1,state-depts-ka-ap-tg
https://www.telangana.gov.in/departments/higher-education/,telangana.gov.in,official,official website,1,state-depts-ka-ap-tg
https://www.telangana.gov.in/departments/housing/,telangana.gov.in,official,official website,1,state-depts-ka-ap-tg
https://www.telangana.gov.in/departments/industries-and-commerce/,telangana.gov.in,official,official website,1,state-depts-ka-ap-tg
https://www.telangana.gov.in/departments/information-and-public-relations/,telangana.gov.in,official,official website,1,state-depts-ka-ap-tg
https://www.telangana.gov.in/departments/information-technology-electronics-and-communications/,telangana.gov.in,official,official website,1,state-depts-ka-ap-tg
https://www.telangana.gov.in/departments/irrigation-and-cad/,telangana.gov.in,official,official website,1,state-depts-ka-ap-tg
https://www.telangana.gov.in/departments/labour-employment-training-and-factories/,telangana.gov.in,official,official website,1,state-depts-ka-ap-tg
https://www.telangana.gov.in/departments/law/,telangana.gov.in,official,official website,1,state-depts-ka-ap-tg
https://www.telangana.gov.in/departments/legislative-affairs/,telangana.gov.in,official,official website,1,state-depts-ka-ap-tg
https://www.telangana.gov.in/departments/mines-geology/,telangana.gov.in,official,official website,1,state-depts-ka-ap-tg
https://www.telangana.gov.in/departments/minorities-welfare/,telangana.gov.in,official,official website,1,state-depts-ka-ap-tg
https://www.telangana.gov.in/departments/municipal-administration-urban-development/,telangana.gov.in,official,official website,1,state-depts-ka-ap-tg
https://www.telangana.gov.in/departments/panchayat-raj-and-rural-development/,telangana.gov.in,official,official website,1,state-depts-ka-ap-tg
https://www.telangana.gov.in/departments/planning/,telangana.gov.in,official,official website,1,state-depts-ka-ap-tg
https://www.telangana.gov.in/departments/public-enterprises/,telangana.gov.in,official,official website,1,state-depts-ka-ap-tg
https://www.telangana.gov.in/departments/revenue-commercial-taxes/,telangana.gov.in,official,official website,1,state-depts-ka-ap-tg
https://www.telangana.gov.in/departments/revenue-prohibition-excise/,telangana.gov.in,official,official website,1,state-depts-ka-ap-tg
https://www.telangana.gov.in/departments/revenue-registration-and-stamps/,telangana.gov.in,official,official website,1,state-depts-ka-ap-tg
https://www.telangana.gov.in/departments/roads-and-buildings/,telangana.gov.in,official,official website,1,state-depts-ka-ap-tg
https://www.telangana.gov.in/departments/school-education-se-wing/,telangana.gov.in,official,official website,1,state-depts-ka-ap-tg
https://www.telangana.gov.in/departments/social-welfare/,telangana.gov.in,official,official website,1,state-depts-ka-ap-tg
https://www.telangana.gov.in/departments/sports-and-youth-services/,telangana.gov.in,official,official website,1,state-depts-ka-ap-tg
https://www.telangana.gov.in/departments/transport/,telangana.gov.in,official,official website,1,state-depts-ka-ap-tg
https://www.telangana.gov.in/departments/tribal-welfare/,telangana.gov.in,official,official website,1,state-depts-ka-ap-tg
https://www.telangana.gov.in/departments/women-and-child-development/,telangana.gov.in,official,official website,1,state-depts-ka-ap-tg
https://www.telangana.gov.in/departments/youth-advancement/,telangana.gov.in,official,official website,1,state-depts-ka-ap-tg
https://www.thehindu.com/,thehindu.com,press / analysis,office-holder,1,ministries-b1
https://www.thehindu.com/news/national/feeder/default.rss,thehindu.com,press / analysis,live news feed,1,live
https://www.thehindu.com/news/national/other-states/bjp-sweeps-mayoral-posts-in-chandigarh-municipal-corporation/article69432000.ece,thehindu.com,press / analysis,office-holder,1,states-pb-hr-ch-r2
https://www.thestatesman.com/cities/chandigarh/senior-bjp-leader-takes-up-general-employees-issues-with-chandigarh-mc-commissioner,thestatesman.com,other,office-holder,1,states-pb-hr-ch-r2
https://www.thetribunechd.com/news/haryana/bribery-thriving-with-connivance-of-police-agencies-says-haryana-lokayukta,thetribunechd.com,other,office-holder,1,states-pb-hr-ch-r2
https://www.tndindia.com/tyagi-new-cmd-of-power-grid-corporation-of-india/,tndindia.com,other,office-holder,1,ministries-d
https://www.trai.gov.in,trai.gov.in,official,official website,1,regulators
https://www.travelandtourworld.com/news/article/india-appoints-dr-srivatsa-krishna-as-new-secretary-of-tourism-a-transformative-step-for-the-nations-travel-and-tourism-sector/,travelandtourworld.com,other,office-holder,1,ministries-g
https://www.tribuneindia.com/news/budget-2026/budget-2026-stresses-whole-of-country-industrial-strategy-expenditure-secretary,tribuneindia.com,press / analysis,office-holder,1,ministries-a
https://www.tropmet.res.in,tropmet.res.in,other,official website,1,ministries-g
https://www.ucobank.com,ucobank.com,other,official website,1,ministries-a
https://www.ugc.gov.in,ugc.gov.in,official,official website,1,ministries-f
https://www.unionbankofindia.co.in,unionbankofindia.co.in,other,official website,1,ministries-a
https://www.vidhansabha.punjab.gov.in,vidhansabha.punjab.gov.in,official,official website,1,states-pb-hr-ch-r2
https://x.com/PIB_India/status/2039656739541483631,x.com,other,office-holder,1,ministries-g
https://yas.gov.in,yas.gov.in,official,official website,1,ministries-g
https://yil.co.in,yil.co.in,other,official website,1,ministries-b2
https://zsi.gov.in,zsi.gov.in,official,official website,1,ministries-g
